<?xml version="1.0" encoding="UTF-8"?>
<beans xmlns="http://www.springframework.org/schema/beans"
     xmlns:xsi="http://www.w3.org/2001/XMLSchema-instance"
     xmlns:context="http://www.springframework.org/schema/context"
     xmlns:jee="http://www.springframework.org/schema/jee"
     xsi:schemaLocation="http://www.springframework.org/schema/beans http://www.springframework.org/schema/beans/spring-beans-2.5.xsd
         http://www.springframework.org/schema/context http://www.springframework.org/schema/context/spring-context.xsd
         http://www.springframework.org/schema/jee http://www.springframework.org/schema/jee/spring-jee-2.5.xsd" default-lazy-init="true">

	<jee:jndi-lookup id="proceso.bdsigadLectura"    jndi-name="jdbc/dcbdsigad" />
	<jee:jndi-lookup id="proceso.bdsigadEscritura"  jndi-name="jdbc/dgbdsigad" />
	
	<bean id="proceso.configlocation" class="java.lang.String" >
		<constructor-arg value="classpath:sql-map-config-proceso.xml"/>
	</bean>
	
	<bean id="proceso.sqlMapClientLectura" class="org.springframework.orm.ibatis.SqlMapClientFactoryBean">
		<property name="configLocation" ref="proceso.configlocation" />
		<property name="dataSource" ref="proceso.bdsigadLectura" />
	</bean>
	
	<bean id="proceso.sqlMapClientEscritura" class="org.springframework.orm.ibatis.SqlMapClientFactoryBean">
		<property name="configLocation" ref="proceso.configlocation" />
		<property name="dataSource" ref="proceso.bdsigadEscritura" />
	</bean>

	<bean id="proceso.bdsigadLecturaBaseDAO" abstract="true">
		<property name="sqlMapClient" ref="proceso.sqlMapClientLectura"/>
		<property name="dataSource" ref="proceso.bdsigadLectura"/>
 	</bean>

 	<bean id="proceso.bdsigadEscrituraBaseDAO" abstract="true">
		<property name="sqlMapClient" ref="proceso.sqlMapClientEscritura"/>
		<property name="dataSource" ref="proceso.bdsigadEscritura"/>
 	</bean>

	<!-- Definicion de los DAOS -->
 	<bean id="proceso.demoEntidadDAOLectura" class="pe.gob.sunat.megaproceso2.macroproceso.proceso.model.dao.ibatis.SqlMapDemoEntidadDAO" parent="proceso.bdsigadLecturaBaseDAO"/>
 	<bean id="proceso.demoEntidadDAOEscritura" class="pe.gob.sunat.megaproceso2.macroproceso.proceso.model.dao.ibatis.SqlMapDemoEntidadDAO" parent="proceso.bdsigadEscrituraBaseDAO"/>
 	<bean id="proceso.empleadodao" class="pe.gob.sunat.megaproceso2.macroproceso.proceso.model.dao.ibatis.SqlMapEmpleadoDAO"/>


	<jee:jndi-lookup id="sequence.dxdaen.000" jndi-name="jdbc/dxprad1daen" resource-ref="true" cache="true"/>
	<jee:jndi-lookup id="sequence.dxdaen.019" jndi-name="jdbc/dxprtu1daen" resource-ref="true" cache="true"/>
	<jee:jndi-lookup id="sequence.dxdaen.028" jndi-name="jdbc/dxprtl1daen" resource-ref="true" cache="true"/>

  
	<!-- ======================== SqlMap setup for iBATIS Database Layer =============== -->
	<bean id="sequence.sqlMapClient.000" class="org.springframework.orm.ibatis.SqlMapClientFactoryBean" >
		<property name="configLocation" value="classpath:/framework-sql-map-config-bdseq.xml" /> 
		<property name="dataSource" ref="sequence.dxdaen.000" /> 
	</bean>

	<bean id="sequence.sqlMapClient.019" class="org.springframework.orm.ibatis.SqlMapClientFactoryBean">
		<property name="configLocation" value="classpath:/framework-sql-map-config-bdseq.xml" /> 
		<property name="dataSource" ref="sequence.dxdaen.019" /> 
	</bean>

	<bean id="sequence.sqlMapClient.028" class="org.springframework.orm.ibatis.SqlMapClientFactoryBean">
		<property name="configLocation" value="classpath:/framework-sql-map-config-bdseq.xml" /> 
		<property name="dataSource" ref="sequence.dxdaen.028" /> 
	</bean>


	<bean id="sequence.daoBase.000" class="pe.gob.sunat.framework.spring.util.dao.SqlMapDAOBase">
		<property name="sqlMapClient" ref="sequence.sqlMapClient.000" /> 
	</bean>


	<bean id="sequence.daoBase.019" class="pe.gob.sunat.framework.spring.util.dao.SqlMapDAOBase">
		<property name="sqlMapClient" ref="sequence.sqlMapClient.019" /> 
	</bean>

	<bean id="sequence.daoBase.028" class="pe.gob.sunat.framework.spring.util.dao.SqlMapDAOBase">
		<property name="sqlMapClient" ref="sequence.sqlMapClient.028" /> 
	</bean>

	<bean id="sequenceDAODefDxdaen.000" class="pe.gob.sunat.framework.spring.util.dao.ibatis.SqlMapSequenceDAO" parent="sequence.daoBase.000" />
	<bean id="sequenceDAODefDxdaen.019" class="pe.gob.sunat.framework.spring.util.dao.ibatis.SqlMapSequenceDAO" parent="sequence.daoBase.019" />
	<bean id="sequenceDAODefDxdaen.028" class="pe.gob.sunat.framework.spring.util.dao.ibatis.SqlMapSequenceDAO" parent="sequence.daoBase.028" />
 	
</beans>
