<?xml version="1.0" encoding="UTF-8"?>
<beans xmlns="http://www.springframework.org/schema/beans"
     xmlns:xsi="http://www.w3.org/2001/XMLSchema-instance"
     xmlns:context="http://www.springframework.org/schema/context"
     xmlns:jee="http://www.springframework.org/schema/jee"
     xsi:schemaLocation="http://www.springframework.org/schema/beans http://www.springframework.org/schema/beans/spring-beans-2.5.xsd
         http://www.springframework.org/schema/context http://www.springframework.org/schema/context/spring-context.xsd
         http://www.springframework.org/schema/jee http://www.springframework.org/schema/jee/spring-jee-2.5.xsd" default-lazy-init="true">

	<jee:jndi-lookup id="seleccion.SP" jndi-name="jdbc/dgsp" />
	<jee:jndi-lookup id="seleccion.bdusupos" jndi-name="jdbc/dgbdusupos" />
	<jee:jndi-lookup id="seleccion.Recauda" jndi-name="jdbc/dcrecauda0j" />
	
	<bean id="seleccion.configlocation" class="java.lang.String" >
		<constructor-arg value="classpath:sql-map-config-seleccion.xml"/>
	</bean>
	
	<bean id="seleccion.configlocationBdusupos" class="java.lang.String" >
		<constructor-arg value="classpath:sql-map-config-bdusupos.xml"/>
	</bean>
	
	<bean id="bdusupos.sqlMapClient" class="org.springframework.orm.ibatis.SqlMapClientFactoryBean">
		<property name="configLocation" ref="seleccion.configlocationBdusupos" />
		<property name="dataSource" ref="seleccion.bdusupos" />
	</bean>
	
	<bean id="seleccion.sqlMapClient" class="org.springframework.orm.ibatis.SqlMapClientFactoryBean">
		<property name="configLocation" ref="seleccion.configlocation" />
		<property name="dataSource" ref="seleccion.SP" />
	</bean>
	
	<bean id="recauda.sqlMapClient" class="org.springframework.orm.ibatis.SqlMapClientFactoryBean">
		<property name="configLocation" value="classpath:sql-map-config-recauda.xml" />
		<property name="dataSource" ref="seleccion.Recauda" />
	</bean>
	
	
	<!-- Definicion de los DAOS -->
	<bean id="seleccion.bdusuposBaseDAO" abstract="true">
		<property name="sqlMapClient" ref="bdusupos.sqlMapClient"/>
		<property name="dataSource" ref="seleccion.bdusupos"/>
 	</bean>
	
	<bean id="seleccion.bdSPBaseDAO" abstract="true">
		<property name="sqlMapClient" ref="seleccion.sqlMapClient"/>
		<property name="dataSource" ref="seleccion.SP"/>
 	</bean>
 	
	
	<bean id="seleccion.bdRecaudaBaseDAO" abstract="true">
		<property name="sqlMapClient" ref="recauda.sqlMapClient"/>
		<property name="dataSource" ref="seleccion.Recauda"/>
 	</bean>
	
	<bean id="seleccion.paramContribuyenteDAO" class="pe.gob.sunat.recurso2.humano.seleccion.model.dao.ibatis.ParamContribuyenteDAOImpl" 
	    parent="seleccion.bdRecaudaBaseDAO"/>
	
	<bean id="seleccion.perNatDAO" class="pe.gob.sunat.servicio2.registro.model.dao.ibatis.SqlMapT733DAO" 
	    parent="seleccion.bdRecaudaBaseDAO"/>
	
	<bean id="seleccion.ddjjPostulacionDAO" class="pe.gob.sunat.recurso2.humano.seleccion.model.dao.ibatis.DdjjPostulacionDAOImpl" 
	    parent="seleccion.bdSPBaseDAO"/>
	
	<bean id="seleccion.fichaConocimientoDAO" class="pe.gob.sunat.recurso2.humano.seleccion.model.dao.ibatis.FichaConocimientoDAOImpl" 
	    parent="seleccion.bdSPBaseDAO"/>
	
	<bean id="seleccion.fichaDAO" class="pe.gob.sunat.recurso2.humano.seleccion.model.dao.ibatis.FichaDAOImpl" 
	    parent="seleccion.bdSPBaseDAO"/>
	
	<bean id="seleccion.fichaEducacionDAO" class="pe.gob.sunat.recurso2.humano.seleccion.model.dao.ibatis.FichaEducacionDAOImpl" 
	    parent="seleccion.bdSPBaseDAO"/>
 		
	<bean id="seleccion.fichaEspecialidadDAO" class="pe.gob.sunat.recurso2.humano.seleccion.model.dao.ibatis.FichaEspecialidadDAOImpl" 
	    parent="seleccion.bdSPBaseDAO"/>
	
	<bean id="seleccion.fichaExperienciaDAO" class="pe.gob.sunat.recurso2.humano.seleccion.model.dao.ibatis.FichaExperienciaDAOImpl" 
	    parent="seleccion.bdSPBaseDAO"/>
	
	<bean id="seleccion.fichaIdiomaDAO" class="pe.gob.sunat.recurso2.humano.seleccion.model.dao.ibatis.FichaIdiomaDAOImpl" 
	    parent="seleccion.bdSPBaseDAO"/>
	
	<bean id="seleccion.fichaPostulacionDAO" class="pe.gob.sunat.recurso2.humano.seleccion.model.dao.ibatis.FichaPostulacionDAOImpl" 
	    parent="seleccion.bdSPBaseDAO"/>
	
	<bean id="seleccion.fichaPostulacionExperienciaDAO" class="pe.gob.sunat.recurso2.humano.seleccion.model.dao.ibatis.FichaPostulacionExperienciaDAOImpl" 
	    parent="seleccion.bdSPBaseDAO"/>
	
	<bean id="seleccion.fichaPostulacionIdiomaDAO" class="pe.gob.sunat.recurso2.humano.seleccion.model.dao.ibatis.FichaPostulacionIdiomaDAOImpl" 
	    parent="seleccion.bdSPBaseDAO"/>
	
	<bean id="seleccion.postulacionDAO" class="pe.gob.sunat.recurso2.humano.seleccion.model.dao.ibatis.PostulacionDAOImpl" 
	    parent="seleccion.bdSPBaseDAO"/>
	
	<bean id="seleccion.procesoPostulacionDAO" class="pe.gob.sunat.recurso2.humano.seleccion.model.dao.ibatis.ProcesoPostulacionDAOImpl" 
	    parent="seleccion.bdSPBaseDAO"/>

	<bean id="seleccion.puestoDAO" class="pe.gob.sunat.recurso2.humano.seleccion.model.dao.ibatis.PuestoDAOImpl" 
	    parent="seleccion.bdSPBaseDAO"/>
	
	<bean id="seleccion.usuarioDAO" class="pe.gob.sunat.recurso2.humano.seleccion.model.dao.ibatis.UsuarioDAOImpl" 
	    parent="seleccion.bdusuposBaseDAO"/>
	
	<bean id="seleccion.paramRrhhDAO" class="pe.gob.sunat.recurso2.humano.seleccion.model.dao.ibatis.ParamRrhhDAOImpl" 
	    parent="seleccion.bdSPBaseDAO"/>
	
	<bean id="seleccion.codigosRrhhDAO" class="pe.gob.sunat.recurso2.humano.seleccion.model.dao.ibatis.CodigosRrhhDAOImpl" 
	    parent="seleccion.bdSPBaseDAO"/>
	
	<bean id="seleccion.parametroDAO" class="pe.gob.sunat.recurso2.humano.seleccion.model.dao.ibatis.ParametroDAOImpl" 
	    parent="seleccion.bdSPBaseDAO"/>
	
	<bean id="seleccion.fichaPostulacionEducacionDAO" class="pe.gob.sunat.recurso2.humano.seleccion.model.dao.ibatis.FichaPostulacionEducacionDAOImpl" 
	    parent="seleccion.bdSPBaseDAO"/>
	
	<bean id="seleccion.seguimientoDAO" class="pe.gob.sunat.recurso2.humano.seleccion.model.dao.ibatis.SeguimientoDAOImpl" 
	    parent="seleccion.bdSPBaseDAO"/>
	
	<!-- histórico-->
	<bean id="seleccion.fichaHistoricoDAO" class="pe.gob.sunat.recurso2.humano.seleccion.model.dao.ibatis.FichaHistoricoDAOImpl" parent="seleccion.bdSPBaseDAO"/>
	<bean id="seleccion.fichaEducacionHistoricoDAO" class="pe.gob.sunat.recurso2.humano.seleccion.model.dao.ibatis.FichaEducacionHistoricoDAOImpl" parent="seleccion.bdSPBaseDAO"/>
	<bean id="seleccion.fichaEspecialidadHistoricoDAO" class="pe.gob.sunat.recurso2.humano.seleccion.model.dao.ibatis.FichaEspecialidadHistoricoDAOImpl" parent="seleccion.bdSPBaseDAO"/>
	<bean id="seleccion.fichaConocimientoHistoricoDAO" class="pe.gob.sunat.recurso2.humano.seleccion.model.dao.ibatis.FichaConocimientoHistoricoDAOImpl" parent="seleccion.bdSPBaseDAO"/>
	<bean id="seleccion.fichaExperienciaHistoricoDAO" class="pe.gob.sunat.recurso2.humano.seleccion.model.dao.ibatis.FichaExperienciaHistoricoDAOImpl" parent="seleccion.bdSPBaseDAO"/>
	<!-- archivo blob -->
	<bean id="seleccion.archivoPostulacionDAO" class="pe.gob.sunat.recurso2.humano.seleccion.model.dao.ibatis.ArchivoPostulacionDAOImpl" parent="seleccion.bdSPBaseDAO"/>
	<bean id="seleccion.perfilDAO" class="pe.gob.sunat.recurso2.humano.seleccion.model.dao.ibatis.PerfilDAOImpl" parent="seleccion.bdSPBaseDAO"/>
	<bean id="seleccion.seccionEvaluacionDAO" class="pe.gob.sunat.recurso2.humano.seleccion.model.dao.ibatis.SeccionEvaluacionDAOImpl" parent="seleccion.bdSPBaseDAO"/>
	
	<bean id="seleccion.derivacionDAO" class="pe.gob.sunat.recurso2.humano.seleccion.model.dao.ibatis.DerivacionDAOImpl" parent="seleccion.bdSPBaseDAO"/>
	<bean id="seleccion.revisionDAO" class="pe.gob.sunat.recurso2.humano.seleccion.model.dao.ibatis.RevisionDAOImpl" parent="seleccion.bdSPBaseDAO"/>
	<bean id="seleccion.revisionDocumentoDAO" class="pe.gob.sunat.recurso2.humano.seleccion.model.dao.ibatis.RevisionDocumentoDAOImpl" parent="seleccion.bdSPBaseDAO"/>
	<bean id="seleccion.empleadoDAO" class="pe.gob.sunat.recurso2.humano.seleccion.model.dao.ibatis.EmpleadoDAOImpl" parent="seleccion.bdSPBaseDAO"/>
	<bean id="seleccion.unidadOrganicaDAO" class="pe.gob.sunat.recurso2.humano.seleccion.model.dao.ibatis.UnidadOrganicaDAOImpl" parent="seleccion.bdSPBaseDAO"/>
	
	<bean id="seleccion.faseDAO" class="pe.gob.sunat.recurso2.humano.seleccion.model.dao.ibatis.FaseDAOImpl" parent="seleccion.bdSPBaseDAO"/>
	<bean id="seleccion.detalleFaseDAO" class="pe.gob.sunat.recurso2.humano.seleccion.model.dao.ibatis.DetalleFaseDAOImpl" parent="seleccion.bdSPBaseDAO"/>
	 	
</beans>
