<?xml version="1.0" encoding="UTF-8"?>

<!DOCTYPE sqlMapConfig PUBLIC "-//iBATIS.com//DTD SQL Map Config 2.0//EN" "http://www.ibatis.com/dtd/sql-map-config-2.dtd">

<sqlMapConfig>
	<settings cacheModelsEnabled="true" enhancementEnabled="true" useStatementNamespaces="true" maxSessions="64" maxTransactions="8" maxRequests="128" />

    <sqlMap resource="pe/gob/sunat/recurso2/humano/seleccion/model/dao/ibatis/maps/t1367fichapostulac_SqlMap.xml" />
    <sqlMap resource="pe/gob/sunat/recurso2/humano/seleccion/model/dao/ibatis/maps/t1368seleccion_cat_SqlMap.xml" />
    <sqlMap resource="pe/gob/sunat/recurso2/humano/seleccion/model/dao/ibatis/maps/t1662puesto_cat_SqlMap.xml" />
    <sqlMap resource="pe/gob/sunat/recurso2/humano/seleccion/model/dao/ibatis/maps/t1663sel_idioma_SqlMap.xml" />
    <sqlMap resource="pe/gob/sunat/recurso2/humano/seleccion/model/dao/ibatis/maps/t1664sel_expe_SqlMap.xml" />
    <sqlMap resource="pe/gob/sunat/recurso2/humano/seleccion/model/dao/ibatis/maps/t8234fichadatos_SqlMap.xml" />
    <sqlMap resource="pe/gob/sunat/recurso2/humano/seleccion/model/dao/ibatis/maps/t8235fichaeduca_SqlMap.xml" />
    <sqlMap resource="pe/gob/sunat/recurso2/humano/seleccion/model/dao/ibatis/maps/t8236fichaestuesp_SqlMap.xml" />
    <sqlMap resource="pe/gob/sunat/recurso2/humano/seleccion/model/dao/ibatis/maps/t8237fichacono_SqlMap.xml" />
    <sqlMap resource="pe/gob/sunat/recurso2/humano/seleccion/model/dao/ibatis/maps/t8238fichaidioma_SqlMap.xml" />
    <sqlMap resource="pe/gob/sunat/recurso2/humano/seleccion/model/dao/ibatis/maps/t8239fichaexplabor_SqlMap.xml" />
    <sqlMap resource="pe/gob/sunat/recurso2/humano/seleccion/model/dao/ibatis/maps/t8240postulacion_SqlMap.xml" />
    <sqlMap resource="pe/gob/sunat/recurso2/humano/seleccion/model/dao/ibatis/maps/t8241ddjjpostula_SqlMap.xml" />
    <sqlMap resource="pe/gob/sunat/recurso2/humano/seleccion/model/dao/ibatis/maps/t01paramsp_SqlMap.xml" />
    <sqlMap resource="pe/gob/sunat/recurso2/humano/seleccion/model/dao/ibatis/maps/t99codigos_SqlMap.xml" />
    <sqlMap resource="pe/gob/sunat/recurso2/humano/seleccion/model/dao/ibatis/maps/t5864parametro_SqlMap.xml" />
    <sqlMap resource="pe/gob/sunat/recurso2/humano/seleccion/model/dao/ibatis/maps/t1666sel_academ_SqlMap.xml" />
    <sqlMap resource="pe/gob/sunat/recurso2/humano/seleccion/model/dao/ibatis/maps/t8460seguimiento_SqlMap.xml" />
    
    <!-- histórico-->
    <sqlMap resource="pe/gob/sunat/recurso2/humano/seleccion/model/dao/ibatis/maps/t8334fichadatosh_SqlMap.xml" />
    <sqlMap resource="pe/gob/sunat/recurso2/humano/seleccion/model/dao/ibatis/maps/t8335fichaeducah_SqlMap.xml" />
    <sqlMap resource="pe/gob/sunat/recurso2/humano/seleccion/model/dao/ibatis/maps/t8336fichaestuesph_SqlMap.xml" />
    <sqlMap resource="pe/gob/sunat/recurso2/humano/seleccion/model/dao/ibatis/maps/t8337fichaconoh_SqlMap.xml" />
    <sqlMap resource="pe/gob/sunat/recurso2/humano/seleccion/model/dao/ibatis/maps/t8338fichaexplabh_SqlMap.xml" />
    <sqlMap resource="pe/gob/sunat/recurso2/humano/seleccion/model/dao/ibatis/maps/t8380arcpostula_SqlMap.xml" />
    <sqlMap resource="pe/gob/sunat/recurso2/humano/seleccion/model/dao/ibatis/maps/t9033perfilh_SqlMap.xml" />
    <sqlMap resource="pe/gob/sunat/recurso2/humano/seleccion/model/dao/ibatis/maps/t9379seccioneval_SqlMap.xml" />
    <sqlMap resource="pe/gob/sunat/recurso2/humano/seleccion/model/dao/ibatis/maps/t9392revderiva_SqlMap.xml" />
    <sqlMap resource="pe/gob/sunat/recurso2/humano/seleccion/model/dao/ibatis/maps/t9393revision_SqlMap.xml" />
    <sqlMap resource="pe/gob/sunat/recurso2/humano/seleccion/model/dao/ibatis/maps/t9394revisiondoc_SqlMap.xml" />
    <sqlMap resource="pe/gob/sunat/recurso2/humano/seleccion/model/dao/ibatis/maps/t02perdp_SqlMap.xml" />
    <sqlMap resource="pe/gob/sunat/recurso2/humano/seleccion/model/dao/ibatis/maps/t12uorga_SqlMap.xml" />
    <sqlMap resource="pe/gob/sunat/recurso2/humano/seleccion/model/dao/ibatis/maps/t9368fase_SqlMap.xml" />
    <sqlMap resource="pe/gob/sunat/recurso2/humano/seleccion/model/dao/ibatis/maps/t9369detallefase_SqlMap.xml" />
    
</sqlMapConfig>
