<beans xmlns="http://www.springframework.org/schema/beans"
     xmlns:xsi="http://www.w3.org/2001/XMLSchema-instance"
     xmlns:context="http://www.springframework.org/schema/context"
     xsi:schemaLocation="http://www.springframework.org/schema/beans
         http://www.springframework.org/schema/beans/spring-beans.xsd
         http://www.springframework.org/schema/context
         http://www.springframework.org/schema/context/spring-context.xsd">
    <!-- This bean is the parent ApplicationContext for the WebApplicationContexts defined in the WARs. 
         The context files listed here should contain beans that are used by all WARs, 
         for example Services and DAO's. -->
         
      <bean id="demoproceso.ear.context" class="org.springframework.context.support.ClassPathXmlApplicationContext">
        <constructor-arg>
            <list>
            	<!-- Carga el contexto del Sharedlib, agregar aqui xml de otros sharedlibs -->
            	<value>macroproceso-proceso-service.xml</value>
            	<!-- Carga el archivo de Contexto de este ear -->
                <value>megaproceso2-macroproceso-service.xml</value>                
            </list>
        </constructor-arg>
   	 </bean>

</beans>
