<beans xmlns="http://www.springframework.org/schema/beans"
 	 xmlns:cache="http://www.springframework.org/schema/cache"
     xmlns:xsi="http://www.w3.org/2001/XMLSchema-instance"
     xmlns:context="http://www.springframework.org/schema/context"
     xsi:schemaLocation="http://www.springframework.org/schema/beans
         http://www.springframework.org/schema/beans/spring-beans.xsd
         http://www.springframework.org/schema/context
         http://www.springframework.org/schema/context/spring-context.xsd
         http://www.springframework.org/schema/cache http://www.springframework.org/schema/cache/spring-cache.xsd">

<!-- Definicion del archivo de configuracion del log4j -->
	<bean id="log4jInitialization" class="org.springframework.beans.factory.config.MethodInvokingFactoryBean">
		<property name="targetClass"  value="org.springframework.util.Log4jConfigurer" />
	    <property name="targetMethod" value="initLogging" />
	    <property name="arguments">
	      <list>
	        <value>/logs/apps/config/megaproceso2-macroproceso-proceso-backend.config</value>
	      </list>
	    </property>
	</bean>

	<!-- Service Locator de Spring -->
	<bean id="proceso.fabricaDeServicios" name="proceso.fabricaDeServiciosOrquestador" class="org.springframework.beans.factory.config.ServiceLocatorFactoryBean" autowire="byName">
		<property name="serviceLocatorInterface" value="pe.gob.sunat.framework.spring.util.factory.FabricaDeServicios"/>
	</bean>
	  
    <bean id="refreshPeriodParamCache" class="java.lang.Integer">
	 	<constructor-arg value="3600" />
	</bean>
	
	<import resource="classpath:cacheparamconfig.xml"/>

</beans>
