<?xml version="1.0" encoding="UTF-8" ?>
<!DOCTYPE sqlMap PUBLIC "-//ibatis.apache.org//DTD SQL Map 2.0//EN" "http://ibatis.apache.org/dtd/sql-map-2.dtd" >
<sqlMap namespace="t01param" >
  <resultMap id="BaseResultMap" class="pe.gob.sunat.recurso2.humano.seleccion.model.beans.Parametro" >
    <result column="codParametro" property="codParametro" jdbcType="VARCHAR" />
    <result column="desParametro" property="desParametro" jdbcType="VARCHAR" />
  </resultMap>
  
  <select id="listarDepartamentos" resultMap="BaseResultMap">
    select 
    	trim(t01_argumento) as codParametro,
    	trim(t01_funcion) as desParametro 
    from t01param where t01_numero='030' and t01_tipo='D' 
    order by t01_funcion;
  </select>
  
  <select id="listarProvincias" resultMap="BaseResultMap" parameterClass="pe.gob.sunat.recurso2.humano.seleccion.model.beans.Parametro">
    select 
    	trim(t01_argumento) as codParametro,
    	trim(t01_funcion) as desParametro 
    from t01param 
    where t01_numero='031' and t01_argumento[1,2]=#codParametro# and t01_tipo='D' 
    order by t01_funcion;
  </select>
  
  <select id="listarDistritos" resultMap="BaseResultMap" parameterClass="pe.gob.sunat.recurso2.humano.seleccion.model.beans.Parametro">
    select 
    	trim(t01_argumento) as codParametro,
    	trim(t01_funcion[1,31]) as desParametro 
    from t01param where t01_numero='001' and t01_argumento[1,4]=#codParametro# and t01_tipo='D'
    order by t01_funcion;
  </select>
  
  <select id="listarParametros" resultMap="BaseResultMap" parameterClass="pe.gob.sunat.recurso2.humano.seleccion.model.beans.Parametro">
    select 
    	trim(t01_argumento) as codParametro,
    	trim(t01_funcion) as desParametro 
    from t01param where t01_numero=#codParametro# and t01_tipo='D' 
    order by t01_funcion;
  </select>
  
</sqlMap>