<?xml version="1.0" encoding="UTF-8" ?>
<!DOCTYPE sqlMap PUBLIC "-//ibatis.apache.org//DTD SQL Map 2.0//EN" "http://ibatis.apache.org/dtd/sql-map-2.dtd" >
<sqlMap namespace="t1367fichapostulac" >
  <resultMap id="ibatorgenerated_BaseResultMap" class="pe.gob.sunat.recurso2.humano.seleccion.model.beans.FichaPostulacion" >
    <!--
      WARNING - This element is automatically generated by Apache iBATIS ibator, do not modify.
      This element was generated on Tue Jul 04 10:59:04 COT 2017.
    -->
    <result column="cod_cat" property="codCat" jdbcType="SMALLINT" />
    <result column="cod_doc_identidad" property="codDocIdentidad" jdbcType="VARCHAR" />
    <result column="cod_puesto" property="codPuesto" jdbcType="CHAR" />
    <result column="tip_docum" property="tipDocum" jdbcType="CHAR" />
    <result column="des_nombre" property="desNombre" jdbcType="VARCHAR" />
    <result column="des_apepat" property="desApepat" jdbcType="VARCHAR" />
    <result column="des_apemat" property="desApemat" jdbcType="VARCHAR" />
    <result column="fec_nacimiento" property="fecNacimiento" jdbcType="DATE" />
    <result column="estado_civil" property="estadoCivil" jdbcType="CHAR" />
    <result column="nac_ubigeo" property="nacUbigeo" jdbcType="CHAR" />
    <result column="dom_ubigeo" property="domUbigeo" jdbcType="CHAR" />
    <result column="cod_zona" property="codZona" jdbcType="CHAR" />
    <result column="des_zona" property="desZona" jdbcType="VARCHAR" />
    <result column="cod_via" property="codVia" jdbcType="CHAR" />
    <result column="des_via" property="desVia" jdbcType="VARCHAR" />
    <result column="tel_casa" property="telCasa" jdbcType="VARCHAR" />
    <result column="tel_celular" property="telCelular" jdbcType="VARCHAR" />
    <result column="e_mail" property="eMail" jdbcType="VARCHAR" />
    <result column="cat_anterior" property="catAnterior" jdbcType="CHAR" />
    <result column="num_cat_an" property="numCatAn" jdbcType="VARCHAR" />
    <result column="num_licencia" property="numLicencia" jdbcType="VARCHAR" />
    <result column="ruta_arch" property="rutaArch" jdbcType="VARCHAR" />
    <result column="mto_remu" property="mtoRemu" jdbcType="DECIMAL" />
    <result column="ind_sunat_id" property="indSunatId" jdbcType="CHAR" />
    <result column="des_famil_sunat" property="desFamilSunat" jdbcType="VARCHAR" />
    <result column="fec_graba" property="fecGraba" jdbcType="TIMESTAMP" />
    <result column="fec_modif" property="fecModif" jdbcType="TIMESTAMP" />
    <result column="ind_sunat" property="indSunat" jdbcType="CHAR" />
    <result column="ind_discapacitado" property="indDiscapacitado" jdbcType="CHAR" />
    <result column="cod_examen" property="codExamen" jdbcType="CHAR" />
    <result column="cod_estado" property="codEstado" jdbcType="CHAR" />
    <result column="des_discapacidad" property="desDiscapacidad" jdbcType="VARCHAR" />
    <result column="cnt_edad" property="cntEdad" jdbcType="INTEGER" />
    <result column="ind_labor" property="indLabor" jdbcType="CHAR" />
    <result column="ind_sexo" property="indSexo" jdbcType="CHAR" />
    <result column="ind_sede1" property="indSede1" jdbcType="CHAR" />
    <result column="ind_sede2" property="indSede2" jdbcType="CHAR" />
    <result column="cod_usumodif" property="codUsumodif" jdbcType="VARCHAR" />
  </resultMap>
  <sql id="ibatorgenerated_Example_Where_Clause" >
    <!--
      WARNING - This element is automatically generated by Apache iBATIS ibator, do not modify.
      This element was generated on Tue Jul 04 10:59:04 COT 2017.
    -->
    <iterate property="oredCriteria" conjunction="or" prepend="where" removeFirstPrepend="iterate" >
      <isEqual property="oredCriteria[].valid" compareValue="true" >
        (
        <iterate prepend="and" property="oredCriteria[].criteriaWithoutValue" conjunction="and" >
          $oredCriteria[].criteriaWithoutValue[]$
        </iterate>
        <iterate prepend="and" property="oredCriteria[].criteriaWithSingleValue" conjunction="and" >
          $oredCriteria[].criteriaWithSingleValue[].condition$
            #oredCriteria[].criteriaWithSingleValue[].value#
        </iterate>
        <iterate prepend="and" property="oredCriteria[].criteriaWithListValue" conjunction="and" >
          $oredCriteria[].criteriaWithListValue[].condition$
          <iterate property="oredCriteria[].criteriaWithListValue[].values" open="(" close=")" conjunction="," >
            #oredCriteria[].criteriaWithListValue[].values[]#
          </iterate>
        </iterate>
        <iterate prepend="and" property="oredCriteria[].criteriaWithBetweenValue" conjunction="and" >
          $oredCriteria[].criteriaWithBetweenValue[].condition$
          #oredCriteria[].criteriaWithBetweenValue[].values[0]# and
          #oredCriteria[].criteriaWithBetweenValue[].values[1]#
        </iterate>
        )
      </isEqual>
    </iterate>
  </sql>
  <select id="ibatorgenerated_selectByExample" resultMap="ibatorgenerated_BaseResultMap" parameterClass="pe.gob.sunat.recurso2.humano.seleccion.model.beans.FichaPostulacionExample" >
    <!--
      WARNING - This element is automatically generated by Apache iBATIS ibator, do not modify.
      This element was generated on Tue Jul 04 10:59:04 COT 2017.
    -->
    select cod_cat, cod_doc_identidad, cod_puesto, tip_docum, des_nombre, des_apepat, des_apemat,
      fec_nacimiento, estado_civil, nac_ubigeo, dom_ubigeo, cod_zona, des_zona, cod_via, des_via,
      tel_casa, tel_celular, e_mail, cat_anterior, num_cat_an, num_licencia, ruta_arch, mto_remu,
      ind_sunat_id, des_famil_sunat, fec_graba, fec_modif, ind_sunat, ind_discapacitado, cod_examen,
      cod_estado, des_discapacidad, cnt_edad, ind_labor, ind_sexo, ind_sede1, ind_sede2,
      cod_usumodif
    from t1367fichapostulac
    <isParameterPresent >
      <include refid="t1367fichapostulac.ibatorgenerated_Example_Where_Clause" />
      <isNotNull property="orderByClause" >
        order by $orderByClause$
      </isNotNull>
    </isParameterPresent>
  </select>
  <select id="ibatorgenerated_selectByPrimaryKey" resultMap="ibatorgenerated_BaseResultMap" parameterClass="pe.gob.sunat.recurso2.humano.seleccion.model.beans.FichaPostulacionKey" >
    <!--
      WARNING - This element is automatically generated by Apache iBATIS ibator, do not modify.
      This element was generated on Tue Jul 04 10:59:04 COT 2017.
    -->
    select cod_cat, cod_doc_identidad, cod_puesto, tip_docum, des_nombre, des_apepat, des_apemat,
      fec_nacimiento, estado_civil, nac_ubigeo, dom_ubigeo, cod_zona, des_zona, cod_via, des_via,
      tel_casa, tel_celular, e_mail, cat_anterior, num_cat_an, num_licencia, ruta_arch, mto_remu,
      ind_sunat_id, des_famil_sunat, fec_graba, fec_modif, ind_sunat, ind_discapacitado, cod_examen,
      cod_estado, des_discapacidad, cnt_edad, ind_labor, ind_sexo, ind_sede1, ind_sede2,
      cod_usumodif
    from t1367fichapostulac
    where cod_cat = #codCat:SMALLINT#
      and cod_doc_identidad = #codDocIdentidad:VARCHAR#
      and cod_puesto = #codPuesto:CHAR#
      and tip_docum = #tipDocum:CHAR#
  </select>
  <delete id="ibatorgenerated_deleteByPrimaryKey" parameterClass="pe.gob.sunat.recurso2.humano.seleccion.model.beans.FichaPostulacionKey" >
    <!--
      WARNING - This element is automatically generated by Apache iBATIS ibator, do not modify.
      This element was generated on Tue Jul 04 10:59:04 COT 2017.
    -->
    delete from t1367fichapostulac
    where cod_cat = #codCat:SMALLINT#
      and cod_doc_identidad = #codDocIdentidad:VARCHAR#
      and cod_puesto = #codPuesto:CHAR#
      and tip_docum = #tipDocum:CHAR#
  </delete>
  <delete id="ibatorgenerated_deleteByExample" parameterClass="pe.gob.sunat.recurso2.humano.seleccion.model.beans.FichaPostulacionExample" >
    <!--
      WARNING - This element is automatically generated by Apache iBATIS ibator, do not modify.
      This element was generated on Tue Jul 04 10:59:04 COT 2017.
    -->
    delete from t1367fichapostulac
    <include refid="t1367fichapostulac.ibatorgenerated_Example_Where_Clause" />
  </delete>
  <insert id="ibatorgenerated_insert" parameterClass="pe.gob.sunat.recurso2.humano.seleccion.model.beans.FichaPostulacion" >
    <!--
      WARNING - This element is automatically generated by Apache iBATIS ibator, do not modify.
      This element was generated on Tue Jul 04 10:59:04 COT 2017.
    -->
    insert into t1367fichapostulac (cod_cat, cod_doc_identidad, cod_puesto, tip_docum, des_nombre,
      des_apepat, des_apemat, fec_nacimiento, estado_civil, nac_ubigeo, dom_ubigeo, cod_zona,
      des_zona, cod_via, des_via, tel_casa, tel_celular, e_mail, cat_anterior, num_cat_an,
      num_licencia, ruta_arch, mto_remu, ind_sunat_id, des_famil_sunat, fec_graba, fec_modif,
      ind_sunat, ind_discapacitado, cod_examen, cod_estado, des_discapacidad, cnt_edad, ind_labor,
      ind_sexo, ind_sede1, ind_sede2, cod_usumodif)
    values (#codCat:SMALLINT#, #codDocIdentidad:VARCHAR#, #codPuesto:CHAR#, #tipDocum:CHAR#,
      #desNombre:VARCHAR#, #desApepat:VARCHAR#, #desApemat:VARCHAR#, #fecNacimiento:DATE#,
      #estadoCivil:CHAR#, #nacUbigeo:CHAR#, #domUbigeo:CHAR#, #codZona:CHAR#, #desZona:VARCHAR#,
      #codVia:CHAR#, #desVia:VARCHAR#, #telCasa:VARCHAR#, #telCelular:VARCHAR#, #eMail:VARCHAR#,
      #catAnterior:CHAR#, #numCatAn:VARCHAR#, #numLicencia:VARCHAR#, #rutaArch:VARCHAR#,
      #mtoRemu:DECIMAL#, #indSunatId:CHAR#, #desFamilSunat:VARCHAR#, #fecGraba:TIMESTAMP#,
      #fecModif:TIMESTAMP#, #indSunat:CHAR#, #indDiscapacitado:CHAR#, #codExamen:CHAR#,
      #codEstado:CHAR#, #desDiscapacidad:VARCHAR#, #cntEdad:INTEGER#, #indLabor:CHAR#,
      #indSexo:CHAR#, #indSede1:CHAR#, #indSede2:CHAR#, #codUsumodif:VARCHAR#)
  </insert>
  <insert id="ibatorgenerated_insertSelective" parameterClass="pe.gob.sunat.recurso2.humano.seleccion.model.beans.FichaPostulacion" >
    <!--
      WARNING - This element is automatically generated by Apache iBATIS ibator, do not modify.
      This element was generated on Tue Jul 04 10:59:04 COT 2017.
    -->
    insert into t1367fichapostulac
    <dynamic prepend="(" >
      <isNotNull prepend="," property="codCat" >
        cod_cat
      </isNotNull>
      <isNotNull prepend="," property="codDocIdentidad" >
        cod_doc_identidad
      </isNotNull>
      <isNotNull prepend="," property="codPuesto" >
        cod_puesto
      </isNotNull>
      <isNotNull prepend="," property="tipDocum" >
        tip_docum
      </isNotNull>
      <isNotNull prepend="," property="desNombre" >
        des_nombre
      </isNotNull>
      <isNotNull prepend="," property="desApepat" >
        des_apepat
      </isNotNull>
      <isNotNull prepend="," property="desApemat" >
        des_apemat
      </isNotNull>
      <isNotNull prepend="," property="fecNacimiento" >
        fec_nacimiento
      </isNotNull>
      <isNotNull prepend="," property="estadoCivil" >
        estado_civil
      </isNotNull>
      <isNotNull prepend="," property="nacUbigeo" >
        nac_ubigeo
      </isNotNull>
      <isNotNull prepend="," property="domUbigeo" >
        dom_ubigeo
      </isNotNull>
      <isNotNull prepend="," property="codZona" >
        cod_zona
      </isNotNull>
      <isNotNull prepend="," property="desZona" >
        des_zona
      </isNotNull>
      <isNotNull prepend="," property="codVia" >
        cod_via
      </isNotNull>
      <isNotNull prepend="," property="desVia" >
        des_via
      </isNotNull>
      <isNotNull prepend="," property="telCasa" >
        tel_casa
      </isNotNull>
      <isNotNull prepend="," property="telCelular" >
        tel_celular
      </isNotNull>
      <isNotNull prepend="," property="eMail" >
        e_mail
      </isNotNull>
      <isNotNull prepend="," property="catAnterior" >
        cat_anterior
      </isNotNull>
      <isNotNull prepend="," property="numCatAn" >
        num_cat_an
      </isNotNull>
      <isNotNull prepend="," property="numLicencia" >
        num_licencia
      </isNotNull>
      <isNotNull prepend="," property="rutaArch" >
        ruta_arch
      </isNotNull>
      <isNotNull prepend="," property="mtoRemu" >
        mto_remu
      </isNotNull>
      <isNotNull prepend="," property="indSunatId" >
        ind_sunat_id
      </isNotNull>
      <isNotNull prepend="," property="desFamilSunat" >
        des_famil_sunat
      </isNotNull>
      <isNotNull prepend="," property="fecGraba" >
        fec_graba
      </isNotNull>
      <isNotNull prepend="," property="fecModif" >
        fec_modif
      </isNotNull>
      <isNotNull prepend="," property="indSunat" >
        ind_sunat
      </isNotNull>
      <isNotNull prepend="," property="indDiscapacitado" >
        ind_discapacitado
      </isNotNull>
      <isNotNull prepend="," property="codExamen" >
        cod_examen
      </isNotNull>
      <isNotNull prepend="," property="codEstado" >
        cod_estado
      </isNotNull>
      <isNotNull prepend="," property="desDiscapacidad" >
        des_discapacidad
      </isNotNull>
      <isNotNull prepend="," property="cntEdad" >
        cnt_edad
      </isNotNull>
      <isNotNull prepend="," property="indLabor" >
        ind_labor
      </isNotNull>
      <isNotNull prepend="," property="indSexo" >
        ind_sexo
      </isNotNull>
      <isNotNull prepend="," property="indSede1" >
        ind_sede1
      </isNotNull>
      <isNotNull prepend="," property="indSede2" >
        ind_sede2
      </isNotNull>
      <isNotNull prepend="," property="codUsumodif" >
        cod_usumodif
      </isNotNull>
      )
    </dynamic>
    values
    <dynamic prepend="(" >
      <isNotNull prepend="," property="codCat" >
        #codCat:SMALLINT#
      </isNotNull>
      <isNotNull prepend="," property="codDocIdentidad" >
        #codDocIdentidad:VARCHAR#
      </isNotNull>
      <isNotNull prepend="," property="codPuesto" >
        #codPuesto:CHAR#
      </isNotNull>
      <isNotNull prepend="," property="tipDocum" >
        #tipDocum:CHAR#
      </isNotNull>
      <isNotNull prepend="," property="desNombre" >
        #desNombre:VARCHAR#
      </isNotNull>
      <isNotNull prepend="," property="desApepat" >
        #desApepat:VARCHAR#
      </isNotNull>
      <isNotNull prepend="," property="desApemat" >
        #desApemat:VARCHAR#
      </isNotNull>
      <isNotNull prepend="," property="fecNacimiento" >
        #fecNacimiento:DATE#
      </isNotNull>
      <isNotNull prepend="," property="estadoCivil" >
        #estadoCivil:CHAR#
      </isNotNull>
      <isNotNull prepend="," property="nacUbigeo" >
        #nacUbigeo:CHAR#
      </isNotNull>
      <isNotNull prepend="," property="domUbigeo" >
        #domUbigeo:CHAR#
      </isNotNull>
      <isNotNull prepend="," property="codZona" >
        #codZona:CHAR#
      </isNotNull>
      <isNotNull prepend="," property="desZona" >
        #desZona:VARCHAR#
      </isNotNull>
      <isNotNull prepend="," property="codVia" >
        #codVia:CHAR#
      </isNotNull>
      <isNotNull prepend="," property="desVia" >
        #desVia:VARCHAR#
      </isNotNull>
      <isNotNull prepend="," property="telCasa" >
        #telCasa:VARCHAR#
      </isNotNull>
      <isNotNull prepend="," property="telCelular" >
        #telCelular:VARCHAR#
      </isNotNull>
      <isNotNull prepend="," property="eMail" >
        #eMail:VARCHAR#
      </isNotNull>
      <isNotNull prepend="," property="catAnterior" >
        #catAnterior:CHAR#
      </isNotNull>
      <isNotNull prepend="," property="numCatAn" >
        #numCatAn:VARCHAR#
      </isNotNull>
      <isNotNull prepend="," property="numLicencia" >
        #numLicencia:VARCHAR#
      </isNotNull>
      <isNotNull prepend="," property="rutaArch" >
        #rutaArch:VARCHAR#
      </isNotNull>
      <isNotNull prepend="," property="mtoRemu" >
        #mtoRemu:DECIMAL#
      </isNotNull>
      <isNotNull prepend="," property="indSunatId" >
        #indSunatId:CHAR#
      </isNotNull>
      <isNotNull prepend="," property="desFamilSunat" >
        #desFamilSunat:VARCHAR#
      </isNotNull>
      <isNotNull prepend="," property="fecGraba" >
        #fecGraba:TIMESTAMP#
      </isNotNull>
      <isNotNull prepend="," property="fecModif" >
        #fecModif:TIMESTAMP#
      </isNotNull>
      <isNotNull prepend="," property="indSunat" >
        #indSunat:CHAR#
      </isNotNull>
      <isNotNull prepend="," property="indDiscapacitado" >
        #indDiscapacitado:CHAR#
      </isNotNull>
      <isNotNull prepend="," property="codExamen" >
        #codExamen:CHAR#
      </isNotNull>
      <isNotNull prepend="," property="codEstado" >
        #codEstado:CHAR#
      </isNotNull>
      <isNotNull prepend="," property="desDiscapacidad" >
        #desDiscapacidad:VARCHAR#
      </isNotNull>
      <isNotNull prepend="," property="cntEdad" >
        #cntEdad:INTEGER#
      </isNotNull>
      <isNotNull prepend="," property="indLabor" >
        #indLabor:CHAR#
      </isNotNull>
      <isNotNull prepend="," property="indSexo" >
        #indSexo:CHAR#
      </isNotNull>
      <isNotNull prepend="," property="indSede1" >
        #indSede1:CHAR#
      </isNotNull>
      <isNotNull prepend="," property="indSede2" >
        #indSede2:CHAR#
      </isNotNull>
      <isNotNull prepend="," property="codUsumodif" >
        #codUsumodif:VARCHAR#
      </isNotNull>
      )
    </dynamic>
  </insert>
  <select id="ibatorgenerated_countByExample" parameterClass="pe.gob.sunat.recurso2.humano.seleccion.model.beans.FichaPostulacionExample" resultClass="java.lang.Integer" >
    <!--
      WARNING - This element is automatically generated by Apache iBATIS ibator, do not modify.
      This element was generated on Tue Jul 04 10:59:04 COT 2017.
    -->
    select count(*) from t1367fichapostulac
    <include refid="t1367fichapostulac.ibatorgenerated_Example_Where_Clause" />
  </select>
  <update id="ibatorgenerated_updateByExampleSelective" >
    <!--
      WARNING - This element is automatically generated by Apache iBATIS ibator, do not modify.
      This element was generated on Tue Jul 04 10:59:04 COT 2017.
    -->
    update t1367fichapostulac
    <dynamic prepend="set" >
      <isNotNull prepend="," property="record.codCat" >
        cod_cat = #record.codCat:SMALLINT#
      </isNotNull>
      <isNotNull prepend="," property="record.codDocIdentidad" >
        cod_doc_identidad = #record.codDocIdentidad:VARCHAR#
      </isNotNull>
      <isNotNull prepend="," property="record.codPuesto" >
        cod_puesto = #record.codPuesto:CHAR#
      </isNotNull>
      <isNotNull prepend="," property="record.tipDocum" >
        tip_docum = #record.tipDocum:CHAR#
      </isNotNull>
      <isNotNull prepend="," property="record.desNombre" >
        des_nombre = #record.desNombre:VARCHAR#
      </isNotNull>
      <isNotNull prepend="," property="record.desApepat" >
        des_apepat = #record.desApepat:VARCHAR#
      </isNotNull>
      <isNotNull prepend="," property="record.desApemat" >
        des_apemat = #record.desApemat:VARCHAR#
      </isNotNull>
      <isNotNull prepend="," property="record.fecNacimiento" >
        fec_nacimiento = #record.fecNacimiento:DATE#
      </isNotNull>
      <isNotNull prepend="," property="record.estadoCivil" >
        estado_civil = #record.estadoCivil:CHAR#
      </isNotNull>
      <isNotNull prepend="," property="record.nacUbigeo" >
        nac_ubigeo = #record.nacUbigeo:CHAR#
      </isNotNull>
      <isNotNull prepend="," property="record.domUbigeo" >
        dom_ubigeo = #record.domUbigeo:CHAR#
      </isNotNull>
      <isNotNull prepend="," property="record.codZona" >
        cod_zona = #record.codZona:CHAR#
      </isNotNull>
      <isNotNull prepend="," property="record.desZona" >
        des_zona = #record.desZona:VARCHAR#
      </isNotNull>
      <isNotNull prepend="," property="record.codVia" >
        cod_via = #record.codVia:CHAR#
      </isNotNull>
      <isNotNull prepend="," property="record.desVia" >
        des_via = #record.desVia:VARCHAR#
      </isNotNull>
      <isNotNull prepend="," property="record.telCasa" >
        tel_casa = #record.telCasa:VARCHAR#
      </isNotNull>
      <isNotNull prepend="," property="record.telCelular" >
        tel_celular = #record.telCelular:VARCHAR#
      </isNotNull>
      <isNotNull prepend="," property="record.eMail" >
        e_mail = #record.eMail:VARCHAR#
      </isNotNull>
      <isNotNull prepend="," property="record.catAnterior" >
        cat_anterior = #record.catAnterior:CHAR#
      </isNotNull>
      <isNotNull prepend="," property="record.numCatAn" >
        num_cat_an = #record.numCatAn:VARCHAR#
      </isNotNull>
      <isNotNull prepend="," property="record.numLicencia" >
        num_licencia = #record.numLicencia:VARCHAR#
      </isNotNull>
      <isNotNull prepend="," property="record.rutaArch" >
        ruta_arch = #record.rutaArch:VARCHAR#
      </isNotNull>
      <isNotNull prepend="," property="record.mtoRemu" >
        mto_remu = #record.mtoRemu:DECIMAL#
      </isNotNull>
      <isNotNull prepend="," property="record.indSunatId" >
        ind_sunat_id = #record.indSunatId:CHAR#
      </isNotNull>
      <isNotNull prepend="," property="record.desFamilSunat" >
        des_famil_sunat = #record.desFamilSunat:VARCHAR#
      </isNotNull>
      <isNotNull prepend="," property="record.fecGraba" >
        fec_graba = #record.fecGraba:TIMESTAMP#
      </isNotNull>
      <isNotNull prepend="," property="record.fecModif" >
        fec_modif = #record.fecModif:TIMESTAMP#
      </isNotNull>
      <isNotNull prepend="," property="record.indSunat" >
        ind_sunat = #record.indSunat:CHAR#
      </isNotNull>
      <isNotNull prepend="," property="record.indDiscapacitado" >
        ind_discapacitado = #record.indDiscapacitado:CHAR#
      </isNotNull>
      <isNotNull prepend="," property="record.codExamen" >
        cod_examen = #record.codExamen:CHAR#
      </isNotNull>
      <isNotNull prepend="," property="record.codEstado" >
        cod_estado = #record.codEstado:CHAR#
      </isNotNull>
      <isNotNull prepend="," property="record.desDiscapacidad" >
        des_discapacidad = #record.desDiscapacidad:VARCHAR#
      </isNotNull>
      <isNotNull prepend="," property="record.cntEdad" >
        cnt_edad = #record.cntEdad:INTEGER#
      </isNotNull>
      <isNotNull prepend="," property="record.indLabor" >
        ind_labor = #record.indLabor:CHAR#
      </isNotNull>
      <isNotNull prepend="," property="record.indSexo" >
        ind_sexo = #record.indSexo:CHAR#
      </isNotNull>
      <isNotNull prepend="," property="record.indSede1" >
        ind_sede1 = #record.indSede1:CHAR#
      </isNotNull>
      <isNotNull prepend="," property="record.indSede2" >
        ind_sede2 = #record.indSede2:CHAR#
      </isNotNull>
      <isNotNull prepend="," property="record.codUsumodif" >
        cod_usumodif = #record.codUsumodif:VARCHAR#
      </isNotNull>
    </dynamic>
    <isParameterPresent >
      <include refid="t1367fichapostulac.ibatorgenerated_Example_Where_Clause" />
    </isParameterPresent>
  </update>
  <update id="ibatorgenerated_updateByExample" >
    <!--
      WARNING - This element is automatically generated by Apache iBATIS ibator, do not modify.
      This element was generated on Tue Jul 04 10:59:04 COT 2017.
    -->
    update t1367fichapostulac
    set cod_cat = #record.codCat:SMALLINT#,
      cod_doc_identidad = #record.codDocIdentidad:VARCHAR#,
      cod_puesto = #record.codPuesto:CHAR#,
      tip_docum = #record.tipDocum:CHAR#,
      des_nombre = #record.desNombre:VARCHAR#,
      des_apepat = #record.desApepat:VARCHAR#,
      des_apemat = #record.desApemat:VARCHAR#,
      fec_nacimiento = #record.fecNacimiento:DATE#,
      estado_civil = #record.estadoCivil:CHAR#,
      nac_ubigeo = #record.nacUbigeo:CHAR#,
      dom_ubigeo = #record.domUbigeo:CHAR#,
      cod_zona = #record.codZona:CHAR#,
      des_zona = #record.desZona:VARCHAR#,
      cod_via = #record.codVia:CHAR#,
      des_via = #record.desVia:VARCHAR#,
      tel_casa = #record.telCasa:VARCHAR#,
      tel_celular = #record.telCelular:VARCHAR#,
      e_mail = #record.eMail:VARCHAR#,
      cat_anterior = #record.catAnterior:CHAR#,
      num_cat_an = #record.numCatAn:VARCHAR#,
      num_licencia = #record.numLicencia:VARCHAR#,
      ruta_arch = #record.rutaArch:VARCHAR#,
      mto_remu = #record.mtoRemu:DECIMAL#,
      ind_sunat_id = #record.indSunatId:CHAR#,
      des_famil_sunat = #record.desFamilSunat:VARCHAR#,
      fec_graba = #record.fecGraba:TIMESTAMP#,
      fec_modif = #record.fecModif:TIMESTAMP#,
      ind_sunat = #record.indSunat:CHAR#,
      ind_discapacitado = #record.indDiscapacitado:CHAR#,
      cod_examen = #record.codExamen:CHAR#,
      cod_estado = #record.codEstado:CHAR#,
      des_discapacidad = #record.desDiscapacidad:VARCHAR#,
      cnt_edad = #record.cntEdad:INTEGER#,
      ind_labor = #record.indLabor:CHAR#,
      ind_sexo = #record.indSexo:CHAR#,
      ind_sede1 = #record.indSede1:CHAR#,
      ind_sede2 = #record.indSede2:CHAR#,
      cod_usumodif = #record.codUsumodif:VARCHAR#
    <isParameterPresent >
      <include refid="t1367fichapostulac.ibatorgenerated_Example_Where_Clause" />
    </isParameterPresent>
  </update>
  <update id="ibatorgenerated_updateByPrimaryKeySelective" parameterClass="pe.gob.sunat.recurso2.humano.seleccion.model.beans.FichaPostulacion" >
    <!--
      WARNING - This element is automatically generated by Apache iBATIS ibator, do not modify.
      This element was generated on Tue Jul 04 10:59:04 COT 2017.
    -->
    update t1367fichapostulac
    <dynamic prepend="set" >
      <isNotNull prepend="," property="desNombre" >
        des_nombre = #desNombre:VARCHAR#
      </isNotNull>
      <isNotNull prepend="," property="desApepat" >
        des_apepat = #desApepat:VARCHAR#
      </isNotNull>
      <isNotNull prepend="," property="desApemat" >
        des_apemat = #desApemat:VARCHAR#
      </isNotNull>
      <isNotNull prepend="," property="fecNacimiento" >
        fec_nacimiento = #fecNacimiento:DATE#
      </isNotNull>
      <isNotNull prepend="," property="estadoCivil" >
        estado_civil = #estadoCivil:CHAR#
      </isNotNull>
      <isNotNull prepend="," property="nacUbigeo" >
        nac_ubigeo = #nacUbigeo:CHAR#
      </isNotNull>
      <isNotNull prepend="," property="domUbigeo" >
        dom_ubigeo = #domUbigeo:CHAR#
      </isNotNull>
      <isNotNull prepend="," property="codZona" >
        cod_zona = #codZona:CHAR#
      </isNotNull>
      <isNotNull prepend="," property="desZona" >
        des_zona = #desZona:VARCHAR#
      </isNotNull>
      <isNotNull prepend="," property="codVia" >
        cod_via = #codVia:CHAR#
      </isNotNull>
      <isNotNull prepend="," property="desVia" >
        des_via = #desVia:VARCHAR#
      </isNotNull>
      <isNotNull prepend="," property="telCasa" >
        tel_casa = #telCasa:VARCHAR#
      </isNotNull>
      <isNotNull prepend="," property="telCelular" >
        tel_celular = #telCelular:VARCHAR#
      </isNotNull>
      <isNotNull prepend="," property="eMail" >
        e_mail = #eMail:VARCHAR#
      </isNotNull>
      <isNotNull prepend="," property="catAnterior" >
        cat_anterior = #catAnterior:CHAR#
      </isNotNull>
      <isNotNull prepend="," property="numCatAn" >
        num_cat_an = #numCatAn:VARCHAR#
      </isNotNull>
      <isNotNull prepend="," property="numLicencia" >
        num_licencia = #numLicencia:VARCHAR#
      </isNotNull>
      <isNotNull prepend="," property="rutaArch" >
        ruta_arch = #rutaArch:VARCHAR#
      </isNotNull>
      <isNotNull prepend="," property="mtoRemu" >
        mto_remu = #mtoRemu:DECIMAL#
      </isNotNull>
      <isNotNull prepend="," property="indSunatId" >
        ind_sunat_id = #indSunatId:CHAR#
      </isNotNull>
      <isNotNull prepend="," property="desFamilSunat" >
        des_famil_sunat = #desFamilSunat:VARCHAR#
      </isNotNull>
      <isNotNull prepend="," property="fecGraba" >
        fec_graba = #fecGraba:TIMESTAMP#
      </isNotNull>
      <isNotNull prepend="," property="fecModif" >
        fec_modif = #fecModif:TIMESTAMP#
      </isNotNull>
      <isNotNull prepend="," property="indSunat" >
        ind_sunat = #indSunat:CHAR#
      </isNotNull>
      <isNotNull prepend="," property="indDiscapacitado" >
        ind_discapacitado = #indDiscapacitado:CHAR#
      </isNotNull>
      <isNotNull prepend="," property="codExamen" >
        cod_examen = #codExamen:CHAR#
      </isNotNull>
      <isNotNull prepend="," property="codEstado" >
        cod_estado = #codEstado:CHAR#
      </isNotNull>
      <isNotNull prepend="," property="desDiscapacidad" >
        des_discapacidad = #desDiscapacidad:VARCHAR#
      </isNotNull>
      <isNotNull prepend="," property="cntEdad" >
        cnt_edad = #cntEdad:INTEGER#
      </isNotNull>
      <isNotNull prepend="," property="indLabor" >
        ind_labor = #indLabor:CHAR#
      </isNotNull>
      <isNotNull prepend="," property="indSexo" >
        ind_sexo = #indSexo:CHAR#
      </isNotNull>
      <isNotNull prepend="," property="indSede1" >
        ind_sede1 = #indSede1:CHAR#
      </isNotNull>
      <isNotNull prepend="," property="indSede2" >
        ind_sede2 = #indSede2:CHAR#
      </isNotNull>
      <isNotNull prepend="," property="codUsumodif" >
        cod_usumodif = #codUsumodif:VARCHAR#
      </isNotNull>
    </dynamic>
    where cod_cat = #codCat:SMALLINT#
      and cod_doc_identidad = #codDocIdentidad:VARCHAR#
      and cod_puesto = #codPuesto:CHAR#
      and tip_docum = #tipDocum:CHAR#
  </update>
  <update id="ibatorgenerated_updateByPrimaryKey" parameterClass="pe.gob.sunat.recurso2.humano.seleccion.model.beans.FichaPostulacion" >
    <!--
      WARNING - This element is automatically generated by Apache iBATIS ibator, do not modify.
      This element was generated on Tue Jul 04 10:59:04 COT 2017.
    -->
    update t1367fichapostulac
    set des_nombre = #desNombre:VARCHAR#,
      des_apepat = #desApepat:VARCHAR#,
      des_apemat = #desApemat:VARCHAR#,
      fec_nacimiento = #fecNacimiento:DATE#,
      estado_civil = #estadoCivil:CHAR#,
      nac_ubigeo = #nacUbigeo:CHAR#,
      dom_ubigeo = #domUbigeo:CHAR#,
      cod_zona = #codZona:CHAR#,
      des_zona = #desZona:VARCHAR#,
      cod_via = #codVia:CHAR#,
      des_via = #desVia:VARCHAR#,
      tel_casa = #telCasa:VARCHAR#,
      tel_celular = #telCelular:VARCHAR#,
      e_mail = #eMail:VARCHAR#,
      cat_anterior = #catAnterior:CHAR#,
      num_cat_an = #numCatAn:VARCHAR#,
      num_licencia = #numLicencia:VARCHAR#,
      ruta_arch = #rutaArch:VARCHAR#,
      mto_remu = #mtoRemu:DECIMAL#,
      ind_sunat_id = #indSunatId:CHAR#,
      des_famil_sunat = #desFamilSunat:VARCHAR#,
      fec_graba = #fecGraba:TIMESTAMP#,
      fec_modif = #fecModif:TIMESTAMP#,
      ind_sunat = #indSunat:CHAR#,
      ind_discapacitado = #indDiscapacitado:CHAR#,
      cod_examen = #codExamen:CHAR#,
      cod_estado = #codEstado:CHAR#,
      des_discapacidad = #desDiscapacidad:VARCHAR#,
      cnt_edad = #cntEdad:INTEGER#,
      ind_labor = #indLabor:CHAR#,
      ind_sexo = #indSexo:CHAR#,
      ind_sede1 = #indSede1:CHAR#,
      ind_sede2 = #indSede2:CHAR#,
      cod_usumodif = #codUsumodif:VARCHAR#
    where cod_cat = #codCat:SMALLINT#
      and cod_doc_identidad = #codDocIdentidad:VARCHAR#
      and cod_puesto = #codPuesto:CHAR#
      and tip_docum = #tipDocum:CHAR#
  </update>
</sqlMap>