<?xml version="1.0" encoding="UTF-8" ?>
<!DOCTYPE sqlMap PUBLIC "-//ibatis.apache.org//DTD SQL Map 2.0//EN" "http://ibatis.apache.org/dtd/sql-map-2.dtd" >
<sqlMap namespace="t1368seleccion_cat" >
  <resultMap id="ibatorgenerated_BaseResultMap" class="pe.gob.sunat.recurso2.humano.seleccion.model.beans.ProcesoPostulacion" >
    <!--
      WARNING - This element is automatically generated by Apache iBATIS ibator, do not modify.
      This element was generated on Tue Jul 04 10:59:04 COT 2017.
    -->
    <result column="cod_cat" property="codCat" jdbcType="SMALLINT" />
    <result column="des_cat" property="desCat" jdbcType="VARCHAR" />
    <result column="des_abrevi_cat" property="desAbreviCat" jdbcType="VARCHAR" />
    <result column="fini_postu" property="finiPostu" jdbcType="TIMESTAMP" />
    <result column="ffin_postu" property="ffinPostu" jdbcType="TIMESTAMP" />
    <result column="fini_proc" property="finiProc" jdbcType="TIMESTAMP" />
    <result column="ffin_proc" property="ffinProc" jdbcType="TIMESTAMP" />
    <result column="estado" property="estado" jdbcType="CHAR" />
    <result column="cuser_graba" property="cuserGraba" jdbcType="VARCHAR" />
    <result column="fec_graba" property="fecGraba" jdbcType="TIMESTAMP" />
    <result column="per_proceso" property="perProceso" jdbcType="CHAR" />
    <result column="tipo_conv" property="tipoConv" jdbcType="CHAR" />
    <result column="tipo_moda" property="tipoModa" jdbcType="CHAR" />
    <result column="rel_proc" property="relProc" jdbcType="CHAR" />
    <result column="cuser_modifica" property="cuserModifica" jdbcType="VARCHAR" />
    <result column="fec_modif" property="fecModif" jdbcType="TIMESTAMP" />
    <result column="ind_post_reg" property="indPostReg" jdbcType="CHAR" />
    <result column="ind_post_fic" property="indPostFic" jdbcType="CHAR" />
    <result column="ind_exp_fic" property="indExpFic" jdbcType="CHAR" />
    <result column="cod_etapa" property="codEtapa" jdbcType="CHAR" />
    <result column="ind_perfil" property="indPerfil" jdbcType="CHAR" />
  </resultMap>
  <sql id="ibatorgenerated_Example_Where_Clause" >
    <!--
      WARNING - This element is automatically generated by Apache iBATIS ibator, do not modify.
      This element was generated on Tue Jul 04 10:59:04 COT 2017.
    -->
    <iterate property="oredCriteria" conjunction="or" prepend="where" removeFirstPrepend="iterate" >
      <isEqual property="oredCriteria[].valid" compareValue="true" >
        (
        <iterate prepend="and" property="oredCriteria[].criteriaWithoutValue" conjunction="and" >
          $oredCriteria[].criteriaWithoutValue[]$
        </iterate>
        <iterate prepend="and" property="oredCriteria[].criteriaWithSingleValue" conjunction="and" >
          $oredCriteria[].criteriaWithSingleValue[].condition$
            #oredCriteria[].criteriaWithSingleValue[].value#
        </iterate>
        <iterate prepend="and" property="oredCriteria[].criteriaWithListValue" conjunction="and" >
          $oredCriteria[].criteriaWithListValue[].condition$
          <iterate property="oredCriteria[].criteriaWithListValue[].values" open="(" close=")" conjunction="," >
            #oredCriteria[].criteriaWithListValue[].values[]#
          </iterate>
        </iterate>
        <iterate prepend="and" property="oredCriteria[].criteriaWithBetweenValue" conjunction="and" >
          $oredCriteria[].criteriaWithBetweenValue[].condition$
          #oredCriteria[].criteriaWithBetweenValue[].values[0]# and
          #oredCriteria[].criteriaWithBetweenValue[].values[1]#
        </iterate>
        )
      </isEqual>
    </iterate>
  </sql>
  <select id="ibatorgenerated_selectByExample" resultMap="ibatorgenerated_BaseResultMap" parameterClass="pe.gob.sunat.recurso2.humano.seleccion.model.beans.ProcesoPostulacionExample" >
    <!--
      WARNING - This element is automatically generated by Apache iBATIS ibator, do not modify.
      This element was generated on Tue Jul 04 10:59:04 COT 2017.
    -->
    select cod_cat, des_cat, des_abrevi_cat, fini_postu, ffin_postu, fini_proc, ffin_proc, estado,
      cuser_graba, fec_graba, per_proceso, tipo_conv, tipo_moda, rel_proc, cuser_modifica,
      fec_modif, ind_post_reg, ind_post_fic, ind_exp_fic, cod_etapa, ind_perfil 
    from t1368seleccion_cat
    <isParameterPresent >
      <include refid="t1368seleccion_cat.ibatorgenerated_Example_Where_Clause" />
      <isNotNull property="orderByClause" >
        order by $orderByClause$
      </isNotNull>
    </isParameterPresent>
  </select>
  <select id="ibatorgenerated_selectByPrimaryKey" resultMap="ibatorgenerated_BaseResultMap" parameterClass="pe.gob.sunat.recurso2.humano.seleccion.model.beans.ProcesoPostulacion" >
    <!--
      WARNING - This element is automatically generated by Apache iBATIS ibator, do not modify.
      This element was generated on Tue Jul 04 10:59:04 COT 2017.
    -->
    select cod_cat, des_cat, des_abrevi_cat, fini_postu, ffin_postu, fini_proc, ffin_proc, estado,
      cuser_graba, fec_graba, per_proceso, tipo_conv, tipo_moda, rel_proc, cuser_modifica,
      fec_modif, ind_post_reg, ind_post_fic, ind_exp_fic, cod_etapa, ind_perfil 
    from t1368seleccion_cat
    where cod_cat = #codCat:SMALLINT#
  </select>
  <delete id="ibatorgenerated_deleteByPrimaryKey" parameterClass="pe.gob.sunat.recurso2.humano.seleccion.model.beans.ProcesoPostulacion" >
    <!--
      WARNING - This element is automatically generated by Apache iBATIS ibator, do not modify.
      This element was generated on Tue Jul 04 10:59:04 COT 2017.
    -->
    delete from t1368seleccion_cat
    where cod_cat = #codCat:SMALLINT#
  </delete>
  <delete id="ibatorgenerated_deleteByExample" parameterClass="pe.gob.sunat.recurso2.humano.seleccion.model.beans.ProcesoPostulacionExample" >
    <!--
      WARNING - This element is automatically generated by Apache iBATIS ibator, do not modify.
      This element was generated on Tue Jul 04 10:59:04 COT 2017.
    -->
    delete from t1368seleccion_cat
    <include refid="t1368seleccion_cat.ibatorgenerated_Example_Where_Clause" />
  </delete>
  <insert id="ibatorgenerated_insert" parameterClass="pe.gob.sunat.recurso2.humano.seleccion.model.beans.ProcesoPostulacion" >
    <!--
      WARNING - This element is automatically generated by Apache iBATIS ibator, do not modify.
      This element was generated on Tue Jul 04 10:59:04 COT 2017.
    -->
    insert into t1368seleccion_cat (cod_cat, des_cat, des_abrevi_cat, fini_postu, ffin_postu,
      fini_proc, ffin_proc, estado, cuser_graba, fec_graba, per_proceso, tipo_conv, tipo_moda,
      rel_proc, cuser_modifica, fec_modif, ind_post_reg, ind_post_fic, ind_exp_fic, cod_etapa)
    values (#codCat:SMALLINT#, #desCat:VARCHAR#, #desAbreviCat:VARCHAR#, #finiPostu:TIMESTAMP#,
      #ffinPostu:TIMESTAMP#, #finiProc:TIMESTAMP#, #ffinProc:TIMESTAMP#, #estado:CHAR#,
      #cuserGraba:VARCHAR#, #fecGraba:TIMESTAMP#, #perProceso:CHAR#, #tipoConv:CHAR#,
      #tipoModa:CHAR#, #relProc:CHAR#, #cuserModifica:VARCHAR#, #fecModif:TIMESTAMP#,
      #indPostReg:CHAR#, #indPostFic:CHAR#, #indExpFic:CHAR#, #codEtapa:CHAR#)
  </insert>
  <insert id="ibatorgenerated_insertSelective" parameterClass="pe.gob.sunat.recurso2.humano.seleccion.model.beans.ProcesoPostulacion" >
    <!--
      WARNING - This element is automatically generated by Apache iBATIS ibator, do not modify.
      This element was generated on Tue Jul 04 10:59:04 COT 2017.
    -->
    insert into t1368seleccion_cat
    <dynamic prepend="(" >
      <isNotNull prepend="," property="codCat" >
        cod_cat
      </isNotNull>
      <isNotNull prepend="," property="desCat" >
        des_cat
      </isNotNull>
      <isNotNull prepend="," property="desAbreviCat" >
        des_abrevi_cat
      </isNotNull>
      <isNotNull prepend="," property="finiPostu" >
        fini_postu
      </isNotNull>
      <isNotNull prepend="," property="ffinPostu" >
        ffin_postu
      </isNotNull>
      <isNotNull prepend="," property="finiProc" >
        fini_proc
      </isNotNull>
      <isNotNull prepend="," property="ffinProc" >
        ffin_proc
      </isNotNull>
      <isNotNull prepend="," property="estado" >
        estado
      </isNotNull>
      <isNotNull prepend="," property="cuserGraba" >
        cuser_graba
      </isNotNull>
      <isNotNull prepend="," property="fecGraba" >
        fec_graba
      </isNotNull>
      <isNotNull prepend="," property="perProceso" >
        per_proceso
      </isNotNull>
      <isNotNull prepend="," property="tipoConv" >
        tipo_conv
      </isNotNull>
      <isNotNull prepend="," property="tipoModa" >
        tipo_moda
      </isNotNull>
      <isNotNull prepend="," property="relProc" >
        rel_proc
      </isNotNull>
      <isNotNull prepend="," property="cuserModifica" >
        cuser_modifica
      </isNotNull>
      <isNotNull prepend="," property="fecModif" >
        fec_modif
      </isNotNull>
      <isNotNull prepend="," property="indPostReg" >
        ind_post_reg
      </isNotNull>
      <isNotNull prepend="," property="indPostFic" >
        ind_post_fic
      </isNotNull>
      <isNotNull prepend="," property="indExpFic" >
        ind_exp_fic
      </isNotNull>
      <isNotNull prepend="," property="codEtapa" >
        cod_etapa
      </isNotNull>
      )
    </dynamic>
    values
    <dynamic prepend="(" >
      <isNotNull prepend="," property="codCat" >
        #codCat:SMALLINT#
      </isNotNull>
      <isNotNull prepend="," property="desCat" >
        #desCat:VARCHAR#
      </isNotNull>
      <isNotNull prepend="," property="desAbreviCat" >
        #desAbreviCat:VARCHAR#
      </isNotNull>
      <isNotNull prepend="," property="finiPostu" >
        #finiPostu:TIMESTAMP#
      </isNotNull>
      <isNotNull prepend="," property="ffinPostu" >
        #ffinPostu:TIMESTAMP#
      </isNotNull>
      <isNotNull prepend="," property="finiProc" >
        #finiProc:TIMESTAMP#
      </isNotNull>
      <isNotNull prepend="," property="ffinProc" >
        #ffinProc:TIMESTAMP#
      </isNotNull>
      <isNotNull prepend="," property="estado" >
        #estado:CHAR#
      </isNotNull>
      <isNotNull prepend="," property="cuserGraba" >
        #cuserGraba:VARCHAR#
      </isNotNull>
      <isNotNull prepend="," property="fecGraba" >
        #fecGraba:TIMESTAMP#
      </isNotNull>
      <isNotNull prepend="," property="perProceso" >
        #perProceso:CHAR#
      </isNotNull>
      <isNotNull prepend="," property="tipoConv" >
        #tipoConv:CHAR#
      </isNotNull>
      <isNotNull prepend="," property="tipoModa" >
        #tipoModa:CHAR#
      </isNotNull>
      <isNotNull prepend="," property="relProc" >
        #relProc:CHAR#
      </isNotNull>
      <isNotNull prepend="," property="cuserModifica" >
        #cuserModifica:VARCHAR#
      </isNotNull>
      <isNotNull prepend="," property="fecModif" >
        #fecModif:TIMESTAMP#
      </isNotNull>
      <isNotNull prepend="," property="indPostReg" >
        #indPostReg:CHAR#
      </isNotNull>
      <isNotNull prepend="," property="indPostFic" >
        #indPostFic:CHAR#
      </isNotNull>
      <isNotNull prepend="," property="indExpFic" >
        #indExpFic:CHAR#
      </isNotNull>
      <isNotNull prepend="," property="codEtapa" >
        #codEtapa:CHAR#
      </isNotNull>
      )
    </dynamic>
  </insert>
  <select id="ibatorgenerated_countByExample" parameterClass="pe.gob.sunat.recurso2.humano.seleccion.model.beans.ProcesoPostulacionExample" resultClass="java.lang.Integer" >
    <!--
      WARNING - This element is automatically generated by Apache iBATIS ibator, do not modify.
      This element was generated on Tue Jul 04 10:59:04 COT 2017.
    -->
    select count(*) from t1368seleccion_cat
    <include refid="t1368seleccion_cat.ibatorgenerated_Example_Where_Clause" />
  </select>
  <update id="ibatorgenerated_updateByExampleSelective" >
    <!--
      WARNING - This element is automatically generated by Apache iBATIS ibator, do not modify.
      This element was generated on Tue Jul 04 10:59:04 COT 2017.
    -->
    update t1368seleccion_cat
    <dynamic prepend="set" >
      <isNotNull prepend="," property="record.codCat" >
        cod_cat = #record.codCat:SMALLINT#
      </isNotNull>
      <isNotNull prepend="," property="record.desCat" >
        des_cat = #record.desCat:VARCHAR#
      </isNotNull>
      <isNotNull prepend="," property="record.desAbreviCat" >
        des_abrevi_cat = #record.desAbreviCat:VARCHAR#
      </isNotNull>
      <isNotNull prepend="," property="record.finiPostu" >
        fini_postu = #record.finiPostu:TIMESTAMP#
      </isNotNull>
      <isNotNull prepend="," property="record.ffinPostu" >
        ffin_postu = #record.ffinPostu:TIMESTAMP#
      </isNotNull>
      <isNotNull prepend="," property="record.finiProc" >
        fini_proc = #record.finiProc:TIMESTAMP#
      </isNotNull>
      <isNotNull prepend="," property="record.ffinProc" >
        ffin_proc = #record.ffinProc:TIMESTAMP#
      </isNotNull>
      <isNotNull prepend="," property="record.estado" >
        estado = #record.estado:CHAR#
      </isNotNull>
      <isNotNull prepend="," property="record.cuserGraba" >
        cuser_graba = #record.cuserGraba:VARCHAR#
      </isNotNull>
      <isNotNull prepend="," property="record.fecGraba" >
        fec_graba = #record.fecGraba:TIMESTAMP#
      </isNotNull>
      <isNotNull prepend="," property="record.perProceso" >
        per_proceso = #record.perProceso:CHAR#
      </isNotNull>
      <isNotNull prepend="," property="record.tipoConv" >
        tipo_conv = #record.tipoConv:CHAR#
      </isNotNull>
      <isNotNull prepend="," property="record.tipoModa" >
        tipo_moda = #record.tipoModa:CHAR#
      </isNotNull>
      <isNotNull prepend="," property="record.relProc" >
        rel_proc = #record.relProc:CHAR#
      </isNotNull>
      <isNotNull prepend="," property="record.cuserModifica" >
        cuser_modifica = #record.cuserModifica:VARCHAR#
      </isNotNull>
      <isNotNull prepend="," property="record.fecModif" >
        fec_modif = #record.fecModif:TIMESTAMP#
      </isNotNull>
      <isNotNull prepend="," property="record.indPostReg" >
        ind_post_reg = #record.indPostReg:CHAR#
      </isNotNull>
      <isNotNull prepend="," property="record.indPostFic" >
        ind_post_fic = #record.indPostFic:CHAR#
      </isNotNull>
      <isNotNull prepend="," property="record.indExpFic" >
        ind_exp_fic = #record.indExpFic:CHAR#
      </isNotNull>
      <isNotNull prepend="," property="record.codEtapa" >
        cod_etapa = #record.codEtapa:CHAR#
      </isNotNull>
    </dynamic>
    <isParameterPresent >
      <include refid="t1368seleccion_cat.ibatorgenerated_Example_Where_Clause" />
    </isParameterPresent>
  </update>
  <update id="ibatorgenerated_updateByExample" >
    <!--
      WARNING - This element is automatically generated by Apache iBATIS ibator, do not modify.
      This element was generated on Tue Jul 04 10:59:04 COT 2017.
    -->
    update t1368seleccion_cat
    set cod_cat = #record.codCat:SMALLINT#,
      des_cat = #record.desCat:VARCHAR#,
      des_abrevi_cat = #record.desAbreviCat:VARCHAR#,
      fini_postu = #record.finiPostu:TIMESTAMP#,
      ffin_postu = #record.ffinPostu:TIMESTAMP#,
      fini_proc = #record.finiProc:TIMESTAMP#,
      ffin_proc = #record.ffinProc:TIMESTAMP#,
      estado = #record.estado:CHAR#,
      cuser_graba = #record.cuserGraba:VARCHAR#,
      fec_graba = #record.fecGraba:TIMESTAMP#,
      per_proceso = #record.perProceso:CHAR#,
      tipo_conv = #record.tipoConv:CHAR#,
      tipo_moda = #record.tipoModa:CHAR#,
      rel_proc = #record.relProc:CHAR#,
      cuser_modifica = #record.cuserModifica:VARCHAR#,
      fec_modif = #record.fecModif:TIMESTAMP#,
      ind_post_reg = #record.indPostReg:CHAR#,
      ind_post_fic = #record.indPostFic:CHAR#,
      ind_exp_fic = #record.indExpFic:CHAR#,
      cod_etapa = #record.codEtapa:CHAR#
    <isParameterPresent >
      <include refid="t1368seleccion_cat.ibatorgenerated_Example_Where_Clause" />
    </isParameterPresent>
  </update>
  <update id="ibatorgenerated_updateByPrimaryKeySelective" parameterClass="pe.gob.sunat.recurso2.humano.seleccion.model.beans.ProcesoPostulacion" >
    <!--
      WARNING - This element is automatically generated by Apache iBATIS ibator, do not modify.
      This element was generated on Tue Jul 04 10:59:04 COT 2017.
    -->
    update t1368seleccion_cat
    <dynamic prepend="set" >
      <isNotNull prepend="," property="desCat" >
        des_cat = #desCat:VARCHAR#
      </isNotNull>
      <isNotNull prepend="," property="desAbreviCat" >
        des_abrevi_cat = #desAbreviCat:VARCHAR#
      </isNotNull>
      <isNotNull prepend="," property="finiPostu" >
        fini_postu = #finiPostu:TIMESTAMP#
      </isNotNull>
      <isNotNull prepend="," property="ffinPostu" >
        ffin_postu = #ffinPostu:TIMESTAMP#
      </isNotNull>
      <isNotNull prepend="," property="finiProc" >
        fini_proc = #finiProc:TIMESTAMP#
      </isNotNull>
      <isNotNull prepend="," property="ffinProc" >
        ffin_proc = #ffinProc:TIMESTAMP#
      </isNotNull>
      <isNotNull prepend="," property="estado" >
        estado = #estado:CHAR#
      </isNotNull>
      <isNotNull prepend="," property="cuserGraba" >
        cuser_graba = #cuserGraba:VARCHAR#
      </isNotNull>
      <isNotNull prepend="," property="fecGraba" >
        fec_graba = #fecGraba:TIMESTAMP#
      </isNotNull>
      <isNotNull prepend="," property="perProceso" >
        per_proceso = #perProceso:CHAR#
      </isNotNull>
      <isNotNull prepend="," property="tipoConv" >
        tipo_conv = #tipoConv:CHAR#
      </isNotNull>
      <isNotNull prepend="," property="tipoModa" >
        tipo_moda = #tipoModa:CHAR#
      </isNotNull>
      <isNotNull prepend="," property="relProc" >
        rel_proc = #relProc:CHAR#
      </isNotNull>
      <isNotNull prepend="," property="cuserModifica" >
        cuser_modifica = #cuserModifica:VARCHAR#
      </isNotNull>
      <isNotNull prepend="," property="fecModif" >
        fec_modif = #fecModif:TIMESTAMP#
      </isNotNull>
      <isNotNull prepend="," property="indPostReg" >
        ind_post_reg = #indPostReg:CHAR#
      </isNotNull>
      <isNotNull prepend="," property="indPostFic" >
        ind_post_fic = #indPostFic:CHAR#
      </isNotNull>
      <isNotNull prepend="," property="indExpFic" >
        ind_exp_fic = #indExpFic:CHAR#
      </isNotNull>
      <isNotNull prepend="," property="codEtapa" >
        cod_etapa = #codEtapa:CHAR#
      </isNotNull>
      <isNotNull prepend="," property="codEstado" >
        cod_estado = #codEstado:CHAR#
      </isNotNull>
    </dynamic>
    where cod_cat = #codCat:SMALLINT#
  </update>
  <update id="ibatorgenerated_updateByPrimaryKey" parameterClass="pe.gob.sunat.recurso2.humano.seleccion.model.beans.ProcesoPostulacion" >
    <!--
      WARNING - This element is automatically generated by Apache iBATIS ibator, do not modify.
      This element was generated on Tue Jul 04 10:59:04 COT 2017.
    -->
    update t1368seleccion_cat
    set des_cat = #desCat:VARCHAR#,
      des_abrevi_cat = #desAbreviCat:VARCHAR#,
      fini_postu = #finiPostu:TIMESTAMP#,
      ffin_postu = #ffinPostu:TIMESTAMP#,
      fini_proc = #finiProc:TIMESTAMP#,
      ffin_proc = #ffinProc:TIMESTAMP#,
      estado = #estado:CHAR#,
      cuser_graba = #cuserGraba:VARCHAR#,
      fec_graba = #fecGraba:TIMESTAMP#,
      per_proceso = #perProceso:CHAR#,
      tipo_conv = #tipoConv:CHAR#,
      tipo_moda = #tipoModa:CHAR#,
      rel_proc = #relProc:CHAR#,
      cuser_modifica = #cuserModifica:VARCHAR#,
      fec_modif = #fecModif:TIMESTAMP#,
      ind_post_reg = #indPostReg:CHAR#,
      ind_post_fic = #indPostFic:CHAR#,
      ind_exp_fic = #indExpFic:CHAR#,
      cod_etapa = #codEtapa:CHAR#
    where cod_cat = #codCat:SMALLINT#
  </update>
</sqlMap>