<?xml version="1.0" encoding="UTF-8" ?>
<!DOCTYPE sqlMap PUBLIC "-//ibatis.apache.org//DTD SQL Map 2.0//EN" "http://ibatis.apache.org/dtd/sql-map-2.dtd" >
<sqlMap namespace="t1663sel_idioma" >
  <resultMap id="ibatorgenerated_BaseResultMap" class="pe.gob.sunat.recurso2.humano.seleccion.model.beans.FichaPostulacionIdioma" >
    <!--
      WARNING - This element is automatically generated by Apache iBATIS ibator, do not modify.
      This element was generated on Tue Jul 04 10:59:04 COT 2017.
    -->
    <result column="num_id_idioma" property="numIdIdioma" jdbcType="INTEGER" />
    <result column="cod_cat" property="codCat" jdbcType="SMALLINT" />
    <result column="tip_docum" property="tipDocum" jdbcType="CHAR" />
    <result column="cod_doc_identidad" property="codDocIdentidad" jdbcType="VARCHAR" />
    <result column="cod_puesto" property="codPuesto" jdbcType="CHAR" />
    <result column="cod_idioma" property="codIdioma" jdbcType="CHAR" />
    <result column="flag_lee" property="flagLee" jdbcType="CHAR" />
    <result column="flag_habla" property="flagHabla" jdbcType="CHAR" />
    <result column="flag_escribe" property="flagEscribe" jdbcType="CHAR" />
    <result column="des_centro_idioma" property="desCentroIdioma" jdbcType="VARCHAR" />
    <result column="fec_creacion" property="fecCreacion" jdbcType="TIMESTAMP" />
    <result column="fec_modif" property="fecModif" jdbcType="TIMESTAMP" />
  </resultMap>
  <sql id="ibatorgenerated_Example_Where_Clause" >
    <!--
      WARNING - This element is automatically generated by Apache iBATIS ibator, do not modify.
      This element was generated on Tue Jul 04 10:59:04 COT 2017.
    -->
    <iterate property="oredCriteria" conjunction="or" prepend="where" removeFirstPrepend="iterate" >
      <isEqual property="oredCriteria[].valid" compareValue="true" >
        (
        <iterate prepend="and" property="oredCriteria[].criteriaWithoutValue" conjunction="and" >
          $oredCriteria[].criteriaWithoutValue[]$
        </iterate>
        <iterate prepend="and" property="oredCriteria[].criteriaWithSingleValue" conjunction="and" >
          $oredCriteria[].criteriaWithSingleValue[].condition$
            #oredCriteria[].criteriaWithSingleValue[].value#
        </iterate>
        <iterate prepend="and" property="oredCriteria[].criteriaWithListValue" conjunction="and" >
          $oredCriteria[].criteriaWithListValue[].condition$
          <iterate property="oredCriteria[].criteriaWithListValue[].values" open="(" close=")" conjunction="," >
            #oredCriteria[].criteriaWithListValue[].values[]#
          </iterate>
        </iterate>
        <iterate prepend="and" property="oredCriteria[].criteriaWithBetweenValue" conjunction="and" >
          $oredCriteria[].criteriaWithBetweenValue[].condition$
          #oredCriteria[].criteriaWithBetweenValue[].values[0]# and
          #oredCriteria[].criteriaWithBetweenValue[].values[1]#
        </iterate>
        )
      </isEqual>
    </iterate>
  </sql>
  <select id="ibatorgenerated_selectByExample" resultMap="ibatorgenerated_BaseResultMap" parameterClass="pe.gob.sunat.recurso2.humano.seleccion.model.beans.FichaPostulacionIdiomaExample" >
    <!--
      WARNING - This element is automatically generated by Apache iBATIS ibator, do not modify.
      This element was generated on Tue Jul 04 10:59:04 COT 2017.
    -->
    select num_id_idioma, cod_cat, tip_docum, cod_doc_identidad, cod_puesto, cod_idioma, flag_lee,
      flag_habla, flag_escribe, des_centro_idioma, fec_creacion, fec_modif
    from t1663sel_idioma
    <isParameterPresent >
      <include refid="t1663sel_idioma.ibatorgenerated_Example_Where_Clause" />
      <isNotNull property="orderByClause" >
        order by $orderByClause$
      </isNotNull>
    </isParameterPresent>
  </select>
  <select id="ibatorgenerated_selectByPrimaryKey" resultMap="ibatorgenerated_BaseResultMap" parameterClass="pe.gob.sunat.recurso2.humano.seleccion.model.beans.FichaPostulacionIdioma" >
    <!--
      WARNING - This element is automatically generated by Apache iBATIS ibator, do not modify.
      This element was generated on Tue Jul 04 10:59:04 COT 2017.
    -->
    select num_id_idioma, cod_cat, tip_docum, cod_doc_identidad, cod_puesto, cod_idioma, flag_lee,
      flag_habla, flag_escribe, des_centro_idioma, fec_creacion, fec_modif
    from t1663sel_idioma
    where num_id_idioma = #numIdIdioma:INTEGER#
  </select>
  <delete id="ibatorgenerated_deleteByPrimaryKey" parameterClass="pe.gob.sunat.recurso2.humano.seleccion.model.beans.FichaPostulacionIdioma" >
    <!--
      WARNING - This element is automatically generated by Apache iBATIS ibator, do not modify.
      This element was generated on Tue Jul 04 10:59:04 COT 2017.
    -->
    delete from t1663sel_idioma
    where num_id_idioma = #numIdIdioma:INTEGER#
  </delete>
  <delete id="ibatorgenerated_deleteByExample" parameterClass="pe.gob.sunat.recurso2.humano.seleccion.model.beans.FichaPostulacionIdiomaExample" >
    <!--
      WARNING - This element is automatically generated by Apache iBATIS ibator, do not modify.
      This element was generated on Tue Jul 04 10:59:04 COT 2017.
    -->
    delete from t1663sel_idioma
    <include refid="t1663sel_idioma.ibatorgenerated_Example_Where_Clause" />
  </delete>
  <insert id="ibatorgenerated_insert" parameterClass="pe.gob.sunat.recurso2.humano.seleccion.model.beans.FichaPostulacionIdioma" >
    <!--
      WARNING - This element is automatically generated by Apache iBATIS ibator, do not modify.
      This element was generated on Tue Jul 04 10:59:04 COT 2017.
    -->
    insert into t1663sel_idioma (cod_cat, tip_docum, cod_doc_identidad, cod_puesto,
      cod_idioma, flag_lee, flag_habla, flag_escribe, des_centro_idioma, fec_creacion, fec_modif)
    values (#codCat:SMALLINT#, #tipDocum:CHAR#, #codDocIdentidad:VARCHAR#,
      #codPuesto:CHAR#, #codIdioma:CHAR#, #flagLee:CHAR#, #flagHabla:CHAR#, #flagEscribe:CHAR#,
      #desCentroIdioma:VARCHAR#, #fecCreacion:TIMESTAMP#, #fecModif:TIMESTAMP#)
  </insert>
  <insert id="ibatorgenerated_insertSelective" parameterClass="pe.gob.sunat.recurso2.humano.seleccion.model.beans.FichaPostulacionIdioma" >
    <!--
      WARNING - This element is automatically generated by Apache iBATIS ibator, do not modify.
      This element was generated on Tue Jul 04 10:59:04 COT 2017.
    -->
    insert into t1663sel_idioma
    <dynamic prepend="(" >
      <isNotNull prepend="," property="numIdIdioma" >
        num_id_idioma
      </isNotNull>
      <isNotNull prepend="," property="codCat" >
        cod_cat
      </isNotNull>
      <isNotNull prepend="," property="tipDocum" >
        tip_docum
      </isNotNull>
      <isNotNull prepend="," property="codDocIdentidad" >
        cod_doc_identidad
      </isNotNull>
      <isNotNull prepend="," property="codPuesto" >
        cod_puesto
      </isNotNull>
      <isNotNull prepend="," property="codIdioma" >
        cod_idioma
      </isNotNull>
      <isNotNull prepend="," property="flagLee" >
        flag_lee
      </isNotNull>
      <isNotNull prepend="," property="flagHabla" >
        flag_habla
      </isNotNull>
      <isNotNull prepend="," property="flagEscribe" >
        flag_escribe
      </isNotNull>
      <isNotNull prepend="," property="desCentroIdioma" >
        des_centro_idioma
      </isNotNull>
      <isNotNull prepend="," property="fecCreacion" >
        fec_creacion
      </isNotNull>
      <isNotNull prepend="," property="fecModif" >
        fec_modif
      </isNotNull>
      )
    </dynamic>
    values
    <dynamic prepend="(" >
      <isNotNull prepend="," property="numIdIdioma" >
        #numIdIdioma:INTEGER#
      </isNotNull>
      <isNotNull prepend="," property="codCat" >
        #codCat:SMALLINT#
      </isNotNull>
      <isNotNull prepend="," property="tipDocum" >
        #tipDocum:CHAR#
      </isNotNull>
      <isNotNull prepend="," property="codDocIdentidad" >
        #codDocIdentidad:VARCHAR#
      </isNotNull>
      <isNotNull prepend="," property="codPuesto" >
        #codPuesto:CHAR#
      </isNotNull>
      <isNotNull prepend="," property="codIdioma" >
        #codIdioma:CHAR#
      </isNotNull>
      <isNotNull prepend="," property="flagLee" >
        #flagLee:CHAR#
      </isNotNull>
      <isNotNull prepend="," property="flagHabla" >
        #flagHabla:CHAR#
      </isNotNull>
      <isNotNull prepend="," property="flagEscribe" >
        #flagEscribe:CHAR#
      </isNotNull>
      <isNotNull prepend="," property="desCentroIdioma" >
        #desCentroIdioma:VARCHAR#
      </isNotNull>
      <isNotNull prepend="," property="fecCreacion" >
        #fecCreacion:TIMESTAMP#
      </isNotNull>
      <isNotNull prepend="," property="fecModif" >
        #fecModif:TIMESTAMP#
      </isNotNull>
      )
    </dynamic>
  </insert>
  <select id="ibatorgenerated_countByExample" parameterClass="pe.gob.sunat.recurso2.humano.seleccion.model.beans.FichaPostulacionIdiomaExample" resultClass="java.lang.Integer" >
    <!--
      WARNING - This element is automatically generated by Apache iBATIS ibator, do not modify.
      This element was generated on Tue Jul 04 10:59:04 COT 2017.
    -->
    select count(*) from t1663sel_idioma
    <include refid="t1663sel_idioma.ibatorgenerated_Example_Where_Clause" />
  </select>
  <update id="ibatorgenerated_updateByExampleSelective" >
    <!--
      WARNING - This element is automatically generated by Apache iBATIS ibator, do not modify.
      This element was generated on Tue Jul 04 10:59:04 COT 2017.
    -->
    update t1663sel_idioma
    <dynamic prepend="set" >
      <isNotNull prepend="," property="record.numIdIdioma" >
        num_id_idioma = #record.numIdIdioma:INTEGER#
      </isNotNull>
      <isNotNull prepend="," property="record.codCat" >
        cod_cat = #record.codCat:SMALLINT#
      </isNotNull>
      <isNotNull prepend="," property="record.tipDocum" >
        tip_docum = #record.tipDocum:CHAR#
      </isNotNull>
      <isNotNull prepend="," property="record.codDocIdentidad" >
        cod_doc_identidad = #record.codDocIdentidad:VARCHAR#
      </isNotNull>
      <isNotNull prepend="," property="record.codPuesto" >
        cod_puesto = #record.codPuesto:CHAR#
      </isNotNull>
      <isNotNull prepend="," property="record.codIdioma" >
        cod_idioma = #record.codIdioma:CHAR#
      </isNotNull>
      <isNotNull prepend="," property="record.flagLee" >
        flag_lee = #record.flagLee:CHAR#
      </isNotNull>
      <isNotNull prepend="," property="record.flagHabla" >
        flag_habla = #record.flagHabla:CHAR#
      </isNotNull>
      <isNotNull prepend="," property="record.flagEscribe" >
        flag_escribe = #record.flagEscribe:CHAR#
      </isNotNull>
      <isNotNull prepend="," property="record.desCentroIdioma" >
        des_centro_idioma = #record.desCentroIdioma:VARCHAR#
      </isNotNull>
      <isNotNull prepend="," property="record.fecCreacion" >
        fec_creacion = #record.fecCreacion:TIMESTAMP#
      </isNotNull>
      <isNotNull prepend="," property="record.fecModif" >
        fec_modif = #record.fecModif:TIMESTAMP#
      </isNotNull>
    </dynamic>
    <isParameterPresent >
      <include refid="t1663sel_idioma.ibatorgenerated_Example_Where_Clause" />
    </isParameterPresent>
  </update>
  <update id="ibatorgenerated_updateByExample" >
    <!--
      WARNING - This element is automatically generated by Apache iBATIS ibator, do not modify.
      This element was generated on Tue Jul 04 10:59:04 COT 2017.
    -->
    update t1663sel_idioma
    set num_id_idioma = #record.numIdIdioma:INTEGER#,
      cod_cat = #record.codCat:SMALLINT#,
      tip_docum = #record.tipDocum:CHAR#,
      cod_doc_identidad = #record.codDocIdentidad:VARCHAR#,
      cod_puesto = #record.codPuesto:CHAR#,
      cod_idioma = #record.codIdioma:CHAR#,
      flag_lee = #record.flagLee:CHAR#,
      flag_habla = #record.flagHabla:CHAR#,
      flag_escribe = #record.flagEscribe:CHAR#,
      des_centro_idioma = #record.desCentroIdioma:VARCHAR#,
      fec_creacion = #record.fecCreacion:TIMESTAMP#,
      fec_modif = #record.fecModif:TIMESTAMP#
    <isParameterPresent >
      <include refid="t1663sel_idioma.ibatorgenerated_Example_Where_Clause" />
    </isParameterPresent>
  </update>
  <update id="ibatorgenerated_updateByPrimaryKeySelective" parameterClass="pe.gob.sunat.recurso2.humano.seleccion.model.beans.FichaPostulacionIdioma" >
    <!--
      WARNING - This element is automatically generated by Apache iBATIS ibator, do not modify.
      This element was generated on Tue Jul 04 10:59:04 COT 2017.
    -->
    update t1663sel_idioma
    <dynamic prepend="set" >
      <isNotNull prepend="," property="codCat" >
        cod_cat = #codCat:SMALLINT#
      </isNotNull>
      <isNotNull prepend="," property="tipDocum" >
        tip_docum = #tipDocum:CHAR#
      </isNotNull>
      <isNotNull prepend="," property="codDocIdentidad" >
        cod_doc_identidad = #codDocIdentidad:VARCHAR#
      </isNotNull>
      <isNotNull prepend="," property="codPuesto" >
        cod_puesto = #codPuesto:CHAR#
      </isNotNull>
      <isNotNull prepend="," property="codIdioma" >
        cod_idioma = #codIdioma:CHAR#
      </isNotNull>
      <isNotNull prepend="," property="flagLee" >
        flag_lee = #flagLee:CHAR#
      </isNotNull>
      <isNotNull prepend="," property="flagHabla" >
        flag_habla = #flagHabla:CHAR#
      </isNotNull>
      <isNotNull prepend="," property="flagEscribe" >
        flag_escribe = #flagEscribe:CHAR#
      </isNotNull>
      <isNotNull prepend="," property="desCentroIdioma" >
        des_centro_idioma = #desCentroIdioma:VARCHAR#
      </isNotNull>
      <isNotNull prepend="," property="fecCreacion" >
        fec_creacion = #fecCreacion:TIMESTAMP#
      </isNotNull>
      <isNotNull prepend="," property="fecModif" >
        fec_modif = #fecModif:TIMESTAMP#
      </isNotNull>
    </dynamic>
    where num_id_idioma = #numIdIdioma:INTEGER#
  </update>
  <update id="ibatorgenerated_updateByPrimaryKey" parameterClass="pe.gob.sunat.recurso2.humano.seleccion.model.beans.FichaPostulacionIdioma" >
    <!--
      WARNING - This element is automatically generated by Apache iBATIS ibator, do not modify.
      This element was generated on Tue Jul 04 10:59:04 COT 2017.
    -->
    update t1663sel_idioma
    set cod_cat = #codCat:SMALLINT#,
      tip_docum = #tipDocum:CHAR#,
      cod_doc_identidad = #codDocIdentidad:VARCHAR#,
      cod_puesto = #codPuesto:CHAR#,
      cod_idioma = #codIdioma:CHAR#,
      flag_lee = #flagLee:CHAR#,
      flag_habla = #flagHabla:CHAR#,
      flag_escribe = #flagEscribe:CHAR#,
      des_centro_idioma = #desCentroIdioma:VARCHAR#,
      fec_creacion = #fecCreacion:TIMESTAMP#,
      fec_modif = #fecModif:TIMESTAMP#
    where num_id_idioma = #numIdIdioma:INTEGER#
  </update>
</sqlMap>