<?xml version="1.0" encoding="UTF-8" ?>
<!DOCTYPE sqlMap PUBLIC "-//ibatis.apache.org//DTD SQL Map 2.0//EN" "http://ibatis.apache.org/dtd/sql-map-2.dtd" >
<sqlMap namespace="t1664sel_expe" >
  <resultMap id="ibatorgenerated_BaseResultMap" class="pe.gob.sunat.recurso2.humano.seleccion.model.beans.FichaPostulacionExperiencia" >
    <!--
      WARNING - This element is automatically generated by Apache iBATIS ibator, do not modify.
      This element was generated on Tue Jul 04 10:59:04 COT 2017.
    -->
    <result column="num_id_expe" property="numIdExpe" jdbcType="INTEGER" />
    <result column="cod_cat" property="codCat" jdbcType="SMALLINT" />
    <result column="tip_docum" property="tipDocum" jdbcType="CHAR" />
    <result column="cod_doc_identidad" property="codDocIdentidad" jdbcType="VARCHAR" />
    <result column="cod_puesto" property="codPuesto" jdbcType="CHAR" />
    <result column="tip_experiencia" property="tipExperiencia" jdbcType="CHAR" />
    <result column="desc_lugar" property="descLugar" jdbcType="VARCHAR" />
    <result column="fec_inicio" property="fecInicio" jdbcType="DATE" />
    <result column="fec_fin" property="fecFin" jdbcType="DATE" />
    <result column="des_motivo_cese" property="desMotivoCese" jdbcType="VARCHAR" />
    <result column="des_labores" property="desLabores" jdbcType="VARCHAR" />
    <result column="mto_remu" property="mtoRemu" jdbcType="DECIMAL" />
    <result column="fec_creacion" property="fecCreacion" jdbcType="TIMESTAMP" />
    <result column="fec_modif" property="fecModif" jdbcType="TIME" />
  </resultMap>
  <sql id="ibatorgenerated_Example_Where_Clause" >
    <!--
      WARNING - This element is automatically generated by Apache iBATIS ibator, do not modify.
      This element was generated on Tue Jul 04 10:59:04 COT 2017.
    -->
    <iterate property="oredCriteria" conjunction="or" prepend="where" removeFirstPrepend="iterate" >
      <isEqual property="oredCriteria[].valid" compareValue="true" >
        (
        <iterate prepend="and" property="oredCriteria[].criteriaWithoutValue" conjunction="and" >
          $oredCriteria[].criteriaWithoutValue[]$
        </iterate>
        <iterate prepend="and" property="oredCriteria[].criteriaWithSingleValue" conjunction="and" >
          $oredCriteria[].criteriaWithSingleValue[].condition$
            #oredCriteria[].criteriaWithSingleValue[].value#
        </iterate>
        <iterate prepend="and" property="oredCriteria[].criteriaWithListValue" conjunction="and" >
          $oredCriteria[].criteriaWithListValue[].condition$
          <iterate property="oredCriteria[].criteriaWithListValue[].values" open="(" close=")" conjunction="," >
            #oredCriteria[].criteriaWithListValue[].values[]#
          </iterate>
        </iterate>
        <iterate prepend="and" property="oredCriteria[].criteriaWithBetweenValue" conjunction="and" >
          $oredCriteria[].criteriaWithBetweenValue[].condition$
          #oredCriteria[].criteriaWithBetweenValue[].values[0]# and
          #oredCriteria[].criteriaWithBetweenValue[].values[1]#
        </iterate>
        )
      </isEqual>
    </iterate>
  </sql>
  <select id="ibatorgenerated_selectByExample" resultMap="ibatorgenerated_BaseResultMap" parameterClass="pe.gob.sunat.recurso2.humano.seleccion.model.beans.FichaPostulacionExperienciaExample" >
    <!--
      WARNING - This element is automatically generated by Apache iBATIS ibator, do not modify.
      This element was generated on Tue Jul 04 10:59:04 COT 2017.
    -->
    select num_id_expe, cod_cat, tip_docum, cod_doc_identidad, cod_puesto, tip_experiencia,
      desc_lugar, fec_inicio, fec_fin, des_motivo_cese, des_labores, mto_remu, fec_creacion,
      fec_modif
    from t1664sel_expe
    <isParameterPresent >
      <include refid="t1664sel_expe.ibatorgenerated_Example_Where_Clause" />
      <isNotNull property="orderByClause" >
        order by $orderByClause$
      </isNotNull>
    </isParameterPresent>
  </select>
  <select id="ibatorgenerated_selectByPrimaryKey" resultMap="ibatorgenerated_BaseResultMap" parameterClass="pe.gob.sunat.recurso2.humano.seleccion.model.beans.FichaPostulacionExperiencia" >
    <!--
      WARNING - This element is automatically generated by Apache iBATIS ibator, do not modify.
      This element was generated on Tue Jul 04 10:59:04 COT 2017.
    -->
    select num_id_expe, cod_cat, tip_docum, cod_doc_identidad, cod_puesto, tip_experiencia,
      desc_lugar, fec_inicio, fec_fin, des_motivo_cese, des_labores, mto_remu, fec_creacion,
      fec_modif
    from t1664sel_expe
    where num_id_expe = #numIdExpe:INTEGER#
  </select>
  <delete id="ibatorgenerated_deleteByPrimaryKey" parameterClass="pe.gob.sunat.recurso2.humano.seleccion.model.beans.FichaPostulacionExperiencia" >
    <!--
      WARNING - This element is automatically generated by Apache iBATIS ibator, do not modify.
      This element was generated on Tue Jul 04 10:59:04 COT 2017.
    -->
    delete from t1664sel_expe
    where num_id_expe = #numIdExpe:INTEGER#
  </delete>
  <delete id="ibatorgenerated_deleteByExample" parameterClass="pe.gob.sunat.recurso2.humano.seleccion.model.beans.FichaPostulacionExperienciaExample" >
    <!--
      WARNING - This element is automatically generated by Apache iBATIS ibator, do not modify.
      This element was generated on Tue Jul 04 10:59:04 COT 2017.
    -->
    delete from t1664sel_expe
    <include refid="t1664sel_expe.ibatorgenerated_Example_Where_Clause" />
  </delete>
  <insert id="ibatorgenerated_insert" parameterClass="pe.gob.sunat.recurso2.humano.seleccion.model.beans.FichaPostulacionExperiencia" >
    <!--
      WARNING - This element is automatically generated by Apache iBATIS ibator, do not modify.
      This element was generated on Tue Jul 04 10:59:04 COT 2017.
    -->
    insert into t1664sel_expe (cod_cat, tip_docum, cod_doc_identidad, cod_puesto,
      tip_experiencia, desc_lugar, fec_inicio, fec_fin, des_motivo_cese, des_labores, mto_remu,
      fec_creacion, fec_modif)
    values (#codCat:SMALLINT#, #tipDocum:CHAR#, #codDocIdentidad:VARCHAR#,
      #codPuesto:CHAR#, #tipExperiencia:CHAR#, #descLugar:VARCHAR#, #fecInicio:DATE#, #fecFin:DATE#,
      #desMotivoCese:VARCHAR#, #desLabores:VARCHAR#, #mtoRemu:DECIMAL#, #fecCreacion:TIMESTAMP#,
      #fecModif:TIME#)
  </insert>
  <insert id="ibatorgenerated_insertSelective" parameterClass="pe.gob.sunat.recurso2.humano.seleccion.model.beans.FichaPostulacionExperiencia" >
    <!--
      WARNING - This element is automatically generated by Apache iBATIS ibator, do not modify.
      This element was generated on Tue Jul 04 10:59:04 COT 2017.
    -->
    insert into t1664sel_expe
    <dynamic prepend="(" >
      <isNotNull prepend="," property="numIdExpe" >
        num_id_expe
      </isNotNull>
      <isNotNull prepend="," property="codCat" >
        cod_cat
      </isNotNull>
      <isNotNull prepend="," property="tipDocum" >
        tip_docum
      </isNotNull>
      <isNotNull prepend="," property="codDocIdentidad" >
        cod_doc_identidad
      </isNotNull>
      <isNotNull prepend="," property="codPuesto" >
        cod_puesto
      </isNotNull>
      <isNotNull prepend="," property="tipExperiencia" >
        tip_experiencia
      </isNotNull>
      <isNotNull prepend="," property="descLugar" >
        desc_lugar
      </isNotNull>
      <isNotNull prepend="," property="fecInicio" >
        fec_inicio
      </isNotNull>
      <isNotNull prepend="," property="fecFin" >
        fec_fin
      </isNotNull>
      <isNotNull prepend="," property="desMotivoCese" >
        des_motivo_cese
      </isNotNull>
      <isNotNull prepend="," property="desLabores" >
        des_labores
      </isNotNull>
      <isNotNull prepend="," property="mtoRemu" >
        mto_remu
      </isNotNull>
      <isNotNull prepend="," property="fecCreacion" >
        fec_creacion
      </isNotNull>
      <isNotNull prepend="," property="fecModif" >
        fec_modif
      </isNotNull>
      )
    </dynamic>
    values
    <dynamic prepend="(" >
      <isNotNull prepend="," property="numIdExpe" >
        #numIdExpe:INTEGER#
      </isNotNull>
      <isNotNull prepend="," property="codCat" >
        #codCat:SMALLINT#
      </isNotNull>
      <isNotNull prepend="," property="tipDocum" >
        #tipDocum:CHAR#
      </isNotNull>
      <isNotNull prepend="," property="codDocIdentidad" >
        #codDocIdentidad:VARCHAR#
      </isNotNull>
      <isNotNull prepend="," property="codPuesto" >
        #codPuesto:CHAR#
      </isNotNull>
      <isNotNull prepend="," property="tipExperiencia" >
        #tipExperiencia:CHAR#
      </isNotNull>
      <isNotNull prepend="," property="descLugar" >
        #descLugar:VARCHAR#
      </isNotNull>
      <isNotNull prepend="," property="fecInicio" >
        #fecInicio:DATE#
      </isNotNull>
      <isNotNull prepend="," property="fecFin" >
        #fecFin:DATE#
      </isNotNull>
      <isNotNull prepend="," property="desMotivoCese" >
        #desMotivoCese:VARCHAR#
      </isNotNull>
      <isNotNull prepend="," property="desLabores" >
        #desLabores:VARCHAR#
      </isNotNull>
      <isNotNull prepend="," property="mtoRemu" >
        #mtoRemu:DECIMAL#
      </isNotNull>
      <isNotNull prepend="," property="fecCreacion" >
        #fecCreacion:TIMESTAMP#
      </isNotNull>
      <isNotNull prepend="," property="fecModif" >
        #fecModif:TIME#
      </isNotNull>
      )
    </dynamic>
  </insert>
  <select id="ibatorgenerated_countByExample" parameterClass="pe.gob.sunat.recurso2.humano.seleccion.model.beans.FichaPostulacionExperienciaExample" resultClass="java.lang.Integer" >
    <!--
      WARNING - This element is automatically generated by Apache iBATIS ibator, do not modify.
      This element was generated on Tue Jul 04 10:59:04 COT 2017.
    -->
    select count(*) from t1664sel_expe
    <include refid="t1664sel_expe.ibatorgenerated_Example_Where_Clause" />
  </select>
  <update id="ibatorgenerated_updateByExampleSelective" >
    <!--
      WARNING - This element is automatically generated by Apache iBATIS ibator, do not modify.
      This element was generated on Tue Jul 04 10:59:04 COT 2017.
    -->
    update t1664sel_expe
    <dynamic prepend="set" >
      <isNotNull prepend="," property="record.numIdExpe" >
        num_id_expe = #record.numIdExpe:INTEGER#
      </isNotNull>
      <isNotNull prepend="," property="record.codCat" >
        cod_cat = #record.codCat:SMALLINT#
      </isNotNull>
      <isNotNull prepend="," property="record.tipDocum" >
        tip_docum = #record.tipDocum:CHAR#
      </isNotNull>
      <isNotNull prepend="," property="record.codDocIdentidad" >
        cod_doc_identidad = #record.codDocIdentidad:VARCHAR#
      </isNotNull>
      <isNotNull prepend="," property="record.codPuesto" >
        cod_puesto = #record.codPuesto:CHAR#
      </isNotNull>
      <isNotNull prepend="," property="record.tipExperiencia" >
        tip_experiencia = #record.tipExperiencia:CHAR#
      </isNotNull>
      <isNotNull prepend="," property="record.descLugar" >
        desc_lugar = #record.descLugar:VARCHAR#
      </isNotNull>
      <isNotNull prepend="," property="record.fecInicio" >
        fec_inicio = #record.fecInicio:DATE#
      </isNotNull>
      <isNotNull prepend="," property="record.fecFin" >
        fec_fin = #record.fecFin:DATE#
      </isNotNull>
      <isNotNull prepend="," property="record.desMotivoCese" >
        des_motivo_cese = #record.desMotivoCese:VARCHAR#
      </isNotNull>
      <isNotNull prepend="," property="record.desLabores" >
        des_labores = #record.desLabores:VARCHAR#
      </isNotNull>
      <isNotNull prepend="," property="record.mtoRemu" >
        mto_remu = #record.mtoRemu:DECIMAL#
      </isNotNull>
      <isNotNull prepend="," property="record.fecCreacion" >
        fec_creacion = #record.fecCreacion:TIMESTAMP#
      </isNotNull>
      <isNotNull prepend="," property="record.fecModif" >
        fec_modif = #record.fecModif:TIME#
      </isNotNull>
    </dynamic>
    <isParameterPresent >
      <include refid="t1664sel_expe.ibatorgenerated_Example_Where_Clause" />
    </isParameterPresent>
  </update>
  <update id="ibatorgenerated_updateByExample" >
    <!--
      WARNING - This element is automatically generated by Apache iBATIS ibator, do not modify.
      This element was generated on Tue Jul 04 10:59:04 COT 2017.
    -->
    update t1664sel_expe
    set num_id_expe = #record.numIdExpe:INTEGER#,
      cod_cat = #record.codCat:SMALLINT#,
      tip_docum = #record.tipDocum:CHAR#,
      cod_doc_identidad = #record.codDocIdentidad:VARCHAR#,
      cod_puesto = #record.codPuesto:CHAR#,
      tip_experiencia = #record.tipExperiencia:CHAR#,
      desc_lugar = #record.descLugar:VARCHAR#,
      fec_inicio = #record.fecInicio:DATE#,
      fec_fin = #record.fecFin:DATE#,
      des_motivo_cese = #record.desMotivoCese:VARCHAR#,
      des_labores = #record.desLabores:VARCHAR#,
      mto_remu = #record.mtoRemu:DECIMAL#,
      fec_creacion = #record.fecCreacion:TIMESTAMP#,
      fec_modif = #record.fecModif:TIME#
    <isParameterPresent >
      <include refid="t1664sel_expe.ibatorgenerated_Example_Where_Clause" />
    </isParameterPresent>
  </update>
  <update id="ibatorgenerated_updateByPrimaryKeySelective" parameterClass="pe.gob.sunat.recurso2.humano.seleccion.model.beans.FichaPostulacionExperiencia" >
    <!--
      WARNING - This element is automatically generated by Apache iBATIS ibator, do not modify.
      This element was generated on Tue Jul 04 10:59:04 COT 2017.
    -->
    update t1664sel_expe
    <dynamic prepend="set" >
      <isNotNull prepend="," property="codCat" >
        cod_cat = #codCat:SMALLINT#
      </isNotNull>
      <isNotNull prepend="," property="tipDocum" >
        tip_docum = #tipDocum:CHAR#
      </isNotNull>
      <isNotNull prepend="," property="codDocIdentidad" >
        cod_doc_identidad = #codDocIdentidad:VARCHAR#
      </isNotNull>
      <isNotNull prepend="," property="codPuesto" >
        cod_puesto = #codPuesto:CHAR#
      </isNotNull>
      <isNotNull prepend="," property="tipExperiencia" >
        tip_experiencia = #tipExperiencia:CHAR#
      </isNotNull>
      <isNotNull prepend="," property="descLugar" >
        desc_lugar = #descLugar:VARCHAR#
      </isNotNull>
      <isNotNull prepend="," property="fecInicio" >
        fec_inicio = #fecInicio:DATE#
      </isNotNull>
      <isNotNull prepend="," property="fecFin" >
        fec_fin = #fecFin:DATE#
      </isNotNull>
      <isNotNull prepend="," property="desMotivoCese" >
        des_motivo_cese = #desMotivoCese:VARCHAR#
      </isNotNull>
      <isNotNull prepend="," property="desLabores" >
        des_labores = #desLabores:VARCHAR#
      </isNotNull>
      <isNotNull prepend="," property="mtoRemu" >
        mto_remu = #mtoRemu:DECIMAL#
      </isNotNull>
      <isNotNull prepend="," property="fecCreacion" >
        fec_creacion = #fecCreacion:TIMESTAMP#
      </isNotNull>
      <isNotNull prepend="," property="fecModif" >
        fec_modif = #fecModif:TIME#
      </isNotNull>
    </dynamic>
    where num_id_expe = #numIdExpe:INTEGER#
  </update>
  <update id="ibatorgenerated_updateByPrimaryKey" parameterClass="pe.gob.sunat.recurso2.humano.seleccion.model.beans.FichaPostulacionExperiencia" >
    <!--
      WARNING - This element is automatically generated by Apache iBATIS ibator, do not modify.
      This element was generated on Tue Jul 04 10:59:04 COT 2017.
    -->
    update t1664sel_expe
    set cod_cat = #codCat:SMALLINT#,
      tip_docum = #tipDocum:CHAR#,
      cod_doc_identidad = #codDocIdentidad:VARCHAR#,
      cod_puesto = #codPuesto:CHAR#,
      tip_experiencia = #tipExperiencia:CHAR#,
      desc_lugar = #descLugar:VARCHAR#,
      fec_inicio = #fecInicio:DATE#,
      fec_fin = #fecFin:DATE#,
      des_motivo_cese = #desMotivoCese:VARCHAR#,
      des_labores = #desLabores:VARCHAR#,
      mto_remu = #mtoRemu:DECIMAL#,
      fec_creacion = #fecCreacion:TIMESTAMP#,
      fec_modif = #fecModif:TIME#
    where num_id_expe = #numIdExpe:INTEGER#
  </update>
</sqlMap>