<?xml version="1.0" encoding="UTF-8" ?>
<!DOCTYPE sqlMap PUBLIC "-//ibatis.apache.org//DTD SQL Map 2.0//EN" "http://ibatis.apache.org/dtd/sql-map-2.dtd" >
<sqlMap namespace="t1662puesto_cat" >
    <typeAlias alias="PuestoProceso" type="pe.gob.sunat.recurso2.humano.seleccion.model.beans.PuestoProceso" />
  <resultMap id="ibatorgenerated_BaseResultMap" class="pe.gob.sunat.recurso2.humano.seleccion.model.beans.Puesto" >
    <!--
      WARNING - This element is automatically generated by Apache iBATIS ibator, do not modify.
      This element was generated on Tue Jul 04 10:59:04 COT 2017.
    -->
    <result column="cod_cat" property="codCat" jdbcType="SMALLINT" />
    <result column="cod_puesto" property="codPuesto" jdbcType="CHAR" />
    <result column="des_puesto" property="desPuesto" jdbcType="VARCHAR" />
    <result column="num_vacantes" property="numVacantes" jdbcType="INTEGER" />
    <result column="cnt_edad_limite" property="cntEdadLimite" jdbcType="INTEGER" />
    <result column="mto_remu" property="mtoRemu" jdbcType="DECIMAL" />
    <result column="cod_usugraba" property="codUsugraba" jdbcType="VARCHAR" />
    <result column="fec_graba" property="fecGraba" jdbcType="TIMESTAMP" />
    <result column="cod_usumodif" property="codUsumodif" jdbcType="VARCHAR" />
    <result column="fec_modif" property="fecModif" jdbcType="TIMESTAMP" />
  </resultMap>
  
  <sql id="ibatorgenerated_Example_Where_Clause" >
    <!--
      WARNING - This element is automatically generated by Apache iBATIS ibator, do not modify.
      This element was generated on Tue Jul 04 10:59:04 COT 2017.
    -->
    <iterate property="oredCriteria" conjunction="or" prepend="where" removeFirstPrepend="iterate" >
      <isEqual property="oredCriteria[].valid" compareValue="true" >
        (
        <iterate prepend="and" property="oredCriteria[].criteriaWithoutValue" conjunction="and" >
          $oredCriteria[].criteriaWithoutValue[]$
        </iterate>
        <iterate prepend="and" property="oredCriteria[].criteriaWithSingleValue" conjunction="and" >
          $oredCriteria[].criteriaWithSingleValue[].condition$
            #oredCriteria[].criteriaWithSingleValue[].value#
        </iterate>
        <iterate prepend="and" property="oredCriteria[].criteriaWithListValue" conjunction="and" >
          $oredCriteria[].criteriaWithListValue[].condition$
          <iterate property="oredCriteria[].criteriaWithListValue[].values" open="(" close=")" conjunction="," >
            #oredCriteria[].criteriaWithListValue[].values[]#
          </iterate>
        </iterate>
        <iterate prepend="and" property="oredCriteria[].criteriaWithBetweenValue" conjunction="and" >
          $oredCriteria[].criteriaWithBetweenValue[].condition$
          #oredCriteria[].criteriaWithBetweenValue[].values[0]# and
          #oredCriteria[].criteriaWithBetweenValue[].values[1]#
        </iterate>
        )
      </isEqual>
    </iterate>
  </sql>
  <select id="ibatorgenerated_selectByExample" resultMap="ibatorgenerated_BaseResultMap" parameterClass="pe.gob.sunat.recurso2.humano.seleccion.model.beans.PuestoExample" >
    <!--
      WARNING - This element is automatically generated by Apache iBATIS ibator, do not modify.
      This element was generated on Tue Jul 04 10:59:04 COT 2017.
    -->
    select cod_cat, cod_puesto, des_puesto, num_vacantes, cnt_edad_limite, mto_remu, cod_usugraba,
      fec_graba, cod_usumodif, fec_modif
    from t1662puesto_cat
    <isParameterPresent >
      <include refid="t1662puesto_cat.ibatorgenerated_Example_Where_Clause" />
      <isNotNull property="orderByClause" >
        order by $orderByClause$
      </isNotNull>
    </isParameterPresent>
  </select>
  <select id="ibatorgenerated_selectByPrimaryKey" resultMap="ibatorgenerated_BaseResultMap" parameterClass="pe.gob.sunat.recurso2.humano.seleccion.model.beans.PuestoKey" >
    <!--
      WARNING - This element is automatically generated by Apache iBATIS ibator, do not modify.
      This element was generated on Tue Jul 04 10:59:04 COT 2017.
    -->
    select cod_cat, cod_puesto, des_puesto, num_vacantes, cnt_edad_limite, mto_remu, cod_usugraba,
      fec_graba, cod_usumodif, fec_modif
    from t1662puesto_cat
    where cod_cat = #codCat:SMALLINT#
      and cod_puesto = #codPuesto:CHAR#
  </select>
  <delete id="ibatorgenerated_deleteByPrimaryKey" parameterClass="pe.gob.sunat.recurso2.humano.seleccion.model.beans.PuestoKey" >
    <!--
      WARNING - This element is automatically generated by Apache iBATIS ibator, do not modify.
      This element was generated on Tue Jul 04 10:59:04 COT 2017.
    -->
    delete from t1662puesto_cat
    where cod_cat = #codCat:SMALLINT#
      and cod_puesto = #codPuesto:CHAR#
  </delete>
  <delete id="ibatorgenerated_deleteByExample" parameterClass="pe.gob.sunat.recurso2.humano.seleccion.model.beans.PuestoExample" >
    <!--
      WARNING - This element is automatically generated by Apache iBATIS ibator, do not modify.
      This element was generated on Tue Jul 04 10:59:04 COT 2017.
    -->
    delete from t1662puesto_cat
    <include refid="t1662puesto_cat.ibatorgenerated_Example_Where_Clause" />
  </delete>
  <insert id="ibatorgenerated_insert" parameterClass="pe.gob.sunat.recurso2.humano.seleccion.model.beans.Puesto" >
    <!--
      WARNING - This element is automatically generated by Apache iBATIS ibator, do not modify.
      This element was generated on Tue Jul 04 10:59:04 COT 2017.
    -->
    insert into t1662puesto_cat (cod_cat, cod_puesto, des_puesto, num_vacantes, cnt_edad_limite,
      mto_remu, cod_usugraba, fec_graba, cod_usumodif, fec_modif)
    values (#codCat:SMALLINT#, #codPuesto:CHAR#, #desPuesto:VARCHAR#, #numVacantes:INTEGER#,
      #cntEdadLimite:INTEGER#, #mtoRemu:DECIMAL#, #codUsugraba:VARCHAR#, #fecGraba:TIMESTAMP#,
      #codUsumodif:VARCHAR#, #fecModif:TIMESTAMP#)
  </insert>
  <insert id="ibatorgenerated_insertSelective" parameterClass="pe.gob.sunat.recurso2.humano.seleccion.model.beans.Puesto" >
    <!--
      WARNING - This element is automatically generated by Apache iBATIS ibator, do not modify.
      This element was generated on Tue Jul 04 10:59:04 COT 2017.
    -->
    insert into t1662puesto_cat
    <dynamic prepend="(" >
      <isNotNull prepend="," property="codCat" >
        cod_cat
      </isNotNull>
      <isNotNull prepend="," property="codPuesto" >
        cod_puesto
      </isNotNull>
      <isNotNull prepend="," property="desPuesto" >
        des_puesto
      </isNotNull>
      <isNotNull prepend="," property="numVacantes" >
        num_vacantes
      </isNotNull>
      <isNotNull prepend="," property="cntEdadLimite" >
        cnt_edad_limite
      </isNotNull>
      <isNotNull prepend="," property="mtoRemu" >
        mto_remu
      </isNotNull>
      <isNotNull prepend="," property="codUsugraba" >
        cod_usugraba
      </isNotNull>
      <isNotNull prepend="," property="fecGraba" >
        fec_graba
      </isNotNull>
      <isNotNull prepend="," property="codUsumodif" >
        cod_usumodif
      </isNotNull>
      <isNotNull prepend="," property="fecModif" >
        fec_modif
      </isNotNull>
      )
    </dynamic>
    values
    <dynamic prepend="(" >
      <isNotNull prepend="," property="codCat" >
        #codCat:SMALLINT#
      </isNotNull>
      <isNotNull prepend="," property="codPuesto" >
        #codPuesto:CHAR#
      </isNotNull>
      <isNotNull prepend="," property="desPuesto" >
        #desPuesto:VARCHAR#
      </isNotNull>
      <isNotNull prepend="," property="numVacantes" >
        #numVacantes:INTEGER#
      </isNotNull>
      <isNotNull prepend="," property="cntEdadLimite" >
        #cntEdadLimite:INTEGER#
      </isNotNull>
      <isNotNull prepend="," property="mtoRemu" >
        #mtoRemu:DECIMAL#
      </isNotNull>
      <isNotNull prepend="," property="codUsugraba" >
        #codUsugraba:VARCHAR#
      </isNotNull>
      <isNotNull prepend="," property="fecGraba" >
        #fecGraba:TIMESTAMP#
      </isNotNull>
      <isNotNull prepend="," property="codUsumodif" >
        #codUsumodif:VARCHAR#
      </isNotNull>
      <isNotNull prepend="," property="fecModif" >
        #fecModif:TIMESTAMP#
      </isNotNull>
      )
    </dynamic>
  </insert>
  <select id="ibatorgenerated_countByExample" parameterClass="pe.gob.sunat.recurso2.humano.seleccion.model.beans.PuestoExample" resultClass="java.lang.Integer" >
    <!--
      WARNING - This element is automatically generated by Apache iBATIS ibator, do not modify.
      This element was generated on Tue Jul 04 10:59:04 COT 2017.
    -->
    select count(*) from t1662puesto_cat
    <include refid="t1662puesto_cat.ibatorgenerated_Example_Where_Clause" />
  </select>
  <update id="ibatorgenerated_updateByExampleSelective" >
    <!--
      WARNING - This element is automatically generated by Apache iBATIS ibator, do not modify.
      This element was generated on Tue Jul 04 10:59:04 COT 2017.
    -->
    update t1662puesto_cat
    <dynamic prepend="set" >
      <isNotNull prepend="," property="record.codCat" >
        cod_cat = #record.codCat:SMALLINT#
      </isNotNull>
      <isNotNull prepend="," property="record.codPuesto" >
        cod_puesto = #record.codPuesto:CHAR#
      </isNotNull>
      <isNotNull prepend="," property="record.desPuesto" >
        des_puesto = #record.desPuesto:VARCHAR#
      </isNotNull>
      <isNotNull prepend="," property="record.numVacantes" >
        num_vacantes = #record.numVacantes:INTEGER#
      </isNotNull>
      <isNotNull prepend="," property="record.cntEdadLimite" >
        cnt_edad_limite = #record.cntEdadLimite:INTEGER#
      </isNotNull>
      <isNotNull prepend="," property="record.mtoRemu" >
        mto_remu = #record.mtoRemu:DECIMAL#
      </isNotNull>
      <isNotNull prepend="," property="record.codUsugraba" >
        cod_usugraba = #record.codUsugraba:VARCHAR#
      </isNotNull>
      <isNotNull prepend="," property="record.fecGraba" >
        fec_graba = #record.fecGraba:TIMESTAMP#
      </isNotNull>
      <isNotNull prepend="," property="record.codUsumodif" >
        cod_usumodif = #record.codUsumodif:VARCHAR#
      </isNotNull>
      <isNotNull prepend="," property="record.fecModif" >
        fec_modif = #record.fecModif:TIMESTAMP#
      </isNotNull>
    </dynamic>
    <isParameterPresent >
      <include refid="t1662puesto_cat.ibatorgenerated_Example_Where_Clause" />
    </isParameterPresent>
  </update>
  <update id="ibatorgenerated_updateByExample" >
    <!--
      WARNING - This element is automatically generated by Apache iBATIS ibator, do not modify.
      This element was generated on Tue Jul 04 10:59:04 COT 2017.
    -->
    update t1662puesto_cat
    set cod_cat = #record.codCat:SMALLINT#,
      cod_puesto = #record.codPuesto:CHAR#,
      des_puesto = #record.desPuesto:VARCHAR#,
      num_vacantes = #record.numVacantes:INTEGER#,
      cnt_edad_limite = #record.cntEdadLimite:INTEGER#,
      mto_remu = #record.mtoRemu:DECIMAL#,
      cod_usugraba = #record.codUsugraba:VARCHAR#,
      fec_graba = #record.fecGraba:TIMESTAMP#,
      cod_usumodif = #record.codUsumodif:VARCHAR#,
      fec_modif = #record.fecModif:TIMESTAMP#
    <isParameterPresent >
      <include refid="t1662puesto_cat.ibatorgenerated_Example_Where_Clause" />
    </isParameterPresent>
  </update>
  <update id="ibatorgenerated_updateByPrimaryKeySelective" parameterClass="pe.gob.sunat.recurso2.humano.seleccion.model.beans.Puesto" >
    <!--
      WARNING - This element is automatically generated by Apache iBATIS ibator, do not modify.
      This element was generated on Tue Jul 04 10:59:04 COT 2017.
    -->
    update t1662puesto_cat
    <dynamic prepend="set" >
      <isNotNull prepend="," property="desPuesto" >
        des_puesto = #desPuesto:VARCHAR#
      </isNotNull>
      <isNotNull prepend="," property="numVacantes" >
        num_vacantes = #numVacantes:INTEGER#
      </isNotNull>
      <isNotNull prepend="," property="cntEdadLimite" >
        cnt_edad_limite = #cntEdadLimite:INTEGER#
      </isNotNull>
      <isNotNull prepend="," property="mtoRemu" >
        mto_remu = #mtoRemu:DECIMAL#
      </isNotNull>
      <isNotNull prepend="," property="codUsugraba" >
        cod_usugraba = #codUsugraba:VARCHAR#
      </isNotNull>
      <isNotNull prepend="," property="fecGraba" >
        fec_graba = #fecGraba:TIMESTAMP#
      </isNotNull>
      <isNotNull prepend="," property="codUsumodif" >
        cod_usumodif = #codUsumodif:VARCHAR#
      </isNotNull>
      <isNotNull prepend="," property="fecModif" >
        fec_modif = #fecModif:TIMESTAMP#
      </isNotNull>
    </dynamic>
    where cod_cat = #codCat:SMALLINT#
      and cod_puesto = #codPuesto:CHAR#
  </update>
  <update id="ibatorgenerated_updateByPrimaryKey" parameterClass="pe.gob.sunat.recurso2.humano.seleccion.model.beans.Puesto" >
    <!--
      WARNING - This element is automatically generated by Apache iBATIS ibator, do not modify.
      This element was generated on Tue Jul 04 10:59:04 COT 2017.
    -->
    update t1662puesto_cat
    set des_puesto = #desPuesto:VARCHAR#,
      num_vacantes = #numVacantes:INTEGER#,
      cnt_edad_limite = #cntEdadLimite:INTEGER#,
      mto_remu = #mtoRemu:DECIMAL#,
      cod_usugraba = #codUsugraba:VARCHAR#,
      fec_graba = #fecGraba:TIMESTAMP#,
      cod_usumodif = #codUsumodif:VARCHAR#,
      fec_modif = #fecModif:TIMESTAMP#
    where cod_cat = #codCat:SMALLINT#
      and cod_puesto = #codPuesto:CHAR#
  </update>
  
      <!-- jquispecoi -->
  	<select id="listPuestosProcesoActivos" resultClass="PuestoProceso" parameterClass="PuestoProceso">
		select
		    s.cod_cat as codCat,
		    s.des_cat as desCat,
		    s.des_abrevi_cat as desAbreviCat,
		    s.fini_postu as finiPostu,
		    s.ffin_postu as ffinPostu,
		    s.per_proceso as perProceso,
		    s.tipo_conv as tipoConv,
		    s.tipo_moda as tipoModa,
		    s.rel_proc as relProc,
		    s.ind_post_reg as indPostReg,
		    s.ind_exp_fic as indExpFic,
		    p.cod_puesto as codPuesto,
		    p.des_puesto as desPuesto,
		    p.num_vacantes as numVacantes,
		    p.mto_remu as mtoRemu,
		    p.cnt_edad_limite as cntEdadLimite  
		from 
		    t1368seleccion_cat s,
    		t1662puesto_cat p
		where  
		    s.estado = #estado#
		    and (#fecPostulacion# between s.fini_postu and s.ffin_postu)
		    and s.cod_cat = p.cod_cat
		    and s.tipo_conv != '3'
		order by 
			s.cod_cat desc,
			p.cod_puesto desc 
	</select>
	
	
	<select id="listPuestosProcesoRevision" resultClass="PuestoProceso" parameterClass="map">
		SELECT s.cod_cat as codCat, p.cod_puesto as codPuesto, s.des_abrevi_cat||' - '||substr(s.per_proceso,0,4)||' '||p.des_puesto as desProceso 
		FROM  t1368seleccion_cat s, t1662puesto_cat p,t12uorga u
		WHERE s.cod_estado = '01' AND s.cod_cat = p.cod_cat AND s.tipo_conv != '3'
		AND s.cod_uuoo = #codUuoo# AND s.cod_uuoo = u.t12cod_uorga and substr(nvl(u.t12cod_encar,'') || u.t12cod_jefat, 1, 4) = #codPersona#
		UNION
		SELECT s.cod_cat as codCat, p.cod_puesto as codPuesto, s.des_abrevi_cat||' - '||substr(s.per_proceso,0,4)||' '||p.des_puesto as desProceso 
		FROM  t1368seleccion_cat s, t1662puesto_cat p,t9392revderiva d
		WHERE s.cod_estado = '01' AND s.cod_cat = p.cod_cat AND s.tipo_conv != '3' AND s.cod_cat=d.cod_cat AND d.ind_del='0'
		AND (d.cod_regrecep = #codPersona#)
		ORDER by  1 desc, 2 desc
	</select>
	
  <!-- listar historico -->
	
  <resultMap id="ibatorgenerated_BaseResultMap_ReporteHistorico" class="pe.gob.sunat.recurso2.humano.seleccion.model.beans.ReporteHistorico" >    
    <result column="desProceso" property="desProceso" jdbcType="VARCHAR" />
    <result column="nomPersona" property="nomPersona" jdbcType="VARCHAR" />
    <result column="resultado" property="resultado" jdbcType="VARCHAR" />
    <result column="fechaResultado" property="fechaResultado" jdbcType="VARCHAR" />    
  </resultMap>
			
	<select id="listarReporteHistorico" resultMap="ibatorgenerated_BaseResultMap_ReporteHistorico" parameterClass="map">	    
	    select
                s.des_abrevi_cat||' - '||substr(s.per_proceso,0,4)||' '||p.des_puesto as desProceso,
                trim(per.t02ap_pate)||' '||trim(per.t02ap_mate)||' '||trim(t02nombres) as nomPersona,
                case when r.val_resultado='2' then 'NO VALIDO' else 'VALIDO' end as resultado,
                to_char(r.fec_regis, '%d-%m-%Y %H:%M:%S') as fechaResultado
		from 
				t1368seleccion_cat s,
				t1662puesto_cat p,
				t9394revisiondoc r,
				t02perdp per
		where  s.cod_estado = '01' and 
                  s.cod_cat = p.cod_cat and 
                  s.tipo_conv != '3' and 
                  s.cod_cat=r.cod_cat and 
                  r.cod_usuregis=per.t02cod_pers and r.num_arc_postula=#numArcPostula#
		order by 
			r.fec_regis desc
	</select>

</sqlMap>