<?xml version="1.0" encoding="UTF-8" ?>
<!DOCTYPE sqlMap PUBLIC "-//ibatis.apache.org//DTD SQL Map 2.0//EN" "http://ibatis.apache.org/dtd/sql-map-2.dtd" >
<sqlMap namespace="t1666sel_academ" >
  <resultMap id="ibatorgenerated_BaseResultMap" class="pe.gob.sunat.recurso2.humano.seleccion.model.beans.FichaPostulacionEducacion" >
    <!--
      WARNING - This element is automatically generated by Apache iBATIS ibator, do not modify.
      This element was generated on Thu Jul 06 09:15:27 COT 2017.
    -->
    <result column="num_id_academ" property="numIdAcadem" jdbcType="INTEGER" />
    <result column="cod_cat" property="codCat" jdbcType="SMALLINT" />
    <result column="tip_docum" property="tipDocum" jdbcType="CHAR" />
    <result column="cod_doc_identidad" property="codDocIdentidad" jdbcType="VARCHAR" />
    <result column="cod_puesto" property="codPuesto" jdbcType="CHAR" />
    <result column="cod_especialidad" property="codEspecialidad" jdbcType="VARCHAR" />
    <result column="cod_nivel_educativ" property="codNivelEducativ" jdbcType="VARCHAR" />
    <result column="cod_centro_estudio" property="codCentroEstudio" jdbcType="VARCHAR" />
    <result column="ind_puesto_univ" property="indPuestoUniv" jdbcType="CHAR" />
    <result column="fec_inicio" property="fecInicio" jdbcType="DATE" />
    <result column="fec_fin" property="fecFin" jdbcType="DATE" />
    <result column="ann_grado" property="annGrado" jdbcType="SMALLINT" />
    <result column="fec_creacion" property="fecCreacion" jdbcType="TIMESTAMP" />
    <result column="fec_modif" property="fecModif" jdbcType="TIMESTAMP" />
  </resultMap>
  <sql id="ibatorgenerated_Example_Where_Clause" >
    <!--
      WARNING - This element is automatically generated by Apache iBATIS ibator, do not modify.
      This element was generated on Thu Jul 06 09:15:27 COT 2017.
    -->
    <iterate property="oredCriteria" conjunction="or" prepend="where" removeFirstPrepend="iterate" >
      <isEqual property="oredCriteria[].valid" compareValue="true" >
        (
        <iterate prepend="and" property="oredCriteria[].criteriaWithoutValue" conjunction="and" >
          $oredCriteria[].criteriaWithoutValue[]$
        </iterate>
        <iterate prepend="and" property="oredCriteria[].criteriaWithSingleValue" conjunction="and" >
          $oredCriteria[].criteriaWithSingleValue[].condition$
            #oredCriteria[].criteriaWithSingleValue[].value#
        </iterate>
        <iterate prepend="and" property="oredCriteria[].criteriaWithListValue" conjunction="and" >
          $oredCriteria[].criteriaWithListValue[].condition$
          <iterate property="oredCriteria[].criteriaWithListValue[].values" open="(" close=")" conjunction="," >
            #oredCriteria[].criteriaWithListValue[].values[]#
          </iterate>
        </iterate>
        <iterate prepend="and" property="oredCriteria[].criteriaWithBetweenValue" conjunction="and" >
          $oredCriteria[].criteriaWithBetweenValue[].condition$
          #oredCriteria[].criteriaWithBetweenValue[].values[0]# and
          #oredCriteria[].criteriaWithBetweenValue[].values[1]#
        </iterate>
        )
      </isEqual>
    </iterate>
  </sql>
  <select id="ibatorgenerated_selectByExample" resultMap="ibatorgenerated_BaseResultMap" parameterClass="pe.gob.sunat.recurso2.humano.seleccion.model.beans.FichaPostulacionEducacionExample" >
    <!--
      WARNING - This element is automatically generated by Apache iBATIS ibator, do not modify.
      This element was generated on Thu Jul 06 09:15:27 COT 2017.
    -->
    select num_id_academ, cod_cat, tip_docum, cod_doc_identidad, cod_puesto, cod_especialidad,
      cod_nivel_educativ, cod_centro_estudio, ind_puesto_univ, fec_inicio, fec_fin, ann_grado,
      fec_creacion, fec_modif
    from t1666sel_academ
    <isParameterPresent >
      <include refid="t1666sel_academ.ibatorgenerated_Example_Where_Clause" />
      <isNotNull property="orderByClause" >
        order by $orderByClause$
      </isNotNull>
    </isParameterPresent>
  </select>
  <select id="ibatorgenerated_selectByPrimaryKey" resultMap="ibatorgenerated_BaseResultMap" parameterClass="pe.gob.sunat.recurso2.humano.seleccion.model.beans.FichaPostulacionEducacion" >
    <!--
      WARNING - This element is automatically generated by Apache iBATIS ibator, do not modify.
      This element was generated on Thu Jul 06 09:15:27 COT 2017.
    -->
    select num_id_academ, cod_cat, tip_docum, cod_doc_identidad, cod_puesto, cod_especialidad,
      cod_nivel_educativ, cod_centro_estudio, ind_puesto_univ, fec_inicio, fec_fin, ann_grado,
      fec_creacion, fec_modif
    from t1666sel_academ
    where num_id_academ = #numIdAcadem:INTEGER#
  </select>
  <delete id="ibatorgenerated_deleteByPrimaryKey" parameterClass="pe.gob.sunat.recurso2.humano.seleccion.model.beans.FichaPostulacionEducacion" >
    <!--
      WARNING - This element is automatically generated by Apache iBATIS ibator, do not modify.
      This element was generated on Thu Jul 06 09:15:27 COT 2017.
    -->
    delete from t1666sel_academ
    where num_id_academ = #numIdAcadem:INTEGER#
  </delete>
  <delete id="ibatorgenerated_deleteByExample" parameterClass="pe.gob.sunat.recurso2.humano.seleccion.model.beans.FichaPostulacionEducacionExample" >
    <!--
      WARNING - This element is automatically generated by Apache iBATIS ibator, do not modify.
      This element was generated on Thu Jul 06 09:15:27 COT 2017.
    -->
    delete from t1666sel_academ
    <include refid="t1666sel_academ.ibatorgenerated_Example_Where_Clause" />
  </delete>
  <insert id="ibatorgenerated_insert" parameterClass="pe.gob.sunat.recurso2.humano.seleccion.model.beans.FichaPostulacionEducacion" >
    <!--
      WARNING - This element is automatically generated by Apache iBATIS ibator, do not modify.
      This element was generated on Thu Jul 06 09:15:27 COT 2017.
    -->
    insert into t1666sel_academ (cod_cat, tip_docum, cod_doc_identidad, cod_puesto,
      cod_especialidad, cod_nivel_educativ, cod_centro_estudio, ind_puesto_univ, fec_inicio,
      fec_fin, ann_grado, fec_creacion, fec_modif)
    values (#codCat:SMALLINT#, #tipDocum:CHAR#, #codDocIdentidad:VARCHAR#,
      #codPuesto:CHAR#, #codEspecialidad:VARCHAR#, #codNivelEducativ:VARCHAR#,
      #codCentroEstudio:VARCHAR#, #indPuestoUniv:CHAR#, #fecInicio:DATE#, #fecFin:DATE#,
      #annGrado:SMALLINT#, #fecCreacion:TIMESTAMP#, #fecModif:TIMESTAMP#)
  </insert>
  <insert id="ibatorgenerated_insertSelective" parameterClass="pe.gob.sunat.recurso2.humano.seleccion.model.beans.FichaPostulacionEducacion" >
    <!--
      WARNING - This element is automatically generated by Apache iBATIS ibator, do not modify.
      This element was generated on Thu Jul 06 09:15:27 COT 2017.
    -->
    insert into t1666sel_academ
    <dynamic prepend="(" >
      <isNotNull prepend="," property="numIdAcadem" >
        num_id_academ
      </isNotNull>
      <isNotNull prepend="," property="codCat" >
        cod_cat
      </isNotNull>
      <isNotNull prepend="," property="tipDocum" >
        tip_docum
      </isNotNull>
      <isNotNull prepend="," property="codDocIdentidad" >
        cod_doc_identidad
      </isNotNull>
      <isNotNull prepend="," property="codPuesto" >
        cod_puesto
      </isNotNull>
      <isNotNull prepend="," property="codEspecialidad" >
        cod_especialidad
      </isNotNull>
      <isNotNull prepend="," property="codNivelEducativ" >
        cod_nivel_educativ
      </isNotNull>
      <isNotNull prepend="," property="codCentroEstudio" >
        cod_centro_estudio
      </isNotNull>
      <isNotNull prepend="," property="indPuestoUniv" >
        ind_puesto_univ
      </isNotNull>
      <isNotNull prepend="," property="fecInicio" >
        fec_inicio
      </isNotNull>
      <isNotNull prepend="," property="fecFin" >
        fec_fin
      </isNotNull>
      <isNotNull prepend="," property="annGrado" >
        ann_grado
      </isNotNull>
      <isNotNull prepend="," property="fecCreacion" >
        fec_creacion
      </isNotNull>
      <isNotNull prepend="," property="fecModif" >
        fec_modif
      </isNotNull>
      )
    </dynamic>
    values
    <dynamic prepend="(" >
      <isNotNull prepend="," property="numIdAcadem" >
        #numIdAcadem:INTEGER#
      </isNotNull>
      <isNotNull prepend="," property="codCat" >
        #codCat:SMALLINT#
      </isNotNull>
      <isNotNull prepend="," property="tipDocum" >
        #tipDocum:CHAR#
      </isNotNull>
      <isNotNull prepend="," property="codDocIdentidad" >
        #codDocIdentidad:VARCHAR#
      </isNotNull>
      <isNotNull prepend="," property="codPuesto" >
        #codPuesto:CHAR#
      </isNotNull>
      <isNotNull prepend="," property="codEspecialidad" >
        #codEspecialidad:VARCHAR#
      </isNotNull>
      <isNotNull prepend="," property="codNivelEducativ" >
        #codNivelEducativ:VARCHAR#
      </isNotNull>
      <isNotNull prepend="," property="codCentroEstudio" >
        #codCentroEstudio:VARCHAR#
      </isNotNull>
      <isNotNull prepend="," property="indPuestoUniv" >
        #indPuestoUniv:CHAR#
      </isNotNull>
      <isNotNull prepend="," property="fecInicio" >
        #fecInicio:DATE#
      </isNotNull>
      <isNotNull prepend="," property="fecFin" >
        #fecFin:DATE#
      </isNotNull>
      <isNotNull prepend="," property="annGrado" >
        #annGrado:SMALLINT#
      </isNotNull>
      <isNotNull prepend="," property="fecCreacion" >
        #fecCreacion:TIMESTAMP#
      </isNotNull>
      <isNotNull prepend="," property="fecModif" >
        #fecModif:TIMESTAMP#
      </isNotNull>
      )
    </dynamic>
  </insert>
  <select id="ibatorgenerated_countByExample" parameterClass="pe.gob.sunat.recurso2.humano.seleccion.model.beans.FichaPostulacionEducacionExample" resultClass="java.lang.Integer" >
    <!--
      WARNING - This element is automatically generated by Apache iBATIS ibator, do not modify.
      This element was generated on Thu Jul 06 09:15:27 COT 2017.
    -->
    select count(*) from t1666sel_academ
    <include refid="t1666sel_academ.ibatorgenerated_Example_Where_Clause" />
  </select>
  <update id="ibatorgenerated_updateByExampleSelective" >
    <!--
      WARNING - This element is automatically generated by Apache iBATIS ibator, do not modify.
      This element was generated on Thu Jul 06 09:15:27 COT 2017.
    -->
    update t1666sel_academ
    <dynamic prepend="set" >
      <isNotNull prepend="," property="record.numIdAcadem" >
        num_id_academ = #record.numIdAcadem:INTEGER#
      </isNotNull>
      <isNotNull prepend="," property="record.codCat" >
        cod_cat = #record.codCat:SMALLINT#
      </isNotNull>
      <isNotNull prepend="," property="record.tipDocum" >
        tip_docum = #record.tipDocum:CHAR#
      </isNotNull>
      <isNotNull prepend="," property="record.codDocIdentidad" >
        cod_doc_identidad = #record.codDocIdentidad:VARCHAR#
      </isNotNull>
      <isNotNull prepend="," property="record.codPuesto" >
        cod_puesto = #record.codPuesto:CHAR#
      </isNotNull>
      <isNotNull prepend="," property="record.codEspecialidad" >
        cod_especialidad = #record.codEspecialidad:VARCHAR#
      </isNotNull>
      <isNotNull prepend="," property="record.codNivelEducativ" >
        cod_nivel_educativ = #record.codNivelEducativ:VARCHAR#
      </isNotNull>
      <isNotNull prepend="," property="record.codCentroEstudio" >
        cod_centro_estudio = #record.codCentroEstudio:VARCHAR#
      </isNotNull>
      <isNotNull prepend="," property="record.indPuestoUniv" >
        ind_puesto_univ = #record.indPuestoUniv:CHAR#
      </isNotNull>
      <isNotNull prepend="," property="record.fecInicio" >
        fec_inicio = #record.fecInicio:DATE#
      </isNotNull>
      <isNotNull prepend="," property="record.fecFin" >
        fec_fin = #record.fecFin:DATE#
      </isNotNull>
      <isNotNull prepend="," property="record.annGrado" >
        ann_grado = #record.annGrado:SMALLINT#
      </isNotNull>
      <isNotNull prepend="," property="record.fecCreacion" >
        fec_creacion = #record.fecCreacion:TIMESTAMP#
      </isNotNull>
      <isNotNull prepend="," property="record.fecModif" >
        fec_modif = #record.fecModif:TIMESTAMP#
      </isNotNull>
    </dynamic>
    <isParameterPresent >
      <include refid="t1666sel_academ.ibatorgenerated_Example_Where_Clause" />
    </isParameterPresent>
  </update>
  <update id="ibatorgenerated_updateByExample" >
    <!--
      WARNING - This element is automatically generated by Apache iBATIS ibator, do not modify.
      This element was generated on Thu Jul 06 09:15:27 COT 2017.
    -->
    update t1666sel_academ
    set num_id_academ = #record.numIdAcadem:INTEGER#,
      cod_cat = #record.codCat:SMALLINT#,
      tip_docum = #record.tipDocum:CHAR#,
      cod_doc_identidad = #record.codDocIdentidad:VARCHAR#,
      cod_puesto = #record.codPuesto:CHAR#,
      cod_especialidad = #record.codEspecialidad:VARCHAR#,
      cod_nivel_educativ = #record.codNivelEducativ:VARCHAR#,
      cod_centro_estudio = #record.codCentroEstudio:VARCHAR#,
      ind_puesto_univ = #record.indPuestoUniv:CHAR#,
      fec_inicio = #record.fecInicio:DATE#,
      fec_fin = #record.fecFin:DATE#,
      ann_grado = #record.annGrado:SMALLINT#,
      fec_creacion = #record.fecCreacion:TIMESTAMP#,
      fec_modif = #record.fecModif:TIMESTAMP#
    <isParameterPresent >
      <include refid="t1666sel_academ.ibatorgenerated_Example_Where_Clause" />
    </isParameterPresent>
  </update>
  <update id="ibatorgenerated_updateByPrimaryKeySelective" parameterClass="pe.gob.sunat.recurso2.humano.seleccion.model.beans.FichaPostulacionEducacion" >
    <!--
      WARNING - This element is automatically generated by Apache iBATIS ibator, do not modify.
      This element was generated on Thu Jul 06 09:15:27 COT 2017.
    -->
    update t1666sel_academ
    <dynamic prepend="set" >
      <isNotNull prepend="," property="codCat" >
        cod_cat = #codCat:SMALLINT#
      </isNotNull>
      <isNotNull prepend="," property="tipDocum" >
        tip_docum = #tipDocum:CHAR#
      </isNotNull>
      <isNotNull prepend="," property="codDocIdentidad" >
        cod_doc_identidad = #codDocIdentidad:VARCHAR#
      </isNotNull>
      <isNotNull prepend="," property="codPuesto" >
        cod_puesto = #codPuesto:CHAR#
      </isNotNull>
      <isNotNull prepend="," property="codEspecialidad" >
        cod_especialidad = #codEspecialidad:VARCHAR#
      </isNotNull>
      <isNotNull prepend="," property="codNivelEducativ" >
        cod_nivel_educativ = #codNivelEducativ:VARCHAR#
      </isNotNull>
      <isNotNull prepend="," property="codCentroEstudio" >
        cod_centro_estudio = #codCentroEstudio:VARCHAR#
      </isNotNull>
      <isNotNull prepend="," property="indPuestoUniv" >
        ind_puesto_univ = #indPuestoUniv:CHAR#
      </isNotNull>
      <isNotNull prepend="," property="fecInicio" >
        fec_inicio = #fecInicio:DATE#
      </isNotNull>
      <isNotNull prepend="," property="fecFin" >
        fec_fin = #fecFin:DATE#
      </isNotNull>
      <isNotNull prepend="," property="annGrado" >
        ann_grado = #annGrado:SMALLINT#
      </isNotNull>
      <isNotNull prepend="," property="fecCreacion" >
        fec_creacion = #fecCreacion:TIMESTAMP#
      </isNotNull>
      <isNotNull prepend="," property="fecModif" >
        fec_modif = #fecModif:TIMESTAMP#
      </isNotNull>
    </dynamic>
    where num_id_academ = #numIdAcadem:INTEGER#
  </update>
  <update id="ibatorgenerated_updateByPrimaryKey" parameterClass="pe.gob.sunat.recurso2.humano.seleccion.model.beans.FichaPostulacionEducacion" >
    <!--
      WARNING - This element is automatically generated by Apache iBATIS ibator, do not modify.
      This element was generated on Thu Jul 06 09:15:27 COT 2017.
    -->
    update t1666sel_academ
    set cod_cat = #codCat:SMALLINT#,
      tip_docum = #tipDocum:CHAR#,
      cod_doc_identidad = #codDocIdentidad:VARCHAR#,
      cod_puesto = #codPuesto:CHAR#,
      cod_especialidad = #codEspecialidad:VARCHAR#,
      cod_nivel_educativ = #codNivelEducativ:VARCHAR#,
      cod_centro_estudio = #codCentroEstudio:VARCHAR#,
      ind_puesto_univ = #indPuestoUniv:CHAR#,
      fec_inicio = #fecInicio:DATE#,
      fec_fin = #fecFin:DATE#,
      ann_grado = #annGrado:SMALLINT#,
      fec_creacion = #fecCreacion:TIMESTAMP#,
      fec_modif = #fecModif:TIMESTAMP#
    where num_id_academ = #numIdAcadem:INTEGER#
  </update>
</sqlMap>