<?xml version="1.0" encoding="UTF-8" ?>
<!DOCTYPE sqlMap PUBLIC "-//ibatis.apache.org//DTD SQL Map 2.0//EN" "http://ibatis.apache.org/dtd/sql-map-2.dtd" >
<sqlMap namespace="T5864parametro" >
	<typeAlias alias="Parametro" type="pe.gob.sunat.recurso2.humano.seleccion.model.beans.Parametro" />
	
	<!-- TODO: Actualizar la caché a solo 12 horas -->
  <cacheModel id="codigosCache" type="OSCACHE" readOnly="true">
	 <property name="reference-type" value="SOFT" />
	 <property name="CacheSize" value="10"/>
	 <flushInterval hours="8" />
  </cacheModel>

  <resultMap id="BaseResultMap" class="Parametro" >
    <result column="cod_tab" property="codParametro" jdbcType="CHAR" />
    <result column="num_codigo" property="codDataParametro" jdbcType="VARCHAR" />
    <result column="des_larga" property="desParametro" jdbcType="VARCHAR" />
    <result column="des_glosa" property="desGlosa" jdbcType="VARCHAR" />
  </resultMap>

  <select id="selectByPrimaryKey" cacheModel="codigosCache" resultMap="BaseResultMap" parameterClass="Parametro">
	select cod_tab,num_codigo,des_larga,des_glosa  
	from t5864parametro 
	where cod_tab=#codParametro# and 
		  cod_tip_desc='D' and 
		  num_codigo=#codDataParametro#
  </select>
  
  <select id="listPreguntasDeclaracionJurada" resultMap="BaseResultMap" parameterClass="Parametro">
	select 
		cod_tab,
		trim(num_codigo) as num_codigo,
		des_larga,
		des_glosa
	from 
		t5864parametro
	where 
		cod_tab = #codParametro# 
		and	cod_tip_desc='D'
		and des_abreviatura = #desParametroAbrev#
	order by 
		num_codigo  
  </select>


</sqlMap>