<?xml version="1.0" encoding="UTF-8" ?>
<!DOCTYPE sqlMap PUBLIC "-//ibatis.apache.org//DTD SQL Map 2.0//EN" "http://ibatis.apache.org/dtd/sql-map-2.dtd" >
<sqlMap namespace="t8234fichadatos" >
  <resultMap id="ibatorgenerated_BaseResultMap" class="pe.gob.sunat.recurso2.humano.seleccion.model.beans.Ficha" >
    <!--
      WARNING - This element is automatically generated by Apache iBATIS ibator, do not modify.
      This element was generated on Tue Jul 04 10:59:04 COT 2017.
    -->
    <result column="num_postulante" property="numPostulante" jdbcType="INTEGER" />
    <result column="cod_estcivil" property="codEstcivil" jdbcType="CHAR" />
    <result column="cod_ubigeonac" property="codUbigeonac" jdbcType="CHAR" />
    <result column="cod_ubigeodom" property="codUbigeodom" jdbcType="CHAR" />
    <result column="cod_tipzona" property="codTipzona" jdbcType="CHAR" />
    <result column="nom_zona" property="nomZona" jdbcType="VARCHAR" />
    <result column="cod_tipvia" property="codTipvia" jdbcType="CHAR" />
    <result column="nom_via" property="nomVia" jdbcType="VARCHAR" />
    <result column="num_dom" property="numDom" jdbcType="VARCHAR" />
    <result column="num_telcasa" property="numTelcasa" jdbcType="VARCHAR" />
    <result column="num_telcelular" property="numTelcelular" jdbcType="VARCHAR" />
    <result column="ind_anterior" property="indAnterior" jdbcType="CHAR" />
    <result column="num_licencia" property="numLicencia" jdbcType="VARCHAR" />
    <result column="dir_carpetaarchivo" property="dirCarpetaarchivo" jdbcType="VARCHAR" />
    <result column="mto_pretensionecon" property="mtoPretensionecon" jdbcType="DECIMAL" />
    <result column="ind_sunat_id" property="indSunatId" jdbcType="CHAR" />
    <result column="des_famil_sunat" property="desFamilSunat" jdbcType="VARCHAR" />
    <result column="ind_sunat" property="indSunat" jdbcType="CHAR" />
    <result column="ind_discapacitado" property="indDiscapacitado" jdbcType="CHAR" />
    <result column="cod_examen" property="codExamen" jdbcType="CHAR" />
    <result column="cod_estado" property="codEstado" jdbcType="CHAR" />
    <result column="des_discapacidad" property="desDiscapacidad" jdbcType="VARCHAR" />
    <result column="ind_labor" property="indLabor" jdbcType="CHAR" />
    <result column="ind_sexo" property="indSexo" jdbcType="CHAR" />
    <result column="ind_sede1" property="indSede1" jdbcType="CHAR" />
    <result column="ind_sede2" property="indSede2" jdbcType="CHAR" />
    <result column="num_ruc" property="numRuc" jdbcType="VARCHAR" />
    <result column="cod_cat_licencia" property="codCatLicencia" jdbcType="CHAR" />
    <result column="num_colegiatura" property="numColegiatura" jdbcType="VARCHAR" />
    <result column="ind_colegiatura" property="indColegiatura" jdbcType="CHAR" />
    <result column="cod_usuregis" property="codUsuregis" jdbcType="VARCHAR" />
    <result column="fec_regis" property="fecRegis" jdbcType="TIMESTAMP" />
    <result column="cod_usumodif" property="codUsumodif" jdbcType="VARCHAR" />
    <result column="fec_modif" property="fecModif" jdbcType="TIMESTAMP" />
  </resultMap>
  <sql id="ibatorgenerated_Example_Where_Clause" >
    <!--
      WARNING - This element is automatically generated by Apache iBATIS ibator, do not modify.
      This element was generated on Tue Jul 04 10:59:04 COT 2017.
    -->
    <iterate property="oredCriteria" conjunction="or" prepend="where" removeFirstPrepend="iterate" >
      <isEqual property="oredCriteria[].valid" compareValue="true" >
        (
        <iterate prepend="and" property="oredCriteria[].criteriaWithoutValue" conjunction="and" >
          $oredCriteria[].criteriaWithoutValue[]$
        </iterate>
        <iterate prepend="and" property="oredCriteria[].criteriaWithSingleValue" conjunction="and" >
          $oredCriteria[].criteriaWithSingleValue[].condition$
            #oredCriteria[].criteriaWithSingleValue[].value#
        </iterate>
        <iterate prepend="and" property="oredCriteria[].criteriaWithListValue" conjunction="and" >
          $oredCriteria[].criteriaWithListValue[].condition$
          <iterate property="oredCriteria[].criteriaWithListValue[].values" open="(" close=")" conjunction="," >
            #oredCriteria[].criteriaWithListValue[].values[]#
          </iterate>
        </iterate>
        <iterate prepend="and" property="oredCriteria[].criteriaWithBetweenValue" conjunction="and" >
          $oredCriteria[].criteriaWithBetweenValue[].condition$
          #oredCriteria[].criteriaWithBetweenValue[].values[0]# and
          #oredCriteria[].criteriaWithBetweenValue[].values[1]#
        </iterate>
        )
      </isEqual>
    </iterate>
  </sql>
  <select id="ibatorgenerated_selectByExample" resultMap="ibatorgenerated_BaseResultMap" parameterClass="pe.gob.sunat.recurso2.humano.seleccion.model.beans.FichaExample" >
    <!--
      WARNING - This element is automatically generated by Apache iBATIS ibator, do not modify.
      This element was generated on Tue Jul 04 10:59:04 COT 2017.
    -->
    select num_postulante, cod_estcivil, cod_ubigeonac, cod_ubigeodom, cod_tipzona, nom_zona,
      cod_tipvia, nom_via, num_dom, num_telcasa, num_telcelular, ind_anterior, num_licencia,
      dir_carpetaarchivo, mto_pretensionecon, ind_sunat_id, des_famil_sunat, ind_sunat,
      ind_discapacitado, cod_examen, cod_estado, des_discapacidad, ind_labor, ind_sexo, ind_sede1,
      ind_sede2, num_ruc, cod_cat_licencia, num_colegiatura, ind_colegiatura, cod_usuregis,
      fec_regis, cod_usumodif, fec_modif
    from t8234fichadatos
    <isParameterPresent >
      <include refid="t8234fichadatos.ibatorgenerated_Example_Where_Clause" />
      <isNotNull property="orderByClause" >
        order by $orderByClause$
      </isNotNull>
    </isParameterPresent>
  </select>
  <select id="ibatorgenerated_selectByPrimaryKey" resultMap="ibatorgenerated_BaseResultMap" parameterClass="pe.gob.sunat.recurso2.humano.seleccion.model.beans.Ficha" >
    <!--
      WARNING - This element is automatically generated by Apache iBATIS ibator, do not modify.
      This element was generated on Tue Jul 04 10:59:04 COT 2017.
    -->
    select num_postulante, cod_estcivil, cod_ubigeonac, cod_ubigeodom, cod_tipzona, nom_zona,
      cod_tipvia, nom_via, num_dom, num_telcasa, num_telcelular, ind_anterior, num_licencia,
      dir_carpetaarchivo, mto_pretensionecon, ind_sunat_id, des_famil_sunat, ind_sunat,
      ind_discapacitado, cod_examen, cod_estado, des_discapacidad, ind_labor, ind_sexo, ind_sede1,
      ind_sede2, num_ruc, cod_cat_licencia, num_colegiatura, ind_colegiatura, cod_usuregis,
      fec_regis, cod_usumodif, fec_modif
    from t8234fichadatos
    where num_postulante = #numPostulante:INTEGER#
  </select>
  <delete id="ibatorgenerated_deleteByPrimaryKey" parameterClass="pe.gob.sunat.recurso2.humano.seleccion.model.beans.Ficha" >
    <!--
      WARNING - This element is automatically generated by Apache iBATIS ibator, do not modify.
      This element was generated on Tue Jul 04 10:59:04 COT 2017.
    -->
    delete from t8234fichadatos
    where num_postulante = #numPostulante:INTEGER#
  </delete>
  <delete id="ibatorgenerated_deleteByExample" parameterClass="pe.gob.sunat.recurso2.humano.seleccion.model.beans.FichaExample" >
    <!--
      WARNING - This element is automatically generated by Apache iBATIS ibator, do not modify.
      This element was generated on Tue Jul 04 10:59:04 COT 2017.
    -->
    delete from t8234fichadatos
    <include refid="t8234fichadatos.ibatorgenerated_Example_Where_Clause" />
  </delete>
  <insert id="ibatorgenerated_insert" parameterClass="pe.gob.sunat.recurso2.humano.seleccion.model.beans.Ficha" >
    <!--
      WARNING - This element is automatically generated by Apache iBATIS ibator, do not modify.
      This element was generated on Tue Jul 04 10:59:04 COT 2017.
    -->
    insert into t8234fichadatos (num_postulante, cod_estcivil, cod_ubigeonac, cod_ubigeodom,
      cod_tipzona, nom_zona, cod_tipvia, nom_via, num_dom, num_telcasa, num_telcelular,
      ind_anterior, num_licencia, dir_carpetaarchivo, mto_pretensionecon, ind_sunat_id,
      des_famil_sunat, ind_sunat, ind_discapacitado, cod_examen, cod_estado, des_discapacidad,
      ind_labor, ind_sexo, ind_sede1, ind_sede2, num_ruc, cod_cat_licencia, num_colegiatura,
      ind_colegiatura, cod_usuregis, fec_regis, cod_usumodif, fec_modif)
    values (#numPostulante:INTEGER#, #codEstcivil:CHAR#, #codUbigeonac:CHAR#, #codUbigeodom:CHAR#,
      #codTipzona:CHAR#, #nomZona:VARCHAR#, #codTipvia:CHAR#, #nomVia:VARCHAR#, #numDom:VARCHAR#,
      #numTelcasa:VARCHAR#, #numTelcelular:VARCHAR#, #indAnterior:CHAR#, #numLicencia:VARCHAR#,
      #dirCarpetaarchivo:VARCHAR#, #mtoPretensionecon:DECIMAL#, #indSunatId:CHAR#,
      #desFamilSunat:VARCHAR#, #indSunat:CHAR#, #indDiscapacitado:CHAR#, #codExamen:CHAR#,
      #codEstado:CHAR#, #desDiscapacidad:VARCHAR#, #indLabor:CHAR#, #indSexo:CHAR#, #indSede1:CHAR#,
      #indSede2:CHAR#, #numRuc:VARCHAR#, #codCatLicencia:CHAR#, #numColegiatura:VARCHAR#,
      #indColegiatura:CHAR#, #codUsuregis:VARCHAR#, #fecRegis:TIMESTAMP#, #codUsumodif:VARCHAR#,
      #fecModif:TIMESTAMP#)
  </insert>
  <insert id="ibatorgenerated_insertSelective" parameterClass="pe.gob.sunat.recurso2.humano.seleccion.model.beans.Ficha" >
    <!--
      WARNING - This element is automatically generated by Apache iBATIS ibator, do not modify.
      This element was generated on Tue Jul 04 10:59:04 COT 2017.
    -->
    insert into t8234fichadatos
    <dynamic prepend="(" >
      <isNotNull prepend="," property="numPostulante" >
        num_postulante
      </isNotNull>
      <isNotNull prepend="," property="codEstcivil" >
        cod_estcivil
      </isNotNull>
      <isNotNull prepend="," property="codUbigeonac" >
        cod_ubigeonac
      </isNotNull>
      <isNotNull prepend="," property="codUbigeodom" >
        cod_ubigeodom
      </isNotNull>
      <isNotNull prepend="," property="codTipzona" >
        cod_tipzona
      </isNotNull>
      <isNotNull prepend="," property="nomZona" >
        nom_zona
      </isNotNull>
      <isNotNull prepend="," property="codTipvia" >
        cod_tipvia
      </isNotNull>
      <isNotNull prepend="," property="nomVia" >
        nom_via
      </isNotNull>
      <isNotNull prepend="," property="numDom" >
        num_dom
      </isNotNull>
      <isNotNull prepend="," property="numTelcasa" >
        num_telcasa
      </isNotNull>
      <isNotNull prepend="," property="numTelcelular" >
        num_telcelular
      </isNotNull>
      <isNotNull prepend="," property="indAnterior" >
        ind_anterior
      </isNotNull>
      <isNotNull prepend="," property="numLicencia" >
        num_licencia
      </isNotNull>
      <isNotNull prepend="," property="dirCarpetaarchivo" >
        dir_carpetaarchivo
      </isNotNull>
      <isNotNull prepend="," property="mtoPretensionecon" >
        mto_pretensionecon
      </isNotNull>
      <isNotNull prepend="," property="indSunatId" >
        ind_sunat_id
      </isNotNull>
      <isNotNull prepend="," property="desFamilSunat" >
        des_famil_sunat
      </isNotNull>
      <isNotNull prepend="," property="indSunat" >
        ind_sunat
      </isNotNull>
      <isNotNull prepend="," property="indDiscapacitado" >
        ind_discapacitado
      </isNotNull>
      <isNotNull prepend="," property="codExamen" >
        cod_examen
      </isNotNull>
      <isNotNull prepend="," property="codEstado" >
        cod_estado
      </isNotNull>
      <isNotNull prepend="," property="desDiscapacidad" >
        des_discapacidad
      </isNotNull>
      <isNotNull prepend="," property="indLabor" >
        ind_labor
      </isNotNull>
      <isNotNull prepend="," property="indSexo" >
        ind_sexo
      </isNotNull>
      <isNotNull prepend="," property="indSede1" >
        ind_sede1
      </isNotNull>
      <isNotNull prepend="," property="indSede2" >
        ind_sede2
      </isNotNull>
      <isNotNull prepend="," property="numRuc" >
        num_ruc
      </isNotNull>
      <isNotNull prepend="," property="codCatLicencia" >
        cod_cat_licencia
      </isNotNull>
      <isNotNull prepend="," property="numColegiatura" >
        num_colegiatura
      </isNotNull>
      <isNotNull prepend="," property="indColegiatura" >
        ind_colegiatura
      </isNotNull>
      <isNotNull prepend="," property="codUsuregis" >
        cod_usuregis
      </isNotNull>
      <isNotNull prepend="," property="fecRegis" >
        fec_regis
      </isNotNull>
      <isNotNull prepend="," property="codUsumodif" >
        cod_usumodif
      </isNotNull>
      <isNotNull prepend="," property="fecModif" >
        fec_modif
      </isNotNull>
      )
    </dynamic>
    values
    <dynamic prepend="(" >
      <isNotNull prepend="," property="numPostulante" >
        #numPostulante:INTEGER#
      </isNotNull>
      <isNotNull prepend="," property="codEstcivil" >
        #codEstcivil:CHAR#
      </isNotNull>
      <isNotNull prepend="," property="codUbigeonac" >
        #codUbigeonac:CHAR#
      </isNotNull>
      <isNotNull prepend="," property="codUbigeodom" >
        #codUbigeodom:CHAR#
      </isNotNull>
      <isNotNull prepend="," property="codTipzona" >
        #codTipzona:CHAR#
      </isNotNull>
      <isNotNull prepend="," property="nomZona" >
        #nomZona:VARCHAR#
      </isNotNull>
      <isNotNull prepend="," property="codTipvia" >
        #codTipvia:CHAR#
      </isNotNull>
      <isNotNull prepend="," property="nomVia" >
        #nomVia:VARCHAR#
      </isNotNull>
      <isNotNull prepend="," property="numDom" >
        #numDom:VARCHAR#
      </isNotNull>
      <isNotNull prepend="," property="numTelcasa" >
        #numTelcasa:VARCHAR#
      </isNotNull>
      <isNotNull prepend="," property="numTelcelular" >
        #numTelcelular:VARCHAR#
      </isNotNull>
      <isNotNull prepend="," property="indAnterior" >
        #indAnterior:CHAR#
      </isNotNull>
      <isNotNull prepend="," property="numLicencia" >
        #numLicencia:VARCHAR#
      </isNotNull>
      <isNotNull prepend="," property="dirCarpetaarchivo" >
        #dirCarpetaarchivo:VARCHAR#
      </isNotNull>
      <isNotNull prepend="," property="mtoPretensionecon" >
        #mtoPretensionecon:DECIMAL#
      </isNotNull>
      <isNotNull prepend="," property="indSunatId" >
        #indSunatId:CHAR#
      </isNotNull>
      <isNotNull prepend="," property="desFamilSunat" >
        #desFamilSunat:VARCHAR#
      </isNotNull>
      <isNotNull prepend="," property="indSunat" >
        #indSunat:CHAR#
      </isNotNull>
      <isNotNull prepend="," property="indDiscapacitado" >
        #indDiscapacitado:CHAR#
      </isNotNull>
      <isNotNull prepend="," property="codExamen" >
        #codExamen:CHAR#
      </isNotNull>
      <isNotNull prepend="," property="codEstado" >
        #codEstado:CHAR#
      </isNotNull>
      <isNotNull prepend="," property="desDiscapacidad" >
        #desDiscapacidad:VARCHAR#
      </isNotNull>
      <isNotNull prepend="," property="indLabor" >
        #indLabor:CHAR#
      </isNotNull>
      <isNotNull prepend="," property="indSexo" >
        #indSexo:CHAR#
      </isNotNull>
      <isNotNull prepend="," property="indSede1" >
        #indSede1:CHAR#
      </isNotNull>
      <isNotNull prepend="," property="indSede2" >
        #indSede2:CHAR#
      </isNotNull>
      <isNotNull prepend="," property="numRuc" >
        #numRuc:VARCHAR#
      </isNotNull>
      <isNotNull prepend="," property="codCatLicencia" >
        #codCatLicencia:CHAR#
      </isNotNull>
      <isNotNull prepend="," property="numColegiatura" >
        #numColegiatura:VARCHAR#
      </isNotNull>
      <isNotNull prepend="," property="indColegiatura" >
        #indColegiatura:CHAR#
      </isNotNull>
      <isNotNull prepend="," property="codUsuregis" >
        #codUsuregis:VARCHAR#
      </isNotNull>
      <isNotNull prepend="," property="fecRegis" >
        #fecRegis:TIMESTAMP#
      </isNotNull>
      <isNotNull prepend="," property="codUsumodif" >
        #codUsumodif:VARCHAR#
      </isNotNull>
      <isNotNull prepend="," property="fecModif" >
        #fecModif:TIMESTAMP#
      </isNotNull>
      )
    </dynamic>
  </insert>
  <select id="ibatorgenerated_countByExample" parameterClass="pe.gob.sunat.recurso2.humano.seleccion.model.beans.FichaExample" resultClass="java.lang.Integer" >
    <!--
      WARNING - This element is automatically generated by Apache iBATIS ibator, do not modify.
      This element was generated on Tue Jul 04 10:59:04 COT 2017.
    -->
    select count(*) from t8234fichadatos
    <include refid="t8234fichadatos.ibatorgenerated_Example_Where_Clause" />
  </select>
  <update id="ibatorgenerated_updateByExampleSelective" >
    <!--
      WARNING - This element is automatically generated by Apache iBATIS ibator, do not modify.
      This element was generated on Tue Jul 04 10:59:04 COT 2017.
    -->
    update t8234fichadatos
    <dynamic prepend="set" >
      <isNotNull prepend="," property="record.numPostulante" >
        num_postulante = #record.numPostulante:INTEGER#
      </isNotNull>
      <isNotNull prepend="," property="record.codEstcivil" >
        cod_estcivil = #record.codEstcivil:CHAR#
      </isNotNull>
      <isNotNull prepend="," property="record.codUbigeonac" >
        cod_ubigeonac = #record.codUbigeonac:CHAR#
      </isNotNull>
      <isNotNull prepend="," property="record.codUbigeodom" >
        cod_ubigeodom = #record.codUbigeodom:CHAR#
      </isNotNull>
      <isNotNull prepend="," property="record.codTipzona" >
        cod_tipzona = #record.codTipzona:CHAR#
      </isNotNull>
      <isNotNull prepend="," property="record.nomZona" >
        nom_zona = #record.nomZona:VARCHAR#
      </isNotNull>
      <isNotNull prepend="," property="record.codTipvia" >
        cod_tipvia = #record.codTipvia:CHAR#
      </isNotNull>
      <isNotNull prepend="," property="record.nomVia" >
        nom_via = #record.nomVia:VARCHAR#
      </isNotNull>
      <isNotNull prepend="," property="record.numDom" >
        num_dom = #record.numDom:VARCHAR#
      </isNotNull>
      <isNotNull prepend="," property="record.numTelcasa" >
        num_telcasa = #record.numTelcasa:VARCHAR#
      </isNotNull>
      <isNotNull prepend="," property="record.numTelcelular" >
        num_telcelular = #record.numTelcelular:VARCHAR#
      </isNotNull>
      <isNotNull prepend="," property="record.indAnterior" >
        ind_anterior = #record.indAnterior:CHAR#
      </isNotNull>
      <isNotNull prepend="," property="record.numLicencia" >
        num_licencia = #record.numLicencia:VARCHAR#
      </isNotNull>
      <isNotNull prepend="," property="record.dirCarpetaarchivo" >
        dir_carpetaarchivo = #record.dirCarpetaarchivo:VARCHAR#
      </isNotNull>
      <isNotNull prepend="," property="record.mtoPretensionecon" >
        mto_pretensionecon = #record.mtoPretensionecon:DECIMAL#
      </isNotNull>
      <isNotNull prepend="," property="record.indSunatId" >
        ind_sunat_id = #record.indSunatId:CHAR#
      </isNotNull>
      <isNotNull prepend="," property="record.desFamilSunat" >
        des_famil_sunat = #record.desFamilSunat:VARCHAR#
      </isNotNull>
      <isNotNull prepend="," property="record.indSunat" >
        ind_sunat = #record.indSunat:CHAR#
      </isNotNull>
      <isNotNull prepend="," property="record.indDiscapacitado" >
        ind_discapacitado = #record.indDiscapacitado:CHAR#
      </isNotNull>
      <isNotNull prepend="," property="record.codExamen" >
        cod_examen = #record.codExamen:CHAR#
      </isNotNull>
      <isNotNull prepend="," property="record.codEstado" >
        cod_estado = #record.codEstado:CHAR#
      </isNotNull>
      <isNotNull prepend="," property="record.desDiscapacidad" >
        des_discapacidad = #record.desDiscapacidad:VARCHAR#
      </isNotNull>
      <isNotNull prepend="," property="record.indLabor" >
        ind_labor = #record.indLabor:CHAR#
      </isNotNull>
      <isNotNull prepend="," property="record.indSexo" >
        ind_sexo = #record.indSexo:CHAR#
      </isNotNull>
      <isNotNull prepend="," property="record.indSede1" >
        ind_sede1 = #record.indSede1:CHAR#
      </isNotNull>
      <isNotNull prepend="," property="record.indSede2" >
        ind_sede2 = #record.indSede2:CHAR#
      </isNotNull>
      <isNotNull prepend="," property="record.numRuc" >
        num_ruc = #record.numRuc:VARCHAR#
      </isNotNull>
      <isNotNull prepend="," property="record.codCatLicencia" >
        cod_cat_licencia = #record.codCatLicencia:CHAR#
      </isNotNull>
      <isNotNull prepend="," property="record.numColegiatura" >
        num_colegiatura = #record.numColegiatura:VARCHAR#
      </isNotNull>
      <isNotNull prepend="," property="record.indColegiatura" >
        ind_colegiatura = #record.indColegiatura:CHAR#
      </isNotNull>
      <isNotNull prepend="," property="record.codUsuregis" >
        cod_usuregis = #record.codUsuregis:VARCHAR#
      </isNotNull>
      <isNotNull prepend="," property="record.fecRegis" >
        fec_regis = #record.fecRegis:TIMESTAMP#
      </isNotNull>
      <isNotNull prepend="," property="record.codUsumodif" >
        cod_usumodif = #record.codUsumodif:VARCHAR#
      </isNotNull>
      <isNotNull prepend="," property="record.fecModif" >
        fec_modif = #record.fecModif:TIMESTAMP#
      </isNotNull>
    </dynamic>
    <isParameterPresent >
      <include refid="t8234fichadatos.ibatorgenerated_Example_Where_Clause" />
    </isParameterPresent>
  </update>
  <update id="ibatorgenerated_updateByExample" >
    <!--
      WARNING - This element is automatically generated by Apache iBATIS ibator, do not modify.
      This element was generated on Tue Jul 04 10:59:04 COT 2017.
    -->
    update t8234fichadatos
    set num_postulante = #record.numPostulante:INTEGER#,
      cod_estcivil = #record.codEstcivil:CHAR#,
      cod_ubigeonac = #record.codUbigeonac:CHAR#,
      cod_ubigeodom = #record.codUbigeodom:CHAR#,
      cod_tipzona = #record.codTipzona:CHAR#,
      nom_zona = #record.nomZona:VARCHAR#,
      cod_tipvia = #record.codTipvia:CHAR#,
      nom_via = #record.nomVia:VARCHAR#,
      num_dom = #record.numDom:VARCHAR#,
      num_telcasa = #record.numTelcasa:VARCHAR#,
      num_telcelular = #record.numTelcelular:VARCHAR#,
      ind_anterior = #record.indAnterior:CHAR#,
      num_licencia = #record.numLicencia:VARCHAR#,
      dir_carpetaarchivo = #record.dirCarpetaarchivo:VARCHAR#,
      mto_pretensionecon = #record.mtoPretensionecon:DECIMAL#,
      ind_sunat_id = #record.indSunatId:CHAR#,
      des_famil_sunat = #record.desFamilSunat:VARCHAR#,
      ind_sunat = #record.indSunat:CHAR#,
      ind_discapacitado = #record.indDiscapacitado:CHAR#,
      cod_examen = #record.codExamen:CHAR#,
      cod_estado = #record.codEstado:CHAR#,
      des_discapacidad = #record.desDiscapacidad:VARCHAR#,
      ind_labor = #record.indLabor:CHAR#,
      ind_sexo = #record.indSexo:CHAR#,
      ind_sede1 = #record.indSede1:CHAR#,
      ind_sede2 = #record.indSede2:CHAR#,
      num_ruc = #record.numRuc:VARCHAR#,
      cod_cat_licencia = #record.codCatLicencia:CHAR#,
      num_colegiatura = #record.numColegiatura:VARCHAR#,
      ind_colegiatura = #record.indColegiatura:CHAR#,
      cod_usuregis = #record.codUsuregis:VARCHAR#,
      fec_regis = #record.fecRegis:TIMESTAMP#,
      cod_usumodif = #record.codUsumodif:VARCHAR#,
      fec_modif = #record.fecModif:TIMESTAMP#
    <isParameterPresent >
      <include refid="t8234fichadatos.ibatorgenerated_Example_Where_Clause" />
    </isParameterPresent>
  </update>
  <update id="ibatorgenerated_updateByPrimaryKeySelective" parameterClass="pe.gob.sunat.recurso2.humano.seleccion.model.beans.Ficha" >
    <!--
      WARNING - This element is automatically generated by Apache iBATIS ibator, do not modify.
      This element was generated on Tue Jul 04 10:59:04 COT 2017.
    -->
    update t8234fichadatos
    <dynamic prepend="set" >
      <isNotNull prepend="," property="codEstcivil" >
        cod_estcivil = #codEstcivil:CHAR#
      </isNotNull>
      <isNotNull prepend="," property="codUbigeonac" >
        cod_ubigeonac = #codUbigeonac:CHAR#
      </isNotNull>
      <isNotNull prepend="," property="codUbigeodom" >
        cod_ubigeodom = #codUbigeodom:CHAR#
      </isNotNull>
      <isNotNull prepend="," property="codTipzona" >
        cod_tipzona = #codTipzona:CHAR#
      </isNotNull>
      <isNotNull prepend="," property="nomZona" >
        nom_zona = #nomZona:VARCHAR#
      </isNotNull>
      <isNotNull prepend="," property="codTipvia" >
        cod_tipvia = #codTipvia:CHAR#
      </isNotNull>
      <isNotNull prepend="," property="nomVia" >
        nom_via = #nomVia:VARCHAR#
      </isNotNull>
      <isNotNull prepend="," property="numDom" >
        num_dom = #numDom:VARCHAR#
      </isNotNull>
      <isNotNull prepend="," property="numTelcasa" >
        num_telcasa = #numTelcasa:VARCHAR#
      </isNotNull>
      <isNotNull prepend="," property="numTelcelular" >
        num_telcelular = #numTelcelular:VARCHAR#
      </isNotNull>
      <isNotNull prepend="," property="indAnterior" >
        ind_anterior = #indAnterior:CHAR#
      </isNotNull>
      <isNotNull prepend="," property="numLicencia" >
        num_licencia = #numLicencia:VARCHAR#
      </isNotNull>
      <isNotNull prepend="," property="dirCarpetaarchivo" >
        dir_carpetaarchivo = #dirCarpetaarchivo:VARCHAR#
      </isNotNull>
      <isNotNull prepend="," property="mtoPretensionecon" >
        mto_pretensionecon = #mtoPretensionecon:DECIMAL#
      </isNotNull>
      <isNotNull prepend="," property="indSunatId" >
        ind_sunat_id = #indSunatId:CHAR#
      </isNotNull>
      <isNotNull prepend="," property="desFamilSunat" >
        des_famil_sunat = #desFamilSunat:VARCHAR#
      </isNotNull>
      <isNotNull prepend="," property="indSunat" >
        ind_sunat = #indSunat:CHAR#
      </isNotNull>
      <isNotNull prepend="," property="indDiscapacitado" >
        ind_discapacitado = #indDiscapacitado:CHAR#
      </isNotNull>
      <isNotNull prepend="," property="codExamen" >
        cod_examen = #codExamen:CHAR#
      </isNotNull>
      <isNotNull prepend="," property="codEstado" >
        cod_estado = #codEstado:CHAR#
      </isNotNull>
      <isNotNull prepend="," property="desDiscapacidad" >
        des_discapacidad = #desDiscapacidad:VARCHAR#
      </isNotNull>
      <isNotNull prepend="," property="indLabor" >
        ind_labor = #indLabor:CHAR#
      </isNotNull>
      <isNotNull prepend="," property="indSexo" >
        ind_sexo = #indSexo:CHAR#
      </isNotNull>
      <isNotNull prepend="," property="indSede1" >
        ind_sede1 = #indSede1:CHAR#
      </isNotNull>
      <isNotNull prepend="," property="indSede2" >
        ind_sede2 = #indSede2:CHAR#
      </isNotNull>
      <isNotNull prepend="," property="numRuc" >
        num_ruc = #numRuc:VARCHAR#
      </isNotNull>
      <isNotNull prepend="," property="codCatLicencia" >
        cod_cat_licencia = #codCatLicencia:CHAR#
      </isNotNull>
      <isNotNull prepend="," property="numColegiatura" >
        num_colegiatura = #numColegiatura:VARCHAR#
      </isNotNull>
      <isNotNull prepend="," property="indColegiatura" >
        ind_colegiatura = #indColegiatura:CHAR#
      </isNotNull>
      <isNotNull prepend="," property="codUsuregis" >
        cod_usuregis = #codUsuregis:VARCHAR#
      </isNotNull>
      <isNotNull prepend="," property="fecRegis" >
        fec_regis = #fecRegis:TIMESTAMP#
      </isNotNull>
      <isNotNull prepend="," property="codUsumodif" >
        cod_usumodif = #codUsumodif:VARCHAR#
      </isNotNull>
      <isNotNull prepend="," property="fecModif" >
        fec_modif = #fecModif:TIMESTAMP#
      </isNotNull>
    </dynamic>
    where num_postulante = #numPostulante:INTEGER#
  </update>
  <update id="ibatorgenerated_updateByPrimaryKey" parameterClass="pe.gob.sunat.recurso2.humano.seleccion.model.beans.Ficha" >
    <!--
      WARNING - This element is automatically generated by Apache iBATIS ibator, do not modify.
      This element was generated on Tue Jul 04 10:59:04 COT 2017.
    -->
    update t8234fichadatos
    set cod_estcivil = #codEstcivil:CHAR#,
      cod_ubigeonac = #codUbigeonac:CHAR#,
      cod_ubigeodom = #codUbigeodom:CHAR#,
      cod_tipzona = #codTipzona:CHAR#,
      nom_zona = #nomZona:VARCHAR#,
      cod_tipvia = #codTipvia:CHAR#,
      nom_via = #nomVia:VARCHAR#,
      num_dom = #numDom:VARCHAR#,
      num_telcasa = #numTelcasa:VARCHAR#,
      num_telcelular = #numTelcelular:VARCHAR#,
      ind_anterior = #indAnterior:CHAR#,
      num_licencia = #numLicencia:VARCHAR#,
      dir_carpetaarchivo = #dirCarpetaarchivo:VARCHAR#,
      mto_pretensionecon = #mtoPretensionecon:DECIMAL#,
      ind_sunat_id = #indSunatId:CHAR#,
      des_famil_sunat = #desFamilSunat:VARCHAR#,
      ind_sunat = #indSunat:CHAR#,
      ind_discapacitado = #indDiscapacitado:CHAR#,
      cod_examen = #codExamen:CHAR#,
      cod_estado = #codEstado:CHAR#,
      des_discapacidad = #desDiscapacidad:VARCHAR#,
      ind_labor = #indLabor:CHAR#,
      ind_sexo = #indSexo:CHAR#,
      ind_sede1 = #indSede1:CHAR#,
      ind_sede2 = #indSede2:CHAR#,
      num_ruc = #numRuc:VARCHAR#,
      cod_cat_licencia = #codCatLicencia:CHAR#,
      num_colegiatura = #numColegiatura:VARCHAR#,
      ind_colegiatura = #indColegiatura:CHAR#,
      cod_usuregis = #codUsuregis:VARCHAR#,
      fec_regis = #fecRegis:TIMESTAMP#,
      cod_usumodif = #codUsumodif:VARCHAR#,
      fec_modif = #fecModif:TIMESTAMP#
    where num_postulante = #numPostulante:INTEGER#
  </update>
</sqlMap>