<?xml version="1.0" encoding="UTF-8" ?>
<!DOCTYPE sqlMap PUBLIC "-//ibatis.apache.org//DTD SQL Map 2.0//EN" "http://ibatis.apache.org/dtd/sql-map-2.dtd" >
<sqlMap namespace="t8233usupostulante" >
  <resultMap id="ibatorgenerated_BaseResultMap" class="pe.gob.sunat.recurso2.humano.seleccion.model.beans.Usuario" >
    <!--
      WARNING - This element is automatically generated by Apache iBATIS ibator, do not modify.
      This element was generated on Fri Jun 30 13:29:48 COT 2017.
    -->
    <result column="num_postulante" property="numPostulante" jdbcType="INTEGER" />
    <result column="nom_email" property="nomEmail" jdbcType="VARCHAR" />
    <result column="cod_tipo_doc" property="codTipoDoc" jdbcType="CHAR" />
    <result column="num_doc_id" property="numDocId" jdbcType="VARCHAR" />
    <result column="nom_postulante" property="nomPostulante" jdbcType="VARCHAR" />
    <result column="ape_paterno" property="apePaterno" jdbcType="VARCHAR" />
    <result column="ape_materno" property="apeMaterno" jdbcType="VARCHAR" />
    <result column="fec_nacimiento" property="fecNacimiento" jdbcType="TIMESTAMP" />
    <result column="nom_clave" property="nomClave" jdbcType="VARCHAR" />
    <result column="ind_estado" property="indEstado" jdbcType="CHAR" />
    <result column="fec_generatoken" property="fecGeneratoken" jdbcType="TIMESTAMP" />
    <result column="cod_token" property="codToken" jdbcType="CHAR" />
    <result column="cod_usuregis" property="codUsuregis" jdbcType="VARCHAR" />
    <result column="fec_regis" property="fecRegis" jdbcType="TIMESTAMP" />
    <result column="cod_usumodif" property="codUsumodif" jdbcType="VARCHAR" />
    <result column="fec_modif" property="fecModif" jdbcType="TIMESTAMP" />
  </resultMap>


  <select id="ibatorgenerated_selectBySelective" resultMap="ibatorgenerated_BaseResultMap" parameterClass="pe.gob.sunat.recurso2.humano.seleccion.model.beans.Usuario" >
    <!--
      WARNING - This element is automatically generated by Apache iBATIS ibator, do not modify.
      This element was generated on Fri Jun 30 13:29:48 COT 2017.
    -->
    select num_postulante, nom_email, cod_tipo_doc, num_doc_id, nom_postulante, ape_paterno, ape_materno,
      fec_nacimiento, nom_clave, ind_estado, fec_generatoken, cod_token, cod_usuregis, fec_regis,
      cod_usumodif, fec_modif
    from t8233usupostulante

    <dynamic prepend="WHERE" >
      <isNotNull prepend="AND" property="numPostulante" >
        num_postulante = #numPostulante:INTEGER#
      </isNotNull>
      <isNotNull prepend="AND" property="nomEmail" >
        nom_email = #nomEmail:VARCHAR#
      </isNotNull>
      <isNotNull prepend="AND" property="codTipoDoc" >
        cod_tipo_doc = #codTipoDoc:CHAR#
      </isNotNull>
      <isNotNull prepend="AND" property="numDocId" >
        num_doc_id = #numDocId:VARCHAR#
      </isNotNull>
      <isNotNull prepend="AND" property="nomPostulante" >
        nom_postulante = #nomPostulante:VARCHAR#
      </isNotNull>
      <isNotNull prepend="AND" property="apePaterno" >
        ape_paterno = #apePaterno:VARCHAR#
      </isNotNull>
      <isNotNull prepend="AND" property="apeMaterno" >
        ape_materno = #apeMaterno:VARCHAR#
      </isNotNull>
      <isNotNull prepend="AND" property="fecNacimiento" >
        fec_nacimiento = #fecNacimiento:TIMESTAMP#
      </isNotNull>
      <isNotNull prepend="AND" property="nomClave" >
        nom_clave = #nomClave:VARCHAR#
      </isNotNull>
      <isNotNull prepend="AND" property="indEstado" >
        ind_estado = #indEstado:CHAR#
      </isNotNull>
      <isNotNull prepend="AND" property="fecGeneratoken" >
        fec_generatoken = #fecGeneratoken:TIMESTAMP#
      </isNotNull>
      <isNotNull prepend="AND" property="codToken" >
        cod_token = #codToken:CHAR#
      </isNotNull>
      <isNotNull prepend="AND" property="codUsuregis" >
        cod_usuregis = #codUsuregis:VARCHAR#
      </isNotNull>
      <isNotNull prepend="AND" property="fecRegis" >
        fec_regis = #fecRegis:TIMESTAMP#
      </isNotNull>
      <isNotNull prepend="AND" property="codUsumodif" >
        cod_usumodif = #codUsumodif:VARCHAR#
      </isNotNull>
      <isNotNull prepend="AND" property="fecModif" >
        fec_modif = #fecModif:TIMESTAMP#
      </isNotNull>
    </dynamic>

  </select>
  <select id="ibatorgenerated_selectByPrimaryKey" resultMap="ibatorgenerated_BaseResultMap" parameterClass="pe.gob.sunat.recurso2.humano.seleccion.model.beans.Usuario" >
    <!--
      WARNING - This element is automatically generated by Apache iBATIS ibator, do not modify.
      This element was generated on Fri Jun 30 13:29:48 COT 2017.
    -->
    select num_postulante, nom_email, cod_tipo_doc, num_doc_id, nom_postulante, ape_paterno, ape_materno,
      fec_nacimiento, nom_clave, ind_estado, fec_generatoken, cod_token, cod_usuregis, fec_regis,
      cod_usumodif, fec_modif
    from t8233usupostulante
    where num_postulante = #numPostulante:INTEGER#
  </select>

  <select id="selectByEmail" resultClass="java.util.HashMap" parameterClass="java.lang.String" >
    <!--
      WARNING - This element is automatically generated by Apache iBATIS ibator, do not modify.
      This element was generated on Fri Jun 30 13:29:48 COT 2017.
    -->
    select num_postulante, nom_email, cod_tipo_doc, num_doc_id, nom_postulante, ape_paterno, ape_materno,
      fec_nacimiento, nom_clave, ind_estado, fec_generatoken, cod_token, cod_usuregis, fec_regis,
      cod_usumodif, fec_modif
    from t8233usupostulante
    where nom_email = #nomEmail:VARCHAR#
  </select>


  <insert id="ibatorgenerated_insert" parameterClass="pe.gob.sunat.recurso2.humano.seleccion.model.beans.Usuario" >
    <!--
      WARNING - This element is automatically generated by Apache iBATIS ibator, do not modify.
      This element was generated on Fri Jun 30 13:29:48 COT 2017.
    -->
    insert into t8233usupostulante (num_postulante, nom_email, cod_tipo_doc, num_doc_id, nom_postulante,
      ape_paterno, ape_materno, fec_nacimiento, nom_clave, ind_estado, fec_generatoken, cod_token,
      cod_usuregis, fec_regis, cod_usumodif, fec_modif)
    values (#numPostulante:INTEGER#, #nomEmail:VARCHAR#, #codTipoDoc:CHAR#, #numDocId:VARCHAR#,
      #nomPostulante:VARCHAR#, #apePaterno:VARCHAR#, #apeMaterno:VARCHAR#, #fecNacimiento:TIMESTAMP#,
      #nomClave:VARCHAR#, #indEstado:CHAR#, #fecGeneratoken:TIMESTAMP#, #codToken:CHAR#,
      #codUsuregis:VARCHAR#, #fecRegis:TIMESTAMP#, #codUsumodif:VARCHAR#, #fecModif:TIMESTAMP#)
  </insert>
  <insert id="ibatorgenerated_insertSelective" parameterClass="pe.gob.sunat.recurso2.humano.seleccion.model.beans.Usuario" >
    <!--
      WARNING - This element is automatically generated by Apache iBATIS ibator, do not modify.
      This element was generated on Fri Jun 30 13:29:48 COT 2017.
    -->
    insert into t8233usupostulante
    <dynamic prepend="(" >
      <isNotNull prepend="," property="numPostulante" >
        num_postulante
      </isNotNull>
      <isNotNull prepend="," property="nomEmail" >
        nom_email
      </isNotNull>
      <isNotNull prepend="," property="codTipoDoc" >
        cod_tipo_doc
      </isNotNull>
      <isNotNull prepend="," property="numDocId" >
        num_doc_id
      </isNotNull>
      <isNotNull prepend="," property="nomPostulante" >
        nom_postulante
      </isNotNull>
      <isNotNull prepend="," property="apePaterno" >
        ape_paterno
      </isNotNull>
      <isNotNull prepend="," property="apeMaterno" >
        ape_materno
      </isNotNull>
      <isNotNull prepend="," property="fecNacimiento" >
        fec_nacimiento
      </isNotNull>
      <isNotNull prepend="," property="nomClave" >
        nom_clave
      </isNotNull>
      <isNotNull prepend="," property="indEstado" >
        ind_estado
      </isNotNull>
      <isNotNull prepend="," property="fecGeneratoken" >
        fec_generatoken
      </isNotNull>
      <isNotNull prepend="," property="codToken" >
        cod_token
      </isNotNull>
      <isNotNull prepend="," property="codUsuregis" >
        cod_usuregis
      </isNotNull>
      <isNotNull prepend="," property="fecRegis" >
        fec_regis
      </isNotNull>
      <isNotNull prepend="," property="codUsumodif" >
        cod_usumodif
      </isNotNull>
      <isNotNull prepend="," property="fecModif" >
        fec_modif
      </isNotNull>
      )
    </dynamic>
    values
    <dynamic prepend="(" >
      <isNotNull prepend="," property="numPostulante" >
        #numPostulante:INTEGER#
      </isNotNull>
      <isNotNull prepend="," property="nomEmail" >
        #nomEmail:VARCHAR#
      </isNotNull>
      <isNotNull prepend="," property="codTipoDoc" >
        #codTipoDoc:CHAR#
      </isNotNull>
      <isNotNull prepend="," property="numDocId" >
        #numDocId:VARCHAR#
      </isNotNull>
      <isNotNull prepend="," property="nomPostulante" >
        #nomPostulante:VARCHAR#
      </isNotNull>
      <isNotNull prepend="," property="apePaterno" >
        #apePaterno:VARCHAR#
      </isNotNull>
      <isNotNull prepend="," property="apeMaterno" >
        #apeMaterno:VARCHAR#
      </isNotNull>
      <isNotNull prepend="," property="fecNacimiento" >
        #fecNacimiento:TIMESTAMP#
      </isNotNull>
      <isNotNull prepend="," property="nomClave" >
        #nomClave:VARCHAR#
      </isNotNull>
      <isNotNull prepend="," property="indEstado" >
        #indEstado:CHAR#
      </isNotNull>
      <isNotNull prepend="," property="fecGeneratoken" >
        #fecGeneratoken:TIMESTAMP#
      </isNotNull>
      <isNotNull prepend="," property="codToken" >
        #codToken:CHAR#
      </isNotNull>
      <isNotNull prepend="," property="codUsuregis" >
        #codUsuregis:VARCHAR#
      </isNotNull>
      <isNotNull prepend="," property="fecRegis" >
        #fecRegis:TIMESTAMP#
      </isNotNull>
      <isNotNull prepend="," property="codUsumodif" >
        #codUsumodif:VARCHAR#
      </isNotNull>
      <isNotNull prepend="," property="fecModif" >
        #fecModif:TIMESTAMP#
      </isNotNull>
      )
    </dynamic>
  </insert>


  <update id="ibatorgenerated_updateBySelective" >
    <!--
      WARNING - This element is automatically generated by Apache iBATIS ibator, do not modify.
      This element was generated on Fri Jun 30 13:29:48 COT 2017.
    -->
    update t8233usupostulante
    <dynamic prepend="set" >
      <isNotNull prepend="," property="record.numPostulante" >
        num_postulante = #record.numPostulante:INTEGER#
      </isNotNull>
      <isNotNull prepend="," property="record.nomEmail" >
        nom_email = #record.nomEmail:VARCHAR#
      </isNotNull>
      <isNotNull prepend="," property="record.codTipoDoc" >
        cod_tipo_doc = #record.codTipoDoc:CHAR#
      </isNotNull>
      <isNotNull prepend="," property="record.numDocId" >
        num_doc_id = #record.numDocId:VARCHAR#
      </isNotNull>
      <isNotNull prepend="," property="record.nomPostulante" >
        nom_postulante = #record.nomPostulante:VARCHAR#
      </isNotNull>
      <isNotNull prepend="," property="record.apePaterno" >
        ape_paterno = #record.apePaterno:VARCHAR#
      </isNotNull>
      <isNotNull prepend="," property="record.apeMaterno" >
        ape_materno = #record.apeMaterno:VARCHAR#
      </isNotNull>
      <isNotNull prepend="," property="record.fecNacimiento" >
        fec_nacimiento = #record.fecNacimiento:TIMESTAMP#
      </isNotNull>
      <isNotNull prepend="," property="record.nomClave" >
        nom_clave = #record.nomClave:VARCHAR#
      </isNotNull>
      <isNotNull prepend="," property="record.indEstado" >
        ind_estado = #record.indEstado:CHAR#
      </isNotNull>
      <isNotNull prepend="," property="record.fecGeneratoken" >
        fec_generatoken = #record.fecGeneratoken:TIMESTAMP#
      </isNotNull>
      <isNotNull prepend="," property="record.codToken" >
        cod_token = #record.codToken:CHAR#
      </isNotNull>
      <isNotNull prepend="," property="record.codUsuregis" >
        cod_usuregis = #record.codUsuregis:VARCHAR#
      </isNotNull>
      <isNotNull prepend="," property="record.fecRegis" >
        fec_regis = #record.fecRegis:TIMESTAMP#
      </isNotNull>
      <isNotNull prepend="," property="record.codUsumodif" >
        cod_usumodif = #record.codUsumodif:VARCHAR#
      </isNotNull>
      <isNotNull prepend="," property="record.fecModif" >
        fec_modif = #record.fecModif:TIMESTAMP#
      </isNotNull>
    </dynamic>

    <dynamic prepend="WHERE" >
      <isNotNull prepend="AND" property="numPostulante" >
        num_postulante = #numPostulante:INTEGER#
      </isNotNull>
      <isNotNull prepend="AND" property="nomEmail" >
        nom_email = #nomEmail:VARCHAR#
      </isNotNull>
      <isNotNull prepend="AND" property="codTipoDoc" >
        cod_tipo_doc = #codTipoDoc:CHAR#
      </isNotNull>
      <isNotNull prepend="AND" property="numDocId" >
        num_doc_id = #numDocId:VARCHAR#
      </isNotNull>
      <isNotNull prepend="AND" property="nomPostulante" >
        nom_postulante = #nomPostulante:VARCHAR#
      </isNotNull>
      <isNotNull prepend="AND" property="apePaterno" >
        ape_paterno = #apePaterno:VARCHAR#
      </isNotNull>
      <isNotNull prepend="AND" property="apeMaterno" >
        ape_materno = #apeMaterno:VARCHAR#
      </isNotNull>
      <isNotNull prepend="AND" property="fecNacimiento" >
        fec_nacimiento = #fecNacimiento:TIMESTAMP#
      </isNotNull>
      <isNotNull prepend="AND" property="nomClave" >
        nom_clave = #nomClave:VARCHAR#
      </isNotNull>
      <isNotNull prepend="AND" property="indEstado" >
        ind_estado = #indEstado:CHAR#
      </isNotNull>
      <isNotNull prepend="AND" property="fecGeneratoken" >
        fec_generatoken = #fecGeneratoken:TIMESTAMP#
      </isNotNull>
      <isNotNull prepend="AND" property="codToken" >
        cod_token = #codToken:CHAR#
      </isNotNull>
      <isNotNull prepend="AND" property="codUsuregis" >
        cod_usuregis = #codUsuregis:VARCHAR#
      </isNotNull>
      <isNotNull prepend="AND" property="fecRegis" >
        fec_regis = #fecRegis:TIMESTAMP#
      </isNotNull>
      <isNotNull prepend="AND" property="codUsumodif" >
        cod_usumodif = #codUsumodif:VARCHAR#
      </isNotNull>
      <isNotNull prepend="AND" property="fecModif" >
        fec_modif = #fecModif:TIMESTAMP#
      </isNotNull>
    </dynamic>

  </update>
  <update id="ibatorgenerated_updateByExample" >
    <!--
      WARNING - This element is automatically generated by Apache iBATIS ibator, do not modify.
      This element was generated on Fri Jun 30 13:29:48 COT 2017.
    -->
    update t8233usupostulante
    set num_postulante = #record.numPostulante:INTEGER#,
      nom_email = #record.nomEmail:VARCHAR#,
      cod_tipo_doc = #record.codTipoDoc:CHAR#,
      num_doc_id = #record.numDocId:VARCHAR#,
      nom_postulante = #record.nomPostulante:VARCHAR#,
      ape_paterno = #record.apePaterno:VARCHAR#,
      ape_materno = #record.apeMaterno:VARCHAR#,
      fec_nacimiento = #record.fecNacimiento:TIMESTAMP#,
      nom_clave = #record.nomClave:VARCHAR#,
      ind_estado = #record.indEstado:CHAR#,
      fec_generatoken = #record.fecGeneratoken:TIMESTAMP#,
      cod_token = #record.codToken:CHAR#,
      cod_usuregis = #record.codUsuregis:VARCHAR#,
      fec_regis = #record.fecRegis:TIMESTAMP#,
      cod_usumodif = #record.codUsumodif:VARCHAR#,
      fec_modif = #record.fecModif:TIMESTAMP#
    <dynamic prepend="WHERE" >
      <isNotNull prepend="AND" property="numPostulante" >
        num_postulante = #numPostulante:INTEGER#
      </isNotNull>
      <isNotNull prepend="AND" property="nomEmail" >
        nom_email = #nomEmail:VARCHAR#
      </isNotNull>
      <isNotNull prepend="AND" property="codTipoDoc" >
        cod_tipo_doc = #codTipoDoc:CHAR#
      </isNotNull>
      <isNotNull prepend="AND" property="numDocId" >
        num_doc_id = #numDocId:VARCHAR#
      </isNotNull>
      <isNotNull prepend="AND" property="nomPostulante" >
        nom_postulante = #nomPostulante:VARCHAR#
      </isNotNull>
      <isNotNull prepend="AND" property="apePaterno" >
        ape_paterno = #apePaterno:VARCHAR#
      </isNotNull>
      <isNotNull prepend="AND" property="apeMaterno" >
        ape_materno = #apeMaterno:VARCHAR#
      </isNotNull>
      <isNotNull prepend="AND" property="fecNacimiento" >
        fec_nacimiento = #fecNacimiento:TIMESTAMP#
      </isNotNull>
      <isNotNull prepend="AND" property="nomClave" >
        nom_clave = #nomClave:VARCHAR#
      </isNotNull>
      <isNotNull prepend="AND" property="indEstado" >
        ind_estado = #indEstado:CHAR#
      </isNotNull>
      <isNotNull prepend="AND" property="fecGeneratoken" >
        fec_generatoken = #fecGeneratoken:TIMESTAMP#
      </isNotNull>
      <isNotNull prepend="AND" property="codToken" >
        cod_token = #codToken:CHAR#
      </isNotNull>
      <isNotNull prepend="AND" property="codUsuregis" >
        cod_usuregis = #codUsuregis:VARCHAR#
      </isNotNull>
      <isNotNull prepend="AND" property="fecRegis" >
        fec_regis = #fecRegis:TIMESTAMP#
      </isNotNull>
      <isNotNull prepend="AND" property="codUsumodif" >
        cod_usumodif = #codUsumodif:VARCHAR#
      </isNotNull>
      <isNotNull prepend="AND" property="fecModif" >
        fec_modif = #fecModif:TIMESTAMP#
      </isNotNull>
    </dynamic>  </update>
  <update id="ibatorgenerated_updateByPrimaryKeySelective" parameterClass="pe.gob.sunat.recurso2.humano.seleccion.model.beans.Usuario" >
    <!--
      WARNING - This element is automatically generated by Apache iBATIS ibator, do not modify.
      This element was generated on Fri Jun 30 13:29:48 COT 2017.
    -->
    update t8233usupostulante
    <dynamic prepend="set" >
      <isNotNull prepend="," property="nomEmail" >
        nom_email = #nomEmail:VARCHAR#
      </isNotNull>
      <isNotNull prepend="," property="codTipoDoc" >
        cod_tipo_doc = #codTipoDoc:CHAR#
      </isNotNull>
      <isNotNull prepend="," property="numDocId" >
        num_doc_id = #numDocId:VARCHAR#
      </isNotNull>
      <isNotNull prepend="," property="nomPostulante" >
        nom_postulante = #nomPostulante:VARCHAR#
      </isNotNull>
      <isNotNull prepend="," property="apePaterno" >
        ape_paterno = #apePaterno:VARCHAR#
      </isNotNull>
      <isNotNull prepend="," property="apeMaterno" >
        ape_materno = #apeMaterno:VARCHAR#
      </isNotNull>
      <isNotNull prepend="," property="fecNacimiento" >
        fec_nacimiento = #fecNacimiento:TIMESTAMP#
      </isNotNull>
      <isNotNull prepend="," property="nomClave" >
        nom_clave = #nomClave:VARCHAR#
      </isNotNull>
      <isNotNull prepend="," property="indEstado" >
        ind_estado = #indEstado:CHAR#
      </isNotNull>
      <isNotNull prepend="," property="fecGeneratoken" >
        fec_generatoken = #fecGeneratoken:TIMESTAMP#
      </isNotNull>
      <isNotNull prepend="," property="codToken" >
        cod_token = #codToken:CHAR#
      </isNotNull>
      <isNotNull prepend="," property="codUsuregis" >
        cod_usuregis = #codUsuregis:VARCHAR#
      </isNotNull>
      <isNotNull prepend="," property="fecRegis" >
        fec_regis = #fecRegis:TIMESTAMP#
      </isNotNull>
      <isNotNull prepend="," property="codUsumodif" >
        cod_usumodif = #codUsumodif:VARCHAR#
      </isNotNull>
      <isNotNull prepend="," property="fecModif" >
        fec_modif = #fecModif:TIMESTAMP#
      </isNotNull>
    </dynamic>
    where num_postulante = #numPostulante:INTEGER#
  </update>
  <update id="ibatorgenerated_updateByPrimaryKey" parameterClass="pe.gob.sunat.recurso2.humano.seleccion.model.beans.Usuario" >
    <!--
      WARNING - This element is automatically generated by Apache iBATIS ibator, do not modify.
      This element was generated on Fri Jun 30 13:29:48 COT 2017.
    -->
    update t8233usupostulante
    set nom_email = #nomEmail:VARCHAR#,
      cod_tipo_doc = #codTipoDoc:CHAR#,
      num_doc_id = #numDocId:VARCHAR#,
      nom_postulante = #nomPostulante:VARCHAR#,
      ape_paterno = #apePaterno:VARCHAR#,
      ape_materno = #apeMaterno:VARCHAR#,
      fec_nacimiento = #fecNacimiento:TIMESTAMP#,
      nom_clave = #nomClave:VARCHAR#,
      ind_estado = #indEstado:CHAR#,
      fec_generatoken = #fecGeneratoken:TIMESTAMP#,
      cod_token = #codToken:CHAR#,
      cod_usuregis = #codUsuregis:VARCHAR#,
      fec_regis = #fecRegis:TIMESTAMP#,
      cod_usumodif = #codUsumodif:VARCHAR#,
      fec_modif = #fecModif:TIMESTAMP#
    where num_postulante = #numPostulante:INTEGER#
  </update>

  <update id="updateClave" parameterClass="pe.gob.sunat.recurso2.humano.seleccion.model.beans.Usuario" >
    <!--
      WARNING - This element is automatically generated by Apache iBATIS ibator, do not modify.
      This element was generated on Fri Jun 30 13:29:48 COT 2017.
    -->
    update t8233usupostulante
    set 
      nom_clave = #nomClave:VARCHAR#,
      cod_usumodif = #codUsumodif:VARCHAR#,
      fec_modif = #fecModif:TIMESTAMP#
    where  nom_email = #nomEmail:VARCHAR#
    
  </update>  
  <update id="updateToken" parameterClass="pe.gob.sunat.recurso2.humano.seleccion.model.beans.Usuario" >
    <!--
      WARNING - This element is automatically generated by Apache iBATIS ibator, do not modify.
      This element was generated on Fri Jun 30 13:29:48 COT 2017.
    -->
    update t8233usupostulante
    set 
      cod_token = #codToken:CHAR#,
      cod_usumodif = #codUsumodif:VARCHAR#,
      fec_generatoken = #fecGeneratoken:TIMESTAMP#,
      fec_modif = #fecModif:TIMESTAMP#
    where  nom_email = #nomEmail:VARCHAR#
    
  </update>  
</sqlMap>