<?xml version="1.0" encoding="UTF-8" ?>
<!DOCTYPE sqlMap PUBLIC "-//ibatis.apache.org//DTD SQL Map 2.0//EN" "http://ibatis.apache.org/dtd/sql-map-2.dtd" >
<sqlMap namespace="t8237fichacono" >
  <resultMap id="ibatorgenerated_BaseResultMap" class="pe.gob.sunat.recurso2.humano.seleccion.model.beans.FichaConocimiento" >
    <!--
      WARNING - This element is automatically generated by Apache iBATIS ibator, do not modify.
      This element was generated on Tue Jul 04 10:59:04 COT 2017.
    -->
    <result column="num_id_conocimient" property="numIdConocimient" jdbcType="INTEGER" />
    <result column="num_postulante" property="numPostulante" jdbcType="INTEGER" />
    <result column="cod_tipcono" property="codTipcono" jdbcType="CHAR" />
    <result column="cod_conocimiento" property="codConocimiento" jdbcType="VARCHAR" />
    <result column="cod_nivel" property="codNivel" jdbcType="CHAR" />
    <result column="nom_concomiento" property="nomConcomiento" jdbcType="VARCHAR" />
    <result column="cod_usuregis" property="codUsuregis" jdbcType="VARCHAR" />
    <result column="fec_regis" property="fecRegis" jdbcType="TIMESTAMP" />
    <result column="cod_usumodif" property="codUsumodif" jdbcType="VARCHAR" />
    <result column="fec_modif" property="fecModif" jdbcType="TIMESTAMP" />
    <result column="des_nivel" property="desNivel" jdbcType="VARCHAR" />
    <result column="des_tipo" property="desTipo" jdbcType="VARCHAR" />
  </resultMap>
  <sql id="ibatorgenerated_Example_Where_Clause" >
    <!--
      WARNING - This element is automatically generated by Apache iBATIS ibator, do not modify.
      This element was generated on Tue Jul 04 10:59:04 COT 2017.
    -->
    <iterate property="oredCriteria" conjunction="or" prepend="where" removeFirstPrepend="iterate" >
      <isEqual property="oredCriteria[].valid" compareValue="true" >
        (
        <iterate prepend="and" property="oredCriteria[].criteriaWithoutValue" conjunction="and" >
          $oredCriteria[].criteriaWithoutValue[]$
        </iterate>
        <iterate prepend="and" property="oredCriteria[].criteriaWithSingleValue" conjunction="and" >
          $oredCriteria[].criteriaWithSingleValue[].condition$
            #oredCriteria[].criteriaWithSingleValue[].value#
        </iterate>
        <iterate prepend="and" property="oredCriteria[].criteriaWithListValue" conjunction="and" >
          $oredCriteria[].criteriaWithListValue[].condition$
          <iterate property="oredCriteria[].criteriaWithListValue[].values" open="(" close=")" conjunction="," >
            #oredCriteria[].criteriaWithListValue[].values[]#
          </iterate>
        </iterate>
        <iterate prepend="and" property="oredCriteria[].criteriaWithBetweenValue" conjunction="and" >
          $oredCriteria[].criteriaWithBetweenValue[].condition$
          #oredCriteria[].criteriaWithBetweenValue[].values[0]# and
          #oredCriteria[].criteriaWithBetweenValue[].values[1]#
        </iterate>
        )
      </isEqual>
    </iterate>
  </sql>
  <select id="ibatorgenerated_selectByExample" resultMap="ibatorgenerated_BaseResultMap" parameterClass="pe.gob.sunat.recurso2.humano.seleccion.model.beans.FichaConocimientoExample" >
    <!--
      WARNING - This element is automatically generated by Apache iBATIS ibator, do not modify.
      This element was generated on Tue Jul 04 10:59:04 COT 2017.
    -->
    select num_id_conocimient, num_postulante, cod_tipcono, cod_conocimiento, cod_nivel,
      nom_concomiento, cod_usuregis, fec_regis, cod_usumodif, fec_modif, '' as des_nivel, '' as des_tipo 
    from t8237fichacono
    <isParameterPresent >
      <include refid="t8237fichacono.ibatorgenerated_Example_Where_Clause" />
      <isNotNull property="orderByClause" >
        order by $orderByClause$
      </isNotNull>
    </isParameterPresent>
  </select>
  
  
  <select id="listarConocimiento" resultMap="ibatorgenerated_BaseResultMap" parameterClass="pe.gob.sunat.recurso2.humano.seleccion.model.beans.FichaConocimiento" >
    
    select num_id_conocimient, num_postulante, cod_tipcono, cod_conocimiento, cod_nivel,
     decode(t99descrip,'OTROS',nom_concomiento, t99descrip ) nom_concomiento, cod_usuregis, fec_regis, cod_usumodif, fec_modif,
     case when cod_tipcono='2' then 'INFORMÁTICO' else 'IDIOMAS' end as des_tipo,
     case when cod_nivel='B' then 'BÁSICO' 
     	  when cod_nivel='I' then 'INTERMEDIO'
     	  when cod_nivel='A' then 'AVANZADO' end as des_nivel 
    from t8237fichacono 
    inner join t99codigos on t8237fichacono.cod_conocimiento  = t99codigos.t99siglas  and   t8237fichacono.cod_tipcono = t99codigos.t99abrev  and   t99cod_tab = 612 and t99tip_desc ='D'
    where num_postulante = #numPostulante:INTEGER#
  </select>
  
  
  <delete id="ibatorgenerated_deleteByPrimaryKey" parameterClass="pe.gob.sunat.recurso2.humano.seleccion.model.beans.FichaConocimiento" >
    <!--
      WARNING - This element is automatically generated by Apache iBATIS ibator, do not modify.
      This element was generated on Tue Jul 04 10:59:04 COT 2017.
    -->
    delete from t8237fichacono
    where num_id_conocimient = #numIdConocimient:INTEGER#
  </delete>
  <delete id="ibatorgenerated_deleteByExample" parameterClass="pe.gob.sunat.recurso2.humano.seleccion.model.beans.FichaConocimientoExample" >
    <!--
      WARNING - This element is automatically generated by Apache iBATIS ibator, do not modify.
      This element was generated on Tue Jul 04 10:59:04 COT 2017.
    -->
    delete from t8237fichacono
    <include refid="t8237fichacono.ibatorgenerated_Example_Where_Clause" />
  </delete>
  <insert id="ibatorgenerated_insert" parameterClass="pe.gob.sunat.recurso2.humano.seleccion.model.beans.FichaConocimiento" >
    <!--
      WARNING - This element is automatically generated by Apache iBATIS ibator, do not modify.
      This element was generated on Tue Jul 04 10:59:04 COT 2017.
    -->
    insert into t8237fichacono (num_id_conocimient, num_postulante, cod_tipcono, cod_conocimiento,
      cod_nivel, nom_concomiento, cod_usuregis, fec_regis, cod_usumodif, fec_modif)
    values (#numIdConocimient:INTEGER#, #numPostulante:INTEGER#, #codTipcono:CHAR#,
      #codConocimiento:VARCHAR#, #codNivel:CHAR#, #nomConcomiento:VARCHAR#, #codUsuregis:VARCHAR#,
      #fecRegis:TIMESTAMP#, #codUsumodif:VARCHAR#, #fecModif:TIMESTAMP#)
  </insert>
  <insert id="ibatorgenerated_insertSelective" parameterClass="pe.gob.sunat.recurso2.humano.seleccion.model.beans.FichaConocimiento" >
    <!--
      WARNING - This element is automatically generated by Apache iBATIS ibator, do not modify.
      This element was generated on Tue Jul 04 10:59:04 COT 2017.
    -->
    insert into t8237fichacono
    <dynamic prepend="(" >
      <isNotNull prepend="," property="numIdConocimient" >
        num_id_conocimient
      </isNotNull>
      <isNotNull prepend="," property="numPostulante" >
        num_postulante
      </isNotNull>
      <isNotNull prepend="," property="codTipcono" >
        cod_tipcono
      </isNotNull>
      <isNotNull prepend="," property="codConocimiento" >
        cod_conocimiento
      </isNotNull>
      <isNotNull prepend="," property="codNivel" >
        cod_nivel
      </isNotNull>
      <isNotNull prepend="," property="nomConcomiento" >
        nom_concomiento
      </isNotNull>
      <isNotNull prepend="," property="codUsuregis" >
        cod_usuregis
      </isNotNull>
      <isNotNull prepend="," property="fecRegis" >
        fec_regis
      </isNotNull>
      <isNotNull prepend="," property="codUsumodif" >
        cod_usumodif
      </isNotNull>
      <isNotNull prepend="," property="fecModif" >
        fec_modif
      </isNotNull>
      )
    </dynamic>
    values
    <dynamic prepend="(" >
      <isNotNull prepend="," property="numIdConocimient" >
        #numIdConocimient:INTEGER#
      </isNotNull>
      <isNotNull prepend="," property="numPostulante" >
        #numPostulante:INTEGER#
      </isNotNull>
      <isNotNull prepend="," property="codTipcono" >
        #codTipcono:CHAR#
      </isNotNull>
      <isNotNull prepend="," property="codConocimiento" >
        #codConocimiento:VARCHAR#
      </isNotNull>
      <isNotNull prepend="," property="codNivel" >
        #codNivel:CHAR#
      </isNotNull>
      <isNotNull prepend="," property="nomConcomiento" >
        #nomConcomiento:VARCHAR#
      </isNotNull>
      <isNotNull prepend="," property="codUsuregis" >
        #codUsuregis:VARCHAR#
      </isNotNull>
      <isNotNull prepend="," property="fecRegis" >
        #fecRegis:TIMESTAMP#
      </isNotNull>
      <isNotNull prepend="," property="codUsumodif" >
        #codUsumodif:VARCHAR#
      </isNotNull>
      <isNotNull prepend="," property="fecModif" >
        #fecModif:TIMESTAMP#
      </isNotNull>
      )
    </dynamic>
    <selectKey resultClass="int" keyProperty="numIdConocimient">
      SELECT DISTINCT dbinfo('sqlca.sqlerrd1') FROM t8237fichacono;
    </selectKey>
  </insert>
  <select id="ibatorgenerated_countByExample" parameterClass="pe.gob.sunat.recurso2.humano.seleccion.model.beans.FichaConocimientoExample" resultClass="java.lang.Integer" >
    <!--
      WARNING - This element is automatically generated by Apache iBATIS ibator, do not modify.
      This element was generated on Tue Jul 04 10:59:04 COT 2017.
    -->
    select count(*) from t8237fichacono
    <include refid="t8237fichacono.ibatorgenerated_Example_Where_Clause" />
  </select>
  <update id="ibatorgenerated_updateByExampleSelective" >
    <!--
      WARNING - This element is automatically generated by Apache iBATIS ibator, do not modify.
      This element was generated on Tue Jul 04 10:59:04 COT 2017.
    -->
    update t8237fichacono
    <dynamic prepend="set" >
      <isNotNull prepend="," property="record.numIdConocimient" >
        num_id_conocimient = #record.numIdConocimient:INTEGER#
      </isNotNull>
      <isNotNull prepend="," property="record.numPostulante" >
        num_postulante = #record.numPostulante:INTEGER#
      </isNotNull>
      <isNotNull prepend="," property="record.codTipcono" >
        cod_tipcono = #record.codTipcono:CHAR#
      </isNotNull>
      <isNotNull prepend="," property="record.codConocimiento" >
        cod_conocimiento = #record.codConocimiento:VARCHAR#
      </isNotNull>
      <isNotNull prepend="," property="record.codNivel" >
        cod_nivel = #record.codNivel:CHAR#
      </isNotNull>
      <isNotNull prepend="," property="record.nomConcomiento" >
        nom_concomiento = #record.nomConcomiento:VARCHAR#
      </isNotNull>
      <isNotNull prepend="," property="record.codUsuregis" >
        cod_usuregis = #record.codUsuregis:VARCHAR#
      </isNotNull>
      <isNotNull prepend="," property="record.fecRegis" >
        fec_regis = #record.fecRegis:TIMESTAMP#
      </isNotNull>
      <isNotNull prepend="," property="record.codUsumodif" >
        cod_usumodif = #record.codUsumodif:VARCHAR#
      </isNotNull>
      <isNotNull prepend="," property="record.fecModif" >
        fec_modif = #record.fecModif:TIMESTAMP#
      </isNotNull>
    </dynamic>
    <isParameterPresent >
      <include refid="t8237fichacono.ibatorgenerated_Example_Where_Clause" />
    </isParameterPresent>
  </update>
  <update id="ibatorgenerated_updateByExample" >
    <!--
      WARNING - This element is automatically generated by Apache iBATIS ibator, do not modify.
      This element was generated on Tue Jul 04 10:59:04 COT 2017.
    -->
    update t8237fichacono
    set num_id_conocimient = #record.numIdConocimient:INTEGER#,
      num_postulante = #record.numPostulante:INTEGER#,
      cod_tipcono = #record.codTipcono:CHAR#,
      cod_conocimiento = #record.codConocimiento:VARCHAR#,
      cod_nivel = #record.codNivel:CHAR#,
      nom_concomiento = #record.nomConcomiento:VARCHAR#,
      cod_usuregis = #record.codUsuregis:VARCHAR#,
      fec_regis = #record.fecRegis:TIMESTAMP#,
      cod_usumodif = #record.codUsumodif:VARCHAR#,
      fec_modif = #record.fecModif:TIMESTAMP#
    <isParameterPresent >
      <include refid="t8237fichacono.ibatorgenerated_Example_Where_Clause" />
    </isParameterPresent>
  </update>
  <update id="ibatorgenerated_updateByPrimaryKeySelective" parameterClass="pe.gob.sunat.recurso2.humano.seleccion.model.beans.FichaConocimiento" >
    <!--
      WARNING - This element is automatically generated by Apache iBATIS ibator, do not modify.
      This element was generated on Tue Jul 04 10:59:04 COT 2017.
    -->
    update t8237fichacono
    <dynamic prepend="set" >
      <isNotNull prepend="," property="numPostulante" >
        num_postulante = #numPostulante:INTEGER#
      </isNotNull>
      <isNotNull prepend="," property="codTipcono" >
        cod_tipcono = #codTipcono:CHAR#
      </isNotNull>
      <isNotNull prepend="," property="codConocimiento" >
        cod_conocimiento = #codConocimiento:VARCHAR#
      </isNotNull>
      <isNotNull prepend="," property="codNivel" >
        cod_nivel = #codNivel:CHAR#
      </isNotNull>
      <isNotNull prepend="," property="nomConcomiento" >
        nom_concomiento = #nomConcomiento:VARCHAR#
      </isNotNull>
      <isNotNull prepend="," property="codUsuregis" >
        cod_usuregis = #codUsuregis:VARCHAR#
      </isNotNull>
      <isNotNull prepend="," property="fecRegis" >
        fec_regis = #fecRegis:TIMESTAMP#
      </isNotNull>
      <isNotNull prepend="," property="codUsumodif" >
        cod_usumodif = #codUsumodif:VARCHAR#
      </isNotNull>
      <isNotNull prepend="," property="fecModif" >
        fec_modif = #fecModif:TIMESTAMP#
      </isNotNull>
    </dynamic>
    where num_id_conocimient = #numIdConocimient:INTEGER#
  </update>
  <update id="ibatorgenerated_updateByPrimaryKey" parameterClass="pe.gob.sunat.recurso2.humano.seleccion.model.beans.FichaConocimiento" >
    <!--
      WARNING - This element is automatically generated by Apache iBATIS ibator, do not modify.
      This element was generated on Tue Jul 04 10:59:04 COT 2017.
    -->
    update t8237fichacono
    set num_postulante = #numPostulante:INTEGER#,
      cod_tipcono = #codTipcono:CHAR#,
      cod_conocimiento = #codConocimiento:VARCHAR#,
      cod_nivel = #codNivel:CHAR#,
      nom_concomiento = #nomConcomiento:VARCHAR#,
      cod_usuregis = #codUsuregis:VARCHAR#,
      fec_regis = #fecRegis:TIMESTAMP#,
      cod_usumodif = #codUsumodif:VARCHAR#,
      fec_modif = #fecModif:TIMESTAMP#
    where num_id_conocimient = #numIdConocimient:INTEGER#
  </update>
</sqlMap>