<?xml version="1.0" encoding="UTF-8" ?>
<!DOCTYPE sqlMap PUBLIC "-//ibatis.apache.org//DTD SQL Map 2.0//EN" "http://ibatis.apache.org/dtd/sql-map-2.dtd" >
<sqlMap namespace="t8239fichaexplabor" >
  <resultMap id="ibatorgenerated_BaseResultMap" class="pe.gob.sunat.recurso2.humano.seleccion.model.beans.FichaExperiencia" >
    <!--
      WARNING - This element is automatically generated by Apache iBATIS ibator, do not modify.
      This element was generated on Wed Jul 05 10:12:03 COT 2017.
    -->
    <result column="num_id_expe" property="numIdExpe" jdbcType="INTEGER" />
    <result column="num_postulante" property="numPostulante" jdbcType="INTEGER" />
    <result column="cod_tipoexpe" property="codTipoexpe" jdbcType="CHAR" />
    <result column="cod_tipoentidad" property="codTipoentidad" jdbcType="CHAR" />
    <result column="des_entidad" property="desEntidad" jdbcType="VARCHAR" />
    <result column="des_area" property="desArea" jdbcType="VARCHAR" />
    <result column="des_cargo" property="desCargo" jdbcType="VARCHAR" />
    <result column="cod_tipocontrato" property="codTipocontrato" jdbcType="CHAR" />
    <result column="fec_inicio" property="fecInicio" jdbcType="TIMESTAMP" />
    <result column="fec_fin" property="fecFin" jdbcType="TIMESTAMP" />
    <result column="cod_motivo_cese" property="codMotivoCese" jdbcType="CHAR" />
    <result column="des_labores" property="desLabores" jdbcType="VARCHAR" />
    <result column="mto_remu" property="mtoRemu" jdbcType="DECIMAL" />
    <result column="cod_seccion" property="codSeccion" jdbcType="CHAR" />
    <result column="des_cargo_cont" property="desCargoCont" jdbcType="VARCHAR" />
    <result column="nom_contacto" property="nomContacto" jdbcType="VARCHAR" />
    <result column="num_telefono" property="numTelefono" jdbcType="VARCHAR" />
    <result column="nom_correo" property="nomCorreo" jdbcType="VARCHAR" />
    <result column="nom_direccion" property="nomDireccion" jdbcType="VARCHAR" />
    <result column="cod_usuregis" property="codUsuregis" jdbcType="VARCHAR" />
    <result column="fec_regis" property="fecRegis" jdbcType="TIMESTAMP" />
    <result column="cod_usumodif" property="codUsumodif" jdbcType="VARCHAR" />
    <result column="fec_modif" property="fecModif" jdbcType="TIMESTAMP" />
    <result column="num_arc_postula" property="numArcPostula" jdbcType="INTEGER" />
  </resultMap>
  <sql id="ibatorgenerated_Example_Where_Clause" >
    <!--
      WARNING - This element is automatically generated by Apache iBATIS ibator, do not modify.
      This element was generated on Wed Jul 05 10:12:03 COT 2017.
    -->
    <iterate property="oredCriteria" conjunction="or" prepend="where" removeFirstPrepend="iterate" >
      <isEqual property="oredCriteria[].valid" compareValue="true" >
        (
        <iterate prepend="and" property="oredCriteria[].criteriaWithoutValue" conjunction="and" >
          $oredCriteria[].criteriaWithoutValue[]$
        </iterate>
        <iterate prepend="and" property="oredCriteria[].criteriaWithSingleValue" conjunction="and" >
          $oredCriteria[].criteriaWithSingleValue[].condition$
            #oredCriteria[].criteriaWithSingleValue[].value#
        </iterate>
        <iterate prepend="and" property="oredCriteria[].criteriaWithListValue" conjunction="and" >
          $oredCriteria[].criteriaWithListValue[].condition$
          <iterate property="oredCriteria[].criteriaWithListValue[].values" open="(" close=")" conjunction="," >
            #oredCriteria[].criteriaWithListValue[].values[]#
          </iterate>
        </iterate>
        <iterate prepend="and" property="oredCriteria[].criteriaWithBetweenValue" conjunction="and" >
          $oredCriteria[].criteriaWithBetweenValue[].condition$
          #oredCriteria[].criteriaWithBetweenValue[].values[0]# and
          #oredCriteria[].criteriaWithBetweenValue[].values[1]#
        </iterate>
        )
      </isEqual>
    </iterate>
  </sql>
  <select id="ibatorgenerated_selectByExample" resultMap="ibatorgenerated_BaseResultMap" parameterClass="pe.gob.sunat.recurso2.humano.seleccion.model.beans.FichaExperienciaExample" >
    <!--
      WARNING - This element is automatically generated by Apache iBATIS ibator, do not modify.
      This element was generated on Wed Jul 05 10:12:03 COT 2017.
    -->
    select num_id_expe, num_postulante, cod_tipoexpe, cod_tipoentidad, des_entidad, des_area,
      des_cargo, cod_tipocontrato, fec_inicio, fec_fin, cod_motivo_cese, des_labores, mto_remu,
      cod_seccion, des_cargo_cont, nom_contacto, num_telefono, nom_correo, nom_direccion,
      cod_usuregis, fec_regis, cod_usumodif, fec_modif, num_arc_postula 
    from t8239fichaexplabor
    <isParameterPresent >
      <include refid="t8239fichaexplabor.ibatorgenerated_Example_Where_Clause" />
      <isNotNull property="orderByClause" >
        order by $orderByClause$
      </isNotNull>
    </isParameterPresent>
  </select>
  <select id="ibatorgenerated_selectByPrimaryKey" resultMap="ibatorgenerated_BaseResultMap" parameterClass="pe.gob.sunat.recurso2.humano.seleccion.model.beans.FichaExperiencia" >
    <!--
      WARNING - This element is automatically generated by Apache iBATIS ibator, do not modify.
      This element was generated on Wed Jul 05 10:12:03 COT 2017.
    -->
    select num_id_expe, num_postulante, cod_tipoexpe, cod_tipoentidad, des_entidad, des_area,
      des_cargo, cod_tipocontrato, fec_inicio, fec_fin, cod_motivo_cese, des_labores, mto_remu,
      cod_seccion, des_cargo_cont, nom_contacto, num_telefono, nom_correo, nom_direccion,
      cod_usuregis, fec_regis, cod_usumodif, fec_modif, num_arc_postula 
    from t8239fichaexplabor
    where num_id_expe = #numIdExpe:INTEGER#
  </select>
  <delete id="ibatorgenerated_deleteByPrimaryKey" parameterClass="pe.gob.sunat.recurso2.humano.seleccion.model.beans.FichaExperiencia" >
    <!--
      WARNING - This element is automatically generated by Apache iBATIS ibator, do not modify.
      This element was generated on Wed Jul 05 10:12:03 COT 2017.
    -->
    delete from t8239fichaexplabor
    where num_id_expe = #numIdExpe:INTEGER#
  </delete>
  <delete id="ibatorgenerated_deleteByExample" parameterClass="pe.gob.sunat.recurso2.humano.seleccion.model.beans.FichaExperienciaExample" >
    <!--
      WARNING - This element is automatically generated by Apache iBATIS ibator, do not modify.
      This element was generated on Wed Jul 05 10:12:03 COT 2017.
    -->
    delete from t8239fichaexplabor
    <include refid="t8239fichaexplabor.ibatorgenerated_Example_Where_Clause" />
  </delete>
  <insert id="ibatorgenerated_insert" parameterClass="pe.gob.sunat.recurso2.humano.seleccion.model.beans.FichaExperiencia" >
    <!--
      WARNING - This element is automatically generated by Apache iBATIS ibator, do not modify.
      This element was generated on Wed Jul 05 10:12:03 COT 2017.
    -->
    insert into t8239fichaexplabor (num_id_expe, num_postulante, cod_tipoexpe, cod_tipoentidad,
      des_entidad, des_area, des_cargo, cod_tipocontrato, fec_inicio, fec_fin, cod_motivo_cese,
      des_labores, mto_remu, cod_seccion, des_cargo_cont, nom_contacto, num_telefono, nom_correo,
      nom_direccion, cod_usuregis, fec_regis, cod_usumodif, fec_modif)
    values (#numIdExpe:INTEGER#, #numPostulante:INTEGER#, #codTipoexpe:CHAR#, #codTipoentidad:CHAR#,
      #desEntidad:VARCHAR#, #desArea:VARCHAR#, #desCargo:VARCHAR#, #codTipocontrato:CHAR#,
      #fecInicio:TIMESTAMP#, #fecFin:TIMESTAMP#, #codMotivoCese:CHAR#, #desLabores:VARCHAR#,
      #mtoRemu:DECIMAL#, #codSeccion:CHAR#, #desCargoCont:VARCHAR#, #nomContacto:VARCHAR#,
      #numTelefono:VARCHAR#, #nomCorreo:VARCHAR#, #nomDireccion:VARCHAR#, #codUsuregis:VARCHAR#,
      #fecRegis:TIMESTAMP#, #codUsumodif:VARCHAR#, #fecModif:TIMESTAMP#)
  </insert>
  <insert id="ibatorgenerated_insertSelective" parameterClass="pe.gob.sunat.recurso2.humano.seleccion.model.beans.FichaExperiencia" >
    <!--
      WARNING - This element is automatically generated by Apache iBATIS ibator, do not modify.
      This element was generated on Wed Jul 05 10:12:03 COT 2017.
    -->
    insert into t8239fichaexplabor
    <dynamic prepend="(" >
      <isNotNull prepend="," property="numIdExpe" >
        num_id_expe
      </isNotNull>
      <isNotNull prepend="," property="numPostulante" >
        num_postulante
      </isNotNull>
      <isNotNull prepend="," property="codTipoexpe" >
        cod_tipoexpe
      </isNotNull>
      <isNotNull prepend="," property="codTipoentidad" >
        cod_tipoentidad
      </isNotNull>
      <isNotNull prepend="," property="desEntidad" >
        des_entidad
      </isNotNull>
      <isNotNull prepend="," property="desArea" >
        des_area
      </isNotNull>
      <isNotNull prepend="," property="desCargo" >
        des_cargo
      </isNotNull>
      <isNotNull prepend="," property="codTipocontrato" >
        cod_tipocontrato
      </isNotNull>
      <isNotNull prepend="," property="fecInicio" >
        fec_inicio
      </isNotNull>
      <isNotNull prepend="," property="fecFin" >
        fec_fin
      </isNotNull>
      <isNotNull prepend="," property="codMotivoCese" >
        cod_motivo_cese
      </isNotNull>
      <isNotNull prepend="," property="desLabores" >
        des_labores
      </isNotNull>
      <isNotNull prepend="," property="mtoRemu" >
        mto_remu
      </isNotNull>
      <isNotNull prepend="," property="codSeccion" >
        cod_seccion
      </isNotNull>
      <isNotNull prepend="," property="desCargoCont" >
        des_cargo_cont
      </isNotNull>
      <isNotNull prepend="," property="nomContacto" >
        nom_contacto
      </isNotNull>
      <isNotNull prepend="," property="numTelefono" >
        num_telefono
      </isNotNull>
      <isNotNull prepend="," property="nomCorreo" >
        nom_correo
      </isNotNull>
      <isNotNull prepend="," property="nomDireccion" >
        nom_direccion
      </isNotNull>
      <isNotNull prepend="," property="codUsuregis" >
        cod_usuregis
      </isNotNull>
      <isNotNull prepend="," property="fecRegis" >
        fec_regis
      </isNotNull>
      <isNotNull prepend="," property="codUsumodif" >
        cod_usumodif
      </isNotNull>
      <isNotNull prepend="," property="fecModif" >
        fec_modif
      </isNotNull>
      <isNotNull prepend="," property="numArcPostula" >
        num_arc_postula
      </isNotNull>
      )
    </dynamic>
    values
    <dynamic prepend="(" >
      <isNotNull prepend="," property="numIdExpe" >
        #numIdExpe:INTEGER#
      </isNotNull>
      <isNotNull prepend="," property="numPostulante" >
        #numPostulante:INTEGER#
      </isNotNull>
      <isNotNull prepend="," property="codTipoexpe" >
        #codTipoexpe:CHAR#
      </isNotNull>
      <isNotNull prepend="," property="codTipoentidad" >
        #codTipoentidad:CHAR#
      </isNotNull>
      <isNotNull prepend="," property="desEntidad" >
        #desEntidad:VARCHAR#
      </isNotNull>
      <isNotNull prepend="," property="desArea" >
        #desArea:VARCHAR#
      </isNotNull>
      <isNotNull prepend="," property="desCargo" >
        #desCargo:VARCHAR#
      </isNotNull>
      <isNotNull prepend="," property="codTipocontrato" >
        #codTipocontrato:CHAR#
      </isNotNull>
      <isNotNull prepend="," property="fecInicio" >
        #fecInicio:TIMESTAMP#
      </isNotNull>
      <isNotNull prepend="," property="fecFin" >
        #fecFin:TIMESTAMP#
      </isNotNull>
      <isNotNull prepend="," property="codMotivoCese" >
        #codMotivoCese:CHAR#
      </isNotNull>
      <isNotNull prepend="," property="desLabores" >
        #desLabores:VARCHAR#
      </isNotNull>
      <isNotNull prepend="," property="mtoRemu" >
        #mtoRemu:DECIMAL#
      </isNotNull>
      <isNotNull prepend="," property="codSeccion" >
        #codSeccion:CHAR#
      </isNotNull>
      <isNotNull prepend="," property="desCargoCont" >
        #desCargoCont:VARCHAR#
      </isNotNull>
      <isNotNull prepend="," property="nomContacto" >
        #nomContacto:VARCHAR#
      </isNotNull>
      <isNotNull prepend="," property="numTelefono" >
        #numTelefono:VARCHAR#
      </isNotNull>
      <isNotNull prepend="," property="nomCorreo" >
        #nomCorreo:VARCHAR#
      </isNotNull>
      <isNotNull prepend="," property="nomDireccion" >
        #nomDireccion:VARCHAR#
      </isNotNull>
      <isNotNull prepend="," property="codUsuregis" >
        #codUsuregis:VARCHAR#
      </isNotNull>
      <isNotNull prepend="," property="fecRegis" >
        #fecRegis:TIMESTAMP#
      </isNotNull>
      <isNotNull prepend="," property="codUsumodif" >
        #codUsumodif:VARCHAR#
      </isNotNull>
      <isNotNull prepend="," property="fecModif" >
        #fecModif:TIMESTAMP#
      </isNotNull>
      <isNotNull prepend="," property="numArcPostula" >
        #numArcPostula:INTEGER#
      </isNotNull>
      )
    </dynamic>
  </insert>
  <select id="ibatorgenerated_countByExample" parameterClass="pe.gob.sunat.recurso2.humano.seleccion.model.beans.FichaExperienciaExample" resultClass="java.lang.Integer" >
    <!--
      WARNING - This element is automatically generated by Apache iBATIS ibator, do not modify.
      This element was generated on Wed Jul 05 10:12:03 COT 2017.
    -->
    select count(*) from t8239fichaexplabor
    <include refid="t8239fichaexplabor.ibatorgenerated_Example_Where_Clause" />
  </select>
  <update id="ibatorgenerated_updateByExampleSelective" >
    <!--
      WARNING - This element is automatically generated by Apache iBATIS ibator, do not modify.
      This element was generated on Wed Jul 05 10:12:03 COT 2017.
    -->
    update t8239fichaexplabor
    <dynamic prepend="set" >
      <isNotNull prepend="," property="record.numIdExpe" >
        num_id_expe = #record.numIdExpe:INTEGER#
      </isNotNull>
      <isNotNull prepend="," property="record.numPostulante" >
        num_postulante = #record.numPostulante:INTEGER#
      </isNotNull>
      <isNotNull prepend="," property="record.codTipoexpe" >
        cod_tipoexpe = #record.codTipoexpe:CHAR#
      </isNotNull>
      <isNotNull prepend="," property="record.codTipoentidad" >
        cod_tipoentidad = #record.codTipoentidad:CHAR#
      </isNotNull>
      <isNotNull prepend="," property="record.desEntidad" >
        des_entidad = #record.desEntidad:VARCHAR#
      </isNotNull>
      <isNotNull prepend="," property="record.desArea" >
        des_area = #record.desArea:VARCHAR#
      </isNotNull>
      <isNotNull prepend="," property="record.desCargo" >
        des_cargo = #record.desCargo:VARCHAR#
      </isNotNull>
      <isNotNull prepend="," property="record.codTipocontrato" >
        cod_tipocontrato = #record.codTipocontrato:CHAR#
      </isNotNull>
      <isNotNull prepend="," property="record.fecInicio" >
        fec_inicio = #record.fecInicio:TIMESTAMP#
      </isNotNull>
      <isNotNull prepend="," property="record.fecFin" >
        fec_fin = #record.fecFin:TIMESTAMP#
      </isNotNull>
      <isNotNull prepend="," property="record.codMotivoCese" >
        cod_motivo_cese = #record.codMotivoCese:CHAR#
      </isNotNull>
      <isNotNull prepend="," property="record.desLabores" >
        des_labores = #record.desLabores:VARCHAR#
      </isNotNull>
      <isNotNull prepend="," property="record.mtoRemu" >
        mto_remu = #record.mtoRemu:DECIMAL#
      </isNotNull>
      <isNotNull prepend="," property="record.codSeccion" >
        cod_seccion = #record.codSeccion:CHAR#
      </isNotNull>
      <isNotNull prepend="," property="record.desCargoCont" >
        des_cargo_cont = #record.desCargoCont:VARCHAR#
      </isNotNull>
      <isNotNull prepend="," property="record.nomContacto" >
        nom_contacto = #record.nomContacto:VARCHAR#
      </isNotNull>
      <isNotNull prepend="," property="record.numTelefono" >
        num_telefono = #record.numTelefono:VARCHAR#
      </isNotNull>
      <isNotNull prepend="," property="record.nomCorreo" >
        nom_correo = #record.nomCorreo:VARCHAR#
      </isNotNull>
      <isNotNull prepend="," property="record.nomDireccion" >
        nom_direccion = #record.nomDireccion:VARCHAR#
      </isNotNull>
      <isNotNull prepend="," property="record.codUsuregis" >
        cod_usuregis = #record.codUsuregis:VARCHAR#
      </isNotNull>
      <isNotNull prepend="," property="record.fecRegis" >
        fec_regis = #record.fecRegis:TIMESTAMP#
      </isNotNull>
      <isNotNull prepend="," property="record.codUsumodif" >
        cod_usumodif = #record.codUsumodif:VARCHAR#
      </isNotNull>
      <isNotNull prepend="," property="record.fecModif" >
        fec_modif = #record.fecModif:TIMESTAMP#
      </isNotNull>
    </dynamic>
    <isParameterPresent >
      <include refid="t8239fichaexplabor.ibatorgenerated_Example_Where_Clause" />
    </isParameterPresent>
  </update>
  <update id="ibatorgenerated_updateByExample" >
    <!--
      WARNING - This element is automatically generated by Apache iBATIS ibator, do not modify.
      This element was generated on Wed Jul 05 10:12:03 COT 2017.
    -->
    update t8239fichaexplabor
    set num_id_expe = #record.numIdExpe:INTEGER#,
      num_postulante = #record.numPostulante:INTEGER#,
      cod_tipoexpe = #record.codTipoexpe:CHAR#,
      cod_tipoentidad = #record.codTipoentidad:CHAR#,
      des_entidad = #record.desEntidad:VARCHAR#,
      des_area = #record.desArea:VARCHAR#,
      des_cargo = #record.desCargo:VARCHAR#,
      cod_tipocontrato = #record.codTipocontrato:CHAR#,
      fec_inicio = #record.fecInicio:TIMESTAMP#,
      fec_fin = #record.fecFin:TIMESTAMP#,
      cod_motivo_cese = #record.codMotivoCese:CHAR#,
      des_labores = #record.desLabores:VARCHAR#,
      mto_remu = #record.mtoRemu:DECIMAL#,
      cod_seccion = #record.codSeccion:CHAR#,
      des_cargo_cont = #record.desCargoCont:VARCHAR#,
      nom_contacto = #record.nomContacto:VARCHAR#,
      num_telefono = #record.numTelefono:VARCHAR#,
      nom_correo = #record.nomCorreo:VARCHAR#,
      nom_direccion = #record.nomDireccion:VARCHAR#,
      cod_usuregis = #record.codUsuregis:VARCHAR#,
      fec_regis = #record.fecRegis:TIMESTAMP#,
      cod_usumodif = #record.codUsumodif:VARCHAR#,
      fec_modif = #record.fecModif:TIMESTAMP#
    <isParameterPresent >
      <include refid="t8239fichaexplabor.ibatorgenerated_Example_Where_Clause" />
    </isParameterPresent>
  </update>
  <update id="ibatorgenerated_updateByPrimaryKeySelective" parameterClass="pe.gob.sunat.recurso2.humano.seleccion.model.beans.FichaExperiencia" >
    <!--
      WARNING - This element is automatically generated by Apache iBATIS ibator, do not modify.
      This element was generated on Wed Jul 05 10:12:03 COT 2017.
    -->
    update t8239fichaexplabor
    <dynamic prepend="set" >
      <isNotNull prepend="," property="numPostulante" >
        num_postulante = #numPostulante:INTEGER#
      </isNotNull>
      <isNotNull prepend="," property="codTipoexpe" >
        cod_tipoexpe = #codTipoexpe:CHAR#
      </isNotNull>
      <isNotNull prepend="," property="codTipoentidad" >
        cod_tipoentidad = #codTipoentidad:CHAR#
      </isNotNull>
      <isNotNull prepend="," property="desEntidad" >
        des_entidad = #desEntidad:VARCHAR#
      </isNotNull>
      <isNotNull prepend="," property="desArea" >
        des_area = #desArea:VARCHAR#
      </isNotNull>
      <isNotNull prepend="," property="desCargo" >
        des_cargo = #desCargo:VARCHAR#
      </isNotNull>
      <isNotNull prepend="," property="codTipocontrato" >
        cod_tipocontrato = #codTipocontrato:CHAR#
      </isNotNull>
      <isNotNull prepend="," property="fecInicio" >
        fec_inicio = #fecInicio:TIMESTAMP#
      </isNotNull>
      <isNotNull prepend="," property="fecFin" >
        fec_fin = #fecFin:TIMESTAMP#
      </isNotNull>
      <isNotNull prepend="," property="codMotivoCese" >
        cod_motivo_cese = #codMotivoCese:CHAR#
      </isNotNull>
      <isNotNull prepend="," property="desLabores" >
        des_labores = #desLabores:VARCHAR#
      </isNotNull>
      <isNotNull prepend="," property="mtoRemu" >
        mto_remu = #mtoRemu:DECIMAL#
      </isNotNull>
      <isNotNull prepend="," property="codSeccion" >
        cod_seccion = #codSeccion:CHAR#
      </isNotNull>
      <isNotNull prepend="," property="desCargoCont" >
        des_cargo_cont = #desCargoCont:VARCHAR#
      </isNotNull>
      <isNotNull prepend="," property="nomContacto" >
        nom_contacto = #nomContacto:VARCHAR#
      </isNotNull>
      <isNotNull prepend="," property="numTelefono" >
        num_telefono = #numTelefono:VARCHAR#
      </isNotNull>
      <isNotNull prepend="," property="nomCorreo" >
        nom_correo = #nomCorreo:VARCHAR#
      </isNotNull>
      <isNotNull prepend="," property="nomDireccion" >
        nom_direccion = #nomDireccion:VARCHAR#
      </isNotNull>
      <isNotNull prepend="," property="codUsuregis" >
        cod_usuregis = #codUsuregis:VARCHAR#
      </isNotNull>
      <isNotNull prepend="," property="fecRegis" >
        fec_regis = #fecRegis:TIMESTAMP#
      </isNotNull>
      <isNotNull prepend="," property="codUsumodif" >
        cod_usumodif = #codUsumodif:VARCHAR#
      </isNotNull>
      <isNotNull prepend="," property="fecModif" >
        fec_modif = #fecModif:TIMESTAMP#
      </isNotNull>
      <isNotNull prepend="," property="numArcPostula" >
        num_arc_postula = #numArcPostula:INTEGER#
      </isNotNull>
    </dynamic>
    where num_id_expe = #numIdExpe:INTEGER#
  </update>
  <update id="ibatorgenerated_updateByPrimaryKey" parameterClass="pe.gob.sunat.recurso2.humano.seleccion.model.beans.FichaExperiencia" >
    <!--
      WARNING - This element is automatically generated by Apache iBATIS ibator, do not modify.
      This element was generated on Wed Jul 05 10:12:03 COT 2017.
    -->
    update t8239fichaexplabor
    set num_postulante = #numPostulante:INTEGER#,
      cod_tipoexpe = #codTipoexpe:CHAR#,
      cod_tipoentidad = #codTipoentidad:CHAR#,
      des_entidad = #desEntidad:VARCHAR#,
      des_area = #desArea:VARCHAR#,
      des_cargo = #desCargo:VARCHAR#,
      cod_tipocontrato = #codTipocontrato:CHAR#,
      fec_inicio = #fecInicio:TIMESTAMP#,
      fec_fin = #fecFin:TIMESTAMP#,
      cod_motivo_cese = #codMotivoCese:CHAR#,
      des_labores = #desLabores:VARCHAR#,
      mto_remu = #mtoRemu:DECIMAL#,
      cod_seccion = #codSeccion:CHAR#,
      des_cargo_cont = #desCargoCont:VARCHAR#,
      nom_contacto = #nomContacto:VARCHAR#,
      num_telefono = #numTelefono:VARCHAR#,
      nom_correo = #nomCorreo:VARCHAR#,
      nom_direccion = #nomDireccion:VARCHAR#,
      cod_usuregis = #codUsuregis:VARCHAR#,
      fec_regis = #fecRegis:TIMESTAMP#,
      cod_usumodif = #codUsumodif:VARCHAR#,
      fec_modif = #fecModif:TIMESTAMP#
    where num_id_expe = #numIdExpe:INTEGER#
  </update>
</sqlMap>