<?xml version="1.0" encoding="UTF-8" ?>
<!DOCTYPE sqlMap PUBLIC "-//ibatis.apache.org//DTD SQL Map 2.0//EN" "http://ibatis.apache.org/dtd/sql-map-2.dtd" >
<sqlMap namespace="t8235fichaeduca" >
  <resultMap id="ibatorgenerated_BaseResultMap" class="pe.gob.sunat.recurso2.humano.seleccion.model.beans.FichaEducacion" >
    <!--
      WARNING - This element is automatically generated by Apache iBATIS ibator, do not modify.
      This element was generated on Tue Jul 04 10:59:04 COT 2017.
    -->
    <result column="num_id_academ" property="numIdAcadem" jdbcType="INTEGER" />
    <result column="num_postulante" property="numPostulante" jdbcType="INTEGER" />
    <result column="cod_especialidad" property="codEspecialidad" jdbcType="VARCHAR" />
    <result column="cod_nivel_educativ" property="codNivelEducativ" jdbcType="VARCHAR" />
    <result column="cod_centro_estudio" property="codCentroEstudio" jdbcType="VARCHAR" />
    <result column="nom_centro_estudio" property="nomCentroEstudio" jdbcType="VARCHAR" />
    <result column="nom_profesion" property="nomProfesion" jdbcType="VARCHAR" />
    <result column="ind_puesto_univ" property="indPuestoUniv" jdbcType="CHAR" />
    <result column="fec_inicio" property="fecInicio" jdbcType="TIMESTAMP" />
    <result column="fec_fin" property="fecFin" jdbcType="TIMESTAMP" />
    <result column="fec_grado" property="fecGrado" jdbcType="TIMESTAMP" />
    <result column="fec_egreso" property="fecEgreso" jdbcType="TIMESTAMP" />
    <result column="cod_usuregis" property="codUsuregis" jdbcType="VARCHAR" />
    <result column="fec_regis" property="fecRegis" jdbcType="TIMESTAMP" />
    <result column="cod_usumodif" property="codUsumodif" jdbcType="VARCHAR" />
    <result column="fec_modif" property="fecModif" jdbcType="TIMESTAMP" />
    <result column="cod_tipo_estudio" property="codTipoEstudio" jdbcType="VARCHAR" />
    <result column="cod_ciclo" property="codCiclo" jdbcType="VARCHAR" />
    <result column="num_arc_postula" property="numArcPostula" jdbcType="INTEGER" />
    
  </resultMap>
  <sql id="ibatorgenerated_Example_Where_Clause" >
    <!--
      WARNING - This element is automatically generated by Apache iBATIS ibator, do not modify.
      This element was generated on Tue Jul 04 10:59:04 COT 2017.
    -->
    <iterate property="oredCriteria" conjunction="or" prepend="where" removeFirstPrepend="iterate" >
      <isEqual property="oredCriteria[].valid" compareValue="true" >
        (
        <iterate prepend="and" property="oredCriteria[].criteriaWithoutValue" conjunction="and" >
          $oredCriteria[].criteriaWithoutValue[]$
        </iterate>
        <iterate prepend="and" property="oredCriteria[].criteriaWithSingleValue" conjunction="and" >
          $oredCriteria[].criteriaWithSingleValue[].condition$
            #oredCriteria[].criteriaWithSingleValue[].value#
        </iterate>
        <iterate prepend="and" property="oredCriteria[].criteriaWithListValue" conjunction="and" >
          $oredCriteria[].criteriaWithListValue[].condition$
          <iterate property="oredCriteria[].criteriaWithListValue[].values" open="(" close=")" conjunction="," >
            #oredCriteria[].criteriaWithListValue[].values[]#
          </iterate>
        </iterate>
        <iterate prepend="and" property="oredCriteria[].criteriaWithBetweenValue" conjunction="and" >
          $oredCriteria[].criteriaWithBetweenValue[].condition$
          #oredCriteria[].criteriaWithBetweenValue[].values[0]# and
          #oredCriteria[].criteriaWithBetweenValue[].values[1]#
        </iterate>
        )
      </isEqual>
    </iterate>
  </sql>
  <select id="ibatorgenerated_selectByExample" resultMap="ibatorgenerated_BaseResultMap" parameterClass="pe.gob.sunat.recurso2.humano.seleccion.model.beans.FichaEducacionExample" >
    <!--
      WARNING - This element is automatically generated by Apache iBATIS ibator, do not modify.
      This element was generated on Tue Jul 04 10:59:04 COT 2017.
    -->
    select num_id_academ, num_postulante, cod_especialidad, cod_nivel_educativ, cod_centro_estudio,
      nom_centro_estudio, nom_profesion, ind_puesto_univ, fec_inicio, fec_fin, fec_grado,
      fec_egreso, cod_usuregis, fec_regis, cod_usumodif, fec_modif,cod_tipo_estudio,cod_ciclo,num_arc_postula 
    from t8235fichaeduca
    <isParameterPresent >
      <include refid="t8235fichaeduca.ibatorgenerated_Example_Where_Clause" />
      <isNotNull property="orderByClause" >
        order by $orderByClause$
      </isNotNull>
    </isParameterPresent>
  </select>
  <select id="ibatorgenerated_selectByPrimaryKey" resultMap="ibatorgenerated_BaseResultMap" parameterClass="pe.gob.sunat.recurso2.humano.seleccion.model.beans.FichaEducacion" >
    <!--
      WARNING - This element is automatically generated by Apache iBATIS ibator, do not modify.
      This element was generated on Tue Jul 04 10:59:04 COT 2017.
    -->
    select num_id_academ, num_postulante, cod_especialidad, cod_nivel_educativ, cod_centro_estudio,
      nom_centro_estudio, nom_profesion, ind_puesto_univ, fec_inicio, fec_fin, fec_grado,
      fec_egreso, cod_usuregis, fec_regis, cod_usumodif, fec_modif,cod_tipo_estudio,cod_ciclo,num_arc_postula 
    from t8235fichaeduca
    where num_id_academ = #numIdAcadem:INTEGER#
  </select>
  <delete id="ibatorgenerated_deleteByPrimaryKey" parameterClass="pe.gob.sunat.recurso2.humano.seleccion.model.beans.FichaEducacion" >
    <!--
      WARNING - This element is automatically generated by Apache iBATIS ibator, do not modify.
      This element was generated on Tue Jul 04 10:59:04 COT 2017.
    -->
    delete from t8235fichaeduca
    where num_id_academ = #numIdAcadem:INTEGER#
  </delete>
  <delete id="ibatorgenerated_deleteByExample" parameterClass="pe.gob.sunat.recurso2.humano.seleccion.model.beans.FichaEducacionExample" >
    <!--
      WARNING - This element is automatically generated by Apache iBATIS ibator, do not modify.
      This element was generated on Tue Jul 04 10:59:04 COT 2017.
    -->
    delete from t8235fichaeduca
    <include refid="t8235fichaeduca.ibatorgenerated_Example_Where_Clause" />
  </delete>
  <insert id="ibatorgenerated_insert" parameterClass="pe.gob.sunat.recurso2.humano.seleccion.model.beans.FichaEducacion" >
    <!--
      WARNING - This element is automatically generated by Apache iBATIS ibator, do not modify.
      This element was generated on Tue Jul 04 10:59:04 COT 2017.
    -->
    insert into t8235fichaeduca (num_id_academ, num_postulante, cod_especialidad,
      cod_nivel_educativ, cod_centro_estudio, nom_centro_estudio, nom_profesion, ind_puesto_univ,
      fec_inicio, fec_fin, fec_grado, fec_egreso, cod_usuregis, fec_regis, cod_usumodif, fec_modif)
    values (#numIdAcadem:INTEGER#, #numPostulante:INTEGER#, #codEspecialidad:VARCHAR#,
      #codNivelEducativ:VARCHAR#, #codCentroEstudio:VARCHAR#, #nomCentroEstudio:VARCHAR#,
      #nomProfesion:VARCHAR#, #indPuestoUniv:CHAR#, #fecInicio:TIMESTAMP#, #fecFin:TIMESTAMP#,
      #fecGrado:TIMESTAMP#, #fecEgreso:TIMESTAMP#, #codUsuregis:VARCHAR#, #fecRegis:TIMESTAMP#,
      #codUsumodif:VARCHAR#, #fecModif:TIMESTAMP#)
  </insert>
  <insert id="ibatorgenerated_insertSelective" parameterClass="pe.gob.sunat.recurso2.humano.seleccion.model.beans.FichaEducacion" >
    <!--
      WARNING - This element is automatically generated by Apache iBATIS ibator, do not modify.
      This element was generated on Tue Jul 04 10:59:04 COT 2017.
    -->
    insert into t8235fichaeduca
    <dynamic prepend="(" >
      <isNotNull prepend="," property="numIdAcadem" >
        num_id_academ
      </isNotNull>
      <isNotNull prepend="," property="numPostulante" >
        num_postulante
      </isNotNull>
      <isNotNull prepend="," property="codEspecialidad" >
        cod_especialidad
      </isNotNull>
      <isNotNull prepend="," property="codNivelEducativ" >
        cod_nivel_educativ
      </isNotNull>
      <isNotNull prepend="," property="codCentroEstudio" >
        cod_centro_estudio
      </isNotNull>
      <isNotNull prepend="," property="nomCentroEstudio" >
        nom_centro_estudio
      </isNotNull>
      <isNotNull prepend="," property="nomProfesion" >
        nom_profesion
      </isNotNull>
      <isNotNull prepend="," property="indPuestoUniv" >
        ind_puesto_univ
      </isNotNull>
      <isNotNull prepend="," property="fecInicio" >
        fec_inicio
      </isNotNull>
      <isNotNull prepend="," property="fecFin" >
        fec_fin
      </isNotNull>
      <isNotNull prepend="," property="fecGrado" >
        fec_grado
      </isNotNull>
      <isNotNull prepend="," property="fecEgreso" >
        fec_egreso
      </isNotNull>
      <isNotNull prepend="," property="codUsuregis" >
        cod_usuregis
      </isNotNull>
      <isNotNull prepend="," property="fecRegis" >
        fec_regis
      </isNotNull>
      <isNotNull prepend="," property="codUsumodif" >
        cod_usumodif
      </isNotNull>
      <isNotNull prepend="," property="fecModif" >
        fec_modif
      </isNotNull>
      <isNotNull prepend="," property="numArcPostula" >
        num_arc_postula
      </isNotNull>
      <isNotNull prepend="," property="codTipoEstudio" >
        cod_tipo_estudio
      </isNotNull>
      <isNotNull prepend="," property="codCiclo" >
        cod_ciclo
      </isNotNull>
      )
    </dynamic>
    values
    <dynamic prepend="(" >
      <isNotNull prepend="," property="numIdAcadem" >
        #numIdAcadem:INTEGER#
      </isNotNull>
      <isNotNull prepend="," property="numPostulante" >
        #numPostulante:INTEGER#
      </isNotNull>
      <isNotNull prepend="," property="codEspecialidad" >
        #codEspecialidad:VARCHAR#
      </isNotNull>
      <isNotNull prepend="," property="codNivelEducativ" >
        #codNivelEducativ:VARCHAR#
      </isNotNull>
      <isNotNull prepend="," property="codCentroEstudio" >
        #codCentroEstudio:VARCHAR#
      </isNotNull>
      <isNotNull prepend="," property="nomCentroEstudio" >
        #nomCentroEstudio:VARCHAR#
      </isNotNull>
      <isNotNull prepend="," property="nomProfesion" >
        #nomProfesion:VARCHAR#
      </isNotNull>
      <isNotNull prepend="," property="indPuestoUniv" >
        #indPuestoUniv:CHAR#
      </isNotNull>
      <isNotNull prepend="," property="fecInicio" >
        #fecInicio:TIMESTAMP#
      </isNotNull>
      <isNotNull prepend="," property="fecFin" >
        #fecFin:TIMESTAMP#
      </isNotNull>
      <isNotNull prepend="," property="fecGrado" >
        #fecGrado:TIMESTAMP#
      </isNotNull>
      <isNotNull prepend="," property="fecEgreso" >
        #fecEgreso:TIMESTAMP#
      </isNotNull>
      <isNotNull prepend="," property="codUsuregis" >
        #codUsuregis:VARCHAR#
      </isNotNull>
      <isNotNull prepend="," property="fecRegis" >
        #fecRegis:TIMESTAMP#
      </isNotNull>
      <isNotNull prepend="," property="codUsumodif" >
        #codUsumodif:VARCHAR#
      </isNotNull>
      <isNotNull prepend="," property="fecModif" >
        #fecModif:TIMESTAMP#
      </isNotNull>
      <isNotNull prepend="," property="numArcPostula" >
        #numArcPostula:INTEGER#
      </isNotNull>
      <isNotNull prepend="," property="codTipoEstudio" >
        #codTipoEstudio:VARCHAR#
      </isNotNull>
      <isNotNull prepend="," property="codCiclo" >
        #codCiclo:VARCHAR#
      </isNotNull>
      )
    </dynamic>
    <selectKey resultClass="int" keyProperty="numIdAcadem">
      SELECT DISTINCT dbinfo('sqlca.sqlerrd1') FROM t8235fichaeduca;
    </selectKey>
  </insert>
  <select id="ibatorgenerated_countByExample" parameterClass="pe.gob.sunat.recurso2.humano.seleccion.model.beans.FichaEducacionExample" resultClass="java.lang.Integer" >
    <!--
      WARNING - This element is automatically generated by Apache iBATIS ibator, do not modify.
      This element was generated on Tue Jul 04 10:59:04 COT 2017.
    -->
    select count(*) from t8235fichaeduca
    <include refid="t8235fichaeduca.ibatorgenerated_Example_Where_Clause" />
  </select>
  
  
    <select id="countByFicha" parameterClass="pe.gob.sunat.recurso2.humano.seleccion.model.beans.FichaEducacion" resultClass="java.lang.Integer" >
        select count(*) from t8235fichaeduca
        where num_postulante=#numPostulante# and
		cod_tipo_estudio=#codTipoEstudio# and
		cod_nivel_educativ=#codNivelEducativ# and
		cod_especialidad =#codEspecialidad# and
		cod_centro_estudio =#codCentroEstudio# and 		
		 nom_centro_estudio =#nomCentroEstudio#
  </select>
  
  
  
  
  <update id="ibatorgenerated_updateByExampleSelective" >
    <!--
      WARNING - This element is automatically generated by Apache iBATIS ibator, do not modify.
      This element was generated on Tue Jul 04 10:59:04 COT 2017.
    -->
    update t8235fichaeduca
    <dynamic prepend="set" >
      <isNotNull prepend="," property="record.numIdAcadem" >
        num_id_academ = #record.numIdAcadem:INTEGER#
      </isNotNull>
      <isNotNull prepend="," property="record.numPostulante" >
        num_postulante = #record.numPostulante:INTEGER#
      </isNotNull>
      <isNotNull prepend="," property="record.codEspecialidad" >
        cod_especialidad = #record.codEspecialidad:VARCHAR#
      </isNotNull>
      <isNotNull prepend="," property="record.codNivelEducativ" >
        cod_nivel_educativ = #record.codNivelEducativ:VARCHAR#
      </isNotNull>
      <isNotNull prepend="," property="record.codCentroEstudio" >
        cod_centro_estudio = #record.codCentroEstudio:VARCHAR#
      </isNotNull>
      <isNotNull prepend="," property="record.nomCentroEstudio" >
        nom_centro_estudio = #record.nomCentroEstudio:VARCHAR#
      </isNotNull>
      <isNotNull prepend="," property="record.nomProfesion" >
        nom_profesion = #record.nomProfesion:VARCHAR#
      </isNotNull>
      <isNotNull prepend="," property="record.indPuestoUniv" >
        ind_puesto_univ = #record.indPuestoUniv:CHAR#
      </isNotNull>
      <isNotNull prepend="," property="record.fecInicio" >
        fec_inicio = #record.fecInicio:TIMESTAMP#
      </isNotNull>
      <isNotNull prepend="," property="record.fecFin" >
        fec_fin = #record.fecFin:TIMESTAMP#
      </isNotNull>
      <isNotNull prepend="," property="record.fecGrado" >
        fec_grado = #record.fecGrado:TIMESTAMP#
      </isNotNull>
      <isNotNull prepend="," property="record.fecEgreso" >
        fec_egreso = #record.fecEgreso:TIMESTAMP#
      </isNotNull>
      <isNotNull prepend="," property="record.codUsuregis" >
        cod_usuregis = #record.codUsuregis:VARCHAR#
      </isNotNull>
      <isNotNull prepend="," property="record.fecRegis" >
        fec_regis = #record.fecRegis:TIMESTAMP#
      </isNotNull>
      <isNotNull prepend="," property="record.codUsumodif" >
        cod_usumodif = #record.codUsumodif:VARCHAR#
      </isNotNull>
      <isNotNull prepend="," property="record.fecModif" >
        fec_modif = #record.fecModif:TIMESTAMP#
      </isNotNull>
      <isNotNull prepend="," property="record.codTipoEstudio" >
        cod_tipo_estudio = #record.codTipoEstudio:VARCHAR#
      </isNotNull>
      <isNotNull prepend="," property="record.codCiclo" >
        cod_ciclo = #record.codCiclo:VARCHAR#
      </isNotNull>
    </dynamic>
    <isParameterPresent >
      <include refid="t8235fichaeduca.ibatorgenerated_Example_Where_Clause" />
    </isParameterPresent>
  </update>
  <update id="ibatorgenerated_updateByExample" >
    <!--
      WARNING - This element is automatically generated by Apache iBATIS ibator, do not modify.
      This element was generated on Tue Jul 04 10:59:04 COT 2017.
    -->
    update t8235fichaeduca
    set num_id_academ = #record.numIdAcadem:INTEGER#,
      num_postulante = #record.numPostulante:INTEGER#,
      cod_especialidad = #record.codEspecialidad:VARCHAR#,
      cod_nivel_educativ = #record.codNivelEducativ:VARCHAR#,
      cod_centro_estudio = #record.codCentroEstudio:VARCHAR#,
      nom_centro_estudio = #record.nomCentroEstudio:VARCHAR#,
      nom_profesion = #record.nomProfesion:VARCHAR#,
      ind_puesto_univ = #record.indPuestoUniv:CHAR#,
      fec_inicio = #record.fecInicio:TIMESTAMP#,
      fec_fin = #record.fecFin:TIMESTAMP#,
      fec_grado = #record.fecGrado:TIMESTAMP#,
      fec_egreso = #record.fecEgreso:TIMESTAMP#,
      cod_usuregis = #record.codUsuregis:VARCHAR#,
      fec_regis = #record.fecRegis:TIMESTAMP#,
      cod_usumodif = #record.codUsumodif:VARCHAR#,
      fec_modif = #record.fecModif:TIMESTAMP#
    <isParameterPresent >
      <include refid="t8235fichaeduca.ibatorgenerated_Example_Where_Clause" />
    </isParameterPresent>
  </update>
  <update id="ibatorgenerated_updateByPrimaryKeySelective" parameterClass="pe.gob.sunat.recurso2.humano.seleccion.model.beans.FichaEducacion" >
    <!--
      WARNING - This element is automatically generated by Apache iBATIS ibator, do not modify.
      This element was generated on Tue Jul 04 10:59:04 COT 2017.
    -->
    update t8235fichaeduca
    <dynamic prepend="set" >
      <isNotNull prepend="," property="numPostulante" >
        num_postulante = #numPostulante:INTEGER#
      </isNotNull>
      <isNotNull prepend="," property="codEspecialidad" >
        cod_especialidad = #codEspecialidad:VARCHAR#
      </isNotNull>
      <isNotNull prepend="," property="codNivelEducativ" >
        cod_nivel_educativ = #codNivelEducativ:VARCHAR#
      </isNotNull>
      <isNotNull prepend="," property="codCentroEstudio" >
        cod_centro_estudio = #codCentroEstudio:VARCHAR#
      </isNotNull>
      <isNotNull prepend="," property="nomCentroEstudio" >
        nom_centro_estudio = #nomCentroEstudio:VARCHAR#
      </isNotNull>
      <isNotNull prepend="," property="nomProfesion" >
        nom_profesion = #nomProfesion:VARCHAR#
      </isNotNull>
      <isNotNull prepend="," property="indPuestoUniv" >
        ind_puesto_univ = #indPuestoUniv:CHAR#
      </isNotNull>
      <isNotNull prepend="," property="fecInicio" >
        fec_inicio = #fecInicio:TIMESTAMP#
      </isNotNull>
      <isNotNull prepend="," property="fecFin" >
        fec_fin = #fecFin:TIMESTAMP#
      </isNotNull>
      <isNotNull prepend="," property="fecGrado" >
        fec_grado = #fecGrado:TIMESTAMP#
      </isNotNull>
      <isNotNull prepend="," property="fecEgreso" >
        fec_egreso = #fecEgreso:TIMESTAMP#
      </isNotNull>
      <isNotNull prepend="," property="codUsuregis" >
        cod_usuregis = #codUsuregis:VARCHAR#
      </isNotNull>
      <isNotNull prepend="," property="fecRegis" >
        fec_regis = #fecRegis:TIMESTAMP#
      </isNotNull>
      <isNotNull prepend="," property="codUsumodif" >
        cod_usumodif = #codUsumodif:VARCHAR#
      </isNotNull>
      <isNotNull prepend="," property="fecModif" >
        fec_modif = #fecModif:TIMESTAMP#
      </isNotNull>
      <isNotNull prepend="," property="numArcPostula" >
        num_arc_postula = #numArcPostula:INTEGER#
      </isNotNull>
      <isNotNull prepend="," property="codTipoEstudio" >
        cod_tipo_estudio = #codTipoEstudio:VARCHAR#
      </isNotNull>
      <isNotNull prepend="," property="codCiclo" >
        cod_ciclo = #codCiclo:VARCHAR#
      </isNotNull>
    </dynamic>
    where num_id_academ = #numIdAcadem:INTEGER#
  </update>
  <update id="ibatorgenerated_updateByPrimaryKey" parameterClass="pe.gob.sunat.recurso2.humano.seleccion.model.beans.FichaEducacion" >
    <!--
      WARNING - This element is automatically generated by Apache iBATIS ibator, do not modify.
      This element was generated on Tue Jul 04 10:59:04 COT 2017.
    -->
    update t8235fichaeduca
    set num_postulante = #numPostulante:INTEGER#,
      cod_especialidad = #codEspecialidad:VARCHAR#,
      cod_nivel_educativ = #codNivelEducativ:VARCHAR#,
      cod_centro_estudio = #codCentroEstudio:VARCHAR#,
      nom_centro_estudio = #nomCentroEstudio:VARCHAR#,
      nom_profesion = #nomProfesion:VARCHAR#,
      ind_puesto_univ = #indPuestoUniv:CHAR#,
      fec_inicio = #fecInicio:TIMESTAMP#,
      fec_fin = #fecFin:TIMESTAMP#,
      fec_grado = #fecGrado:TIMESTAMP#,
      fec_egreso = #fecEgreso:TIMESTAMP#,
      cod_usuregis = #codUsuregis:VARCHAR#,
      fec_regis = #fecRegis:TIMESTAMP#,
      cod_usumodif = #codUsumodif:VARCHAR#,
      fec_modif = #fecModif:TIMESTAMP#
    where num_id_academ = #numIdAcadem:INTEGER#
  </update>
  
  
  <resultMap id="BaseResultMap" class="pe.gob.sunat.recurso2.humano.seleccion.model.beans.FichaEducacion" >
    <result column="numIdAcadem" property="numIdAcadem" jdbcType="INTEGER" />
    <result column="codTipoEstudio" property="codTipoEstudio" jdbcType="VARCHAR" />
    <result column="desTipoEstudio" property="desTipoEstudio" jdbcType="VARCHAR" />
    <result column="codNivel" property="codNivelEducativ" jdbcType="VARCHAR" />
    <result column="desNivel" property="desNivel" jdbcType="VARCHAR" />
    <result column="nomCentroEstudio" property="nomCentroEstudio" jdbcType="VARCHAR" />
    <result column="codCentroEstudio" property="codCentroEstudio" jdbcType="VARCHAR" />
    <result column="desCentroEstudio" property="desCentroEstudio" jdbcType="VARCHAR" />
    <result column="codEspecialidad" property="codEspecialidad" jdbcType="VARCHAR" />
    <result column="desEspecialidad" property="desEspecialidad" jdbcType="VARCHAR" />
    <result column="nomProfesion" property="nomProfesion" jdbcType="VARCHAR" />
    <result column="codIndicadorPuesto" property="indPuestoUniv" jdbcType="VARCHAR" />
    <result column="desIndicadorPuesto" property="desIndicadorPuesto" jdbcType="VARCHAR" />
    <result column="codCiclo" property="codCiclo" jdbcType="VARCHAR" />
    <result column="desCiclo" property="desCiclo" jdbcType="VARCHAR" />
    <result column="fec_grado" property="fecGrado" jdbcType="TIMESTAMP" />
    <result column="fec_egreso" property="fecEgreso" jdbcType="TIMESTAMP" />
    <result column="num_arc_postula" property="numArcPostula" jdbcType="CHAR" />
  </resultMap>
  
  <select id="listarDatosEducativos" resultMap="BaseResultMap" parameterClass="pe.gob.sunat.recurso2.humano.seleccion.model.beans.FichaEducacion">
  	select 
  		a.num_id_academ as numIdAcadem, 
  		trim(a.cod_tipo_estudio) as codTipoEstudio,
  		trim(tipest.t99descrip) as desTipoEstudio,
  		trim(a.cod_nivel_educativ) as codNivel,
  		trim(nivel.t99descrip) as desNivel,
  		trim(a.nom_centro_estudio) as nomCentroEstudio,
  		trim(a.cod_centro_estudio) as codCentroEstudio,
  		trim(cenest.des_larga) as desCentroEstudio,
  		trim(a.cod_especialidad) as codEspecialidad,
  		trim(carrera.des_larga) as desEspecialidad,
  		trim(a.nom_profesion) as nomProfesion,
  		trim(a.ind_puesto_univ) as codIndicadorPuesto,
  		trim(indica.t99descrip) as desIndicadorPuesto,
  		trim(ciclo.codParametro) as codCiclo,
  		trim(ciclo.desParametro) as desCiclo,
  		a.fec_grado,
  		a.fec_egreso,
  		a.num_arc_postula  
	from t8235fichaeduca a left join (
	 select trim(c.t99codigo) as codParametro, trim(c.t99descrip) as desParametro,r.t99siglas,r.t99abrev
	 from t99codigos r inner join t99codigos c on c.t99cod_tab='636' and c.t99tip_desc='D' and c.t99codigo=r.t99tipo
	 where r.t99cod_tab='637' and r.t99tip_desc='D' and r.t99estado='1') ciclo 
	 on(ciclo.t99siglas=a.cod_nivel_educativ and ciclo.t99abrev=a.cod_tipo_estudio and ciclo.codParametro=a.cod_ciclo)
		left join t99codigos nivel on(nivel.t99cod_tab='634' and nivel.t99tip_desc='D' and a.cod_nivel_educativ=nivel.t99codigo and nivel.t99estado='1')
		left join t5864parametro cenest on(cenest.cod_tab='013' and cenest.cod_tip_desc='D' and a.cod_centro_estudio=cenest.num_codigo and cenest.cod_estado='A')
		left join t5864parametro carrera on(carrera.cod_tab='012' and cenest.cod_tip_desc='D' and a.cod_especialidad=carrera.num_codigo and carrera.cod_estado='A')
		left join t99codigos indica on(indica.t99cod_tab='580' and indica.t99tip_desc='D' and a.ind_puesto_univ=indica.t99codigo and indica.t99estado='1'), 
		t99codigos tipest
	where a.num_postulante=#numPostulante# and tipest.t99cod_tab='632' and tipest.t99tip_desc='D' and a.cod_tipo_estudio=tipest.t99codigo and tipest.t99estado='1'
 	order by a.cod_nivel_educativ desc;    
  </select>
  
  
</sqlMap>