<?xml version="1.0" encoding="UTF-8" ?>
<!DOCTYPE sqlMap PUBLIC "-//ibatis.apache.org//DTD SQL Map 2.0//EN" "http://ibatis.apache.org/dtd/sql-map-2.dtd" >
<sqlMap namespace="t8238fichaidioma" >
  <resultMap id="ibatorgenerated_BaseResultMap" class="pe.gob.sunat.recurso2.humano.seleccion.model.beans.FichaIdioma" >
    <!--
      WARNING - This element is automatically generated by Apache iBATIS ibator, do not modify.
      This element was generated on Tue Jul 04 10:59:04 COT 2017.
    -->
    <result column="num_id_idioma" property="numIdIdioma" jdbcType="INTEGER" />
    <result column="num_postulante" property="numPostulante" jdbcType="INTEGER" />
    <result column="cod_idioma" property="codIdioma" jdbcType="CHAR" />
    <result column="nom_idioma" property="nomIdioma" jdbcType="VARCHAR" />
    <result column="ind_lee" property="indLee" jdbcType="CHAR" />
    <result column="ind_habla" property="indHabla" jdbcType="CHAR" />
    <result column="ind_escribe" property="indEscribe" jdbcType="CHAR" />
    <result column="des_centro_idioma" property="desCentroIdioma" jdbcType="VARCHAR" />
    <result column="cod_nivel" property="codNivel" jdbcType="CHAR" />
    <result column="cod_usuregis" property="codUsuregis" jdbcType="VARCHAR" />
    <result column="fec_regis" property="fecRegis" jdbcType="TIMESTAMP" />
    <result column="cod_usumodif" property="codUsumodif" jdbcType="VARCHAR" />
    <result column="fec_modif" property="fecModif" jdbcType="TIMESTAMP" />
  </resultMap>
  <sql id="ibatorgenerated_Example_Where_Clause" >
    <!--
      WARNING - This element is automatically generated by Apache iBATIS ibator, do not modify.
      This element was generated on Tue Jul 04 10:59:04 COT 2017.
    -->
    <iterate property="oredCriteria" conjunction="or" prepend="where" removeFirstPrepend="iterate" >
      <isEqual property="oredCriteria[].valid" compareValue="true" >
        (
        <iterate prepend="and" property="oredCriteria[].criteriaWithoutValue" conjunction="and" >
          $oredCriteria[].criteriaWithoutValue[]$
        </iterate>
        <iterate prepend="and" property="oredCriteria[].criteriaWithSingleValue" conjunction="and" >
          $oredCriteria[].criteriaWithSingleValue[].condition$
            #oredCriteria[].criteriaWithSingleValue[].value#
        </iterate>
        <iterate prepend="and" property="oredCriteria[].criteriaWithListValue" conjunction="and" >
          $oredCriteria[].criteriaWithListValue[].condition$
          <iterate property="oredCriteria[].criteriaWithListValue[].values" open="(" close=")" conjunction="," >
            #oredCriteria[].criteriaWithListValue[].values[]#
          </iterate>
        </iterate>
        <iterate prepend="and" property="oredCriteria[].criteriaWithBetweenValue" conjunction="and" >
          $oredCriteria[].criteriaWithBetweenValue[].condition$
          #oredCriteria[].criteriaWithBetweenValue[].values[0]# and
          #oredCriteria[].criteriaWithBetweenValue[].values[1]#
        </iterate>
        )
      </isEqual>
    </iterate>
  </sql>
  <select id="ibatorgenerated_selectByExample" resultMap="ibatorgenerated_BaseResultMap" parameterClass="pe.gob.sunat.recurso2.humano.seleccion.model.beans.FichaIdiomaExample" >
    <!--
      WARNING - This element is automatically generated by Apache iBATIS ibator, do not modify.
      This element was generated on Tue Jul 04 10:59:04 COT 2017.
    -->
    select num_id_idioma, num_postulante, cod_idioma, nom_idioma, ind_lee, ind_habla, ind_escribe,
      des_centro_idioma, cod_nivel, cod_usuregis, fec_regis, cod_usumodif, fec_modif
    from t8238fichaidioma
    <isParameterPresent >
      <include refid="t8238fichaidioma.ibatorgenerated_Example_Where_Clause" />
      <isNotNull property="orderByClause" >
        order by $orderByClause$
      </isNotNull>
    </isParameterPresent>
  </select>
  <select id="ibatorgenerated_selectByPrimaryKey" resultMap="ibatorgenerated_BaseResultMap" parameterClass="pe.gob.sunat.recurso2.humano.seleccion.model.beans.FichaIdioma" >
    <!--
      WARNING - This element is automatically generated by Apache iBATIS ibator, do not modify.
      This element was generated on Tue Jul 04 10:59:04 COT 2017.
    -->
    select num_id_idioma, num_postulante, cod_idioma, nom_idioma, ind_lee, ind_habla, ind_escribe,
      des_centro_idioma, cod_nivel, cod_usuregis, fec_regis, cod_usumodif, fec_modif
    from t8238fichaidioma
    where num_id_idioma = #numIdIdioma:INTEGER#
  </select>
  <delete id="ibatorgenerated_deleteByPrimaryKey" parameterClass="pe.gob.sunat.recurso2.humano.seleccion.model.beans.FichaIdioma" >
    <!--
      WARNING - This element is automatically generated by Apache iBATIS ibator, do not modify.
      This element was generated on Tue Jul 04 10:59:04 COT 2017.
    -->
    delete from t8238fichaidioma
    where num_id_idioma = #numIdIdioma:INTEGER#
  </delete>
  <delete id="ibatorgenerated_deleteByExample" parameterClass="pe.gob.sunat.recurso2.humano.seleccion.model.beans.FichaIdiomaExample" >
    <!--
      WARNING - This element is automatically generated by Apache iBATIS ibator, do not modify.
      This element was generated on Tue Jul 04 10:59:04 COT 2017.
    -->
    delete from t8238fichaidioma
    <include refid="t8238fichaidioma.ibatorgenerated_Example_Where_Clause" />
  </delete>
  <insert id="ibatorgenerated_insert" parameterClass="pe.gob.sunat.recurso2.humano.seleccion.model.beans.FichaIdioma" >
    <!--
      WARNING - This element is automatically generated by Apache iBATIS ibator, do not modify.
      This element was generated on Tue Jul 04 10:59:04 COT 2017.
    -->
    insert into t8238fichaidioma (num_id_idioma, num_postulante, cod_idioma, nom_idioma, ind_lee,
      ind_habla, ind_escribe, des_centro_idioma, cod_nivel, cod_usuregis, fec_regis, cod_usumodif,
      fec_modif)
    values (#numIdIdioma:INTEGER#, #numPostulante:INTEGER#, #codIdioma:CHAR#, #nomIdioma:VARCHAR#,
      #indLee:CHAR#, #indHabla:CHAR#, #indEscribe:CHAR#, #desCentroIdioma:VARCHAR#, #codNivel:CHAR#,
      #codUsuregis:VARCHAR#, #fecRegis:TIMESTAMP#, #codUsumodif:VARCHAR#, #fecModif:TIMESTAMP#)
  </insert>
  <insert id="ibatorgenerated_insertSelective" parameterClass="pe.gob.sunat.recurso2.humano.seleccion.model.beans.FichaIdioma" >
    <!--
      WARNING - This element is automatically generated by Apache iBATIS ibator, do not modify.
      This element was generated on Tue Jul 04 10:59:04 COT 2017.
    -->
    insert into t8238fichaidioma
    <dynamic prepend="(" >
      <isNotNull prepend="," property="numIdIdioma" >
        num_id_idioma
      </isNotNull>
      <isNotNull prepend="," property="numPostulante" >
        num_postulante
      </isNotNull>
      <isNotNull prepend="," property="codIdioma" >
        cod_idioma
      </isNotNull>
      <isNotNull prepend="," property="nomIdioma" >
        nom_idioma
      </isNotNull>
      <isNotNull prepend="," property="indLee" >
        ind_lee
      </isNotNull>
      <isNotNull prepend="," property="indHabla" >
        ind_habla
      </isNotNull>
      <isNotNull prepend="," property="indEscribe" >
        ind_escribe
      </isNotNull>
      <isNotNull prepend="," property="desCentroIdioma" >
        des_centro_idioma
      </isNotNull>
      <isNotNull prepend="," property="codNivel" >
        cod_nivel
      </isNotNull>
      <isNotNull prepend="," property="codUsuregis" >
        cod_usuregis
      </isNotNull>
      <isNotNull prepend="," property="fecRegis" >
        fec_regis
      </isNotNull>
      <isNotNull prepend="," property="codUsumodif" >
        cod_usumodif
      </isNotNull>
      <isNotNull prepend="," property="fecModif" >
        fec_modif
      </isNotNull>
      )
    </dynamic>
    values
    <dynamic prepend="(" >
      <isNotNull prepend="," property="numIdIdioma" >
        #numIdIdioma:INTEGER#
      </isNotNull>
      <isNotNull prepend="," property="numPostulante" >
        #numPostulante:INTEGER#
      </isNotNull>
      <isNotNull prepend="," property="codIdioma" >
        #codIdioma:CHAR#
      </isNotNull>
      <isNotNull prepend="," property="nomIdioma" >
        #nomIdioma:VARCHAR#
      </isNotNull>
      <isNotNull prepend="," property="indLee" >
        #indLee:CHAR#
      </isNotNull>
      <isNotNull prepend="," property="indHabla" >
        #indHabla:CHAR#
      </isNotNull>
      <isNotNull prepend="," property="indEscribe" >
        #indEscribe:CHAR#
      </isNotNull>
      <isNotNull prepend="," property="desCentroIdioma" >
        #desCentroIdioma:VARCHAR#
      </isNotNull>
      <isNotNull prepend="," property="codNivel" >
        #codNivel:CHAR#
      </isNotNull>
      <isNotNull prepend="," property="codUsuregis" >
        #codUsuregis:VARCHAR#
      </isNotNull>
      <isNotNull prepend="," property="fecRegis" >
        #fecRegis:TIMESTAMP#
      </isNotNull>
      <isNotNull prepend="," property="codUsumodif" >
        #codUsumodif:VARCHAR#
      </isNotNull>
      <isNotNull prepend="," property="fecModif" >
        #fecModif:TIMESTAMP#
      </isNotNull>
      )
    </dynamic>
  </insert>
  <select id="ibatorgenerated_countByExample" parameterClass="pe.gob.sunat.recurso2.humano.seleccion.model.beans.FichaIdiomaExample" resultClass="java.lang.Integer" >
    <!--
      WARNING - This element is automatically generated by Apache iBATIS ibator, do not modify.
      This element was generated on Tue Jul 04 10:59:04 COT 2017.
    -->
    select count(*) from t8238fichaidioma
    <include refid="t8238fichaidioma.ibatorgenerated_Example_Where_Clause" />
  </select>
  <update id="ibatorgenerated_updateByExampleSelective" >
    <!--
      WARNING - This element is automatically generated by Apache iBATIS ibator, do not modify.
      This element was generated on Tue Jul 04 10:59:04 COT 2017.
    -->
    update t8238fichaidioma
    <dynamic prepend="set" >
      <isNotNull prepend="," property="record.numIdIdioma" >
        num_id_idioma = #record.numIdIdioma:INTEGER#
      </isNotNull>
      <isNotNull prepend="," property="record.numPostulante" >
        num_postulante = #record.numPostulante:INTEGER#
      </isNotNull>
      <isNotNull prepend="," property="record.codIdioma" >
        cod_idioma = #record.codIdioma:CHAR#
      </isNotNull>
      <isNotNull prepend="," property="record.nomIdioma" >
        nom_idioma = #record.nomIdioma:VARCHAR#
      </isNotNull>
      <isNotNull prepend="," property="record.indLee" >
        ind_lee = #record.indLee:CHAR#
      </isNotNull>
      <isNotNull prepend="," property="record.indHabla" >
        ind_habla = #record.indHabla:CHAR#
      </isNotNull>
      <isNotNull prepend="," property="record.indEscribe" >
        ind_escribe = #record.indEscribe:CHAR#
      </isNotNull>
      <isNotNull prepend="," property="record.desCentroIdioma" >
        des_centro_idioma = #record.desCentroIdioma:VARCHAR#
      </isNotNull>
      <isNotNull prepend="," property="record.codNivel" >
        cod_nivel = #record.codNivel:CHAR#
      </isNotNull>
      <isNotNull prepend="," property="record.codUsuregis" >
        cod_usuregis = #record.codUsuregis:VARCHAR#
      </isNotNull>
      <isNotNull prepend="," property="record.fecRegis" >
        fec_regis = #record.fecRegis:TIMESTAMP#
      </isNotNull>
      <isNotNull prepend="," property="record.codUsumodif" >
        cod_usumodif = #record.codUsumodif:VARCHAR#
      </isNotNull>
      <isNotNull prepend="," property="record.fecModif" >
        fec_modif = #record.fecModif:TIMESTAMP#
      </isNotNull>
    </dynamic>
    <isParameterPresent >
      <include refid="t8238fichaidioma.ibatorgenerated_Example_Where_Clause" />
    </isParameterPresent>
  </update>
  <update id="ibatorgenerated_updateByExample" >
    <!--
      WARNING - This element is automatically generated by Apache iBATIS ibator, do not modify.
      This element was generated on Tue Jul 04 10:59:04 COT 2017.
    -->
    update t8238fichaidioma
    set num_id_idioma = #record.numIdIdioma:INTEGER#,
      num_postulante = #record.numPostulante:INTEGER#,
      cod_idioma = #record.codIdioma:CHAR#,
      nom_idioma = #record.nomIdioma:VARCHAR#,
      ind_lee = #record.indLee:CHAR#,
      ind_habla = #record.indHabla:CHAR#,
      ind_escribe = #record.indEscribe:CHAR#,
      des_centro_idioma = #record.desCentroIdioma:VARCHAR#,
      cod_nivel = #record.codNivel:CHAR#,
      cod_usuregis = #record.codUsuregis:VARCHAR#,
      fec_regis = #record.fecRegis:TIMESTAMP#,
      cod_usumodif = #record.codUsumodif:VARCHAR#,
      fec_modif = #record.fecModif:TIMESTAMP#
    <isParameterPresent >
      <include refid="t8238fichaidioma.ibatorgenerated_Example_Where_Clause" />
    </isParameterPresent>
  </update>
  <update id="ibatorgenerated_updateByPrimaryKeySelective" parameterClass="pe.gob.sunat.recurso2.humano.seleccion.model.beans.FichaIdioma" >
    <!--
      WARNING - This element is automatically generated by Apache iBATIS ibator, do not modify.
      This element was generated on Tue Jul 04 10:59:04 COT 2017.
    -->
    update t8238fichaidioma
    <dynamic prepend="set" >
      <isNotNull prepend="," property="numPostulante" >
        num_postulante = #numPostulante:INTEGER#
      </isNotNull>
      <isNotNull prepend="," property="codIdioma" >
        cod_idioma = #codIdioma:CHAR#
      </isNotNull>
      <isNotNull prepend="," property="nomIdioma" >
        nom_idioma = #nomIdioma:VARCHAR#
      </isNotNull>
      <isNotNull prepend="," property="indLee" >
        ind_lee = #indLee:CHAR#
      </isNotNull>
      <isNotNull prepend="," property="indHabla" >
        ind_habla = #indHabla:CHAR#
      </isNotNull>
      <isNotNull prepend="," property="indEscribe" >
        ind_escribe = #indEscribe:CHAR#
      </isNotNull>
      <isNotNull prepend="," property="desCentroIdioma" >
        des_centro_idioma = #desCentroIdioma:VARCHAR#
      </isNotNull>
      <isNotNull prepend="," property="codNivel" >
        cod_nivel = #codNivel:CHAR#
      </isNotNull>
      <isNotNull prepend="," property="codUsuregis" >
        cod_usuregis = #codUsuregis:VARCHAR#
      </isNotNull>
      <isNotNull prepend="," property="fecRegis" >
        fec_regis = #fecRegis:TIMESTAMP#
      </isNotNull>
      <isNotNull prepend="," property="codUsumodif" >
        cod_usumodif = #codUsumodif:VARCHAR#
      </isNotNull>
      <isNotNull prepend="," property="fecModif" >
        fec_modif = #fecModif:TIMESTAMP#
      </isNotNull>
    </dynamic>
    where num_id_idioma = #numIdIdioma:INTEGER#
  </update>
  <update id="ibatorgenerated_updateByPrimaryKey" parameterClass="pe.gob.sunat.recurso2.humano.seleccion.model.beans.FichaIdioma" >
    <!--
      WARNING - This element is automatically generated by Apache iBATIS ibator, do not modify.
      This element was generated on Tue Jul 04 10:59:04 COT 2017.
    -->
    update t8238fichaidioma
    set num_postulante = #numPostulante:INTEGER#,
      cod_idioma = #codIdioma:CHAR#,
      nom_idioma = #nomIdioma:VARCHAR#,
      ind_lee = #indLee:CHAR#,
      ind_habla = #indHabla:CHAR#,
      ind_escribe = #indEscribe:CHAR#,
      des_centro_idioma = #desCentroIdioma:VARCHAR#,
      cod_nivel = #codNivel:CHAR#,
      cod_usuregis = #codUsuregis:VARCHAR#,
      fec_regis = #fecRegis:TIMESTAMP#,
      cod_usumodif = #codUsumodif:VARCHAR#,
      fec_modif = #fecModif:TIMESTAMP#
    where num_id_idioma = #numIdIdioma:INTEGER#
  </update>
</sqlMap>