<?xml version="1.0" encoding="UTF-8" ?>
<!DOCTYPE sqlMap PUBLIC "-//ibatis.apache.org//DTD SQL Map 2.0//EN" "http://ibatis.apache.org/dtd/sql-map-2.dtd" >
<sqlMap namespace="t8241ddjjpostula" >
  <resultMap id="ibatorgenerated_BaseResultMap" class="pe.gob.sunat.recurso2.humano.seleccion.model.beans.DdjjPostulacion" >
    <!--
      WARNING - This element is automatically generated by Apache iBATIS ibator, do not modify.
      This element was generated on Tue Jul 04 10:59:04 COT 2017.
    -->
    <result column="num_pregddjj" property="numPregddjj" jdbcType="INTEGER" />
    <result column="cod_cat" property="codCat" jdbcType="SMALLINT" />
    <result column="cod_puesto" property="codPuesto" jdbcType="CHAR" />
    <result column="num_postulante" property="numPostulante" jdbcType="INTEGER" />
    <result column="cod_pregunta" property="codPregunta" jdbcType="CHAR" />
    <result column="cod_respuesta" property="codRespuesta" jdbcType="CHAR" />
    <result column="cod_seccion" property="codSeccion" jdbcType="CHAR" />
    <result column="ind_estado" property="indEstado" jdbcType="CHAR" />
    <result column="fec_ddjj" property="fecDdjj" jdbcType="TIMESTAMP" />
    <result column="cod_usuregis" property="codUsuregis" jdbcType="VARCHAR" />
    <result column="fec_regis" property="fecRegis" jdbcType="TIMESTAMP" />
    <result column="cod_usumodif" property="codUsumodif" jdbcType="VARCHAR" />
    <result column="fec_modif" property="fecModif" jdbcType="TIMESTAMP" />
  </resultMap>
  <sql id="ibatorgenerated_Example_Where_Clause" >
    <!--
      WARNING - This element is automatically generated by Apache iBATIS ibator, do not modify.
      This element was generated on Tue Jul 04 10:59:04 COT 2017.
    -->
    <iterate property="oredCriteria" conjunction="or" prepend="where" removeFirstPrepend="iterate" >
      <isEqual property="oredCriteria[].valid" compareValue="true" >
        (
        <iterate prepend="and" property="oredCriteria[].criteriaWithoutValue" conjunction="and" >
          $oredCriteria[].criteriaWithoutValue[]$
        </iterate>
        <iterate prepend="and" property="oredCriteria[].criteriaWithSingleValue" conjunction="and" >
          $oredCriteria[].criteriaWithSingleValue[].condition$
            #oredCriteria[].criteriaWithSingleValue[].value#
        </iterate>
        <iterate prepend="and" property="oredCriteria[].criteriaWithListValue" conjunction="and" >
          $oredCriteria[].criteriaWithListValue[].condition$
          <iterate property="oredCriteria[].criteriaWithListValue[].values" open="(" close=")" conjunction="," >
            #oredCriteria[].criteriaWithListValue[].values[]#
          </iterate>
        </iterate>
        <iterate prepend="and" property="oredCriteria[].criteriaWithBetweenValue" conjunction="and" >
          $oredCriteria[].criteriaWithBetweenValue[].condition$
          #oredCriteria[].criteriaWithBetweenValue[].values[0]# and
          #oredCriteria[].criteriaWithBetweenValue[].values[1]#
        </iterate>
        )
      </isEqual>
    </iterate>
  </sql>
  <select id="ibatorgenerated_selectByExample" resultMap="ibatorgenerated_BaseResultMap" parameterClass="pe.gob.sunat.recurso2.humano.seleccion.model.beans.DdjjPostulacionExample" >
    <!--
      WARNING - This element is automatically generated by Apache iBATIS ibator, do not modify.
      This element was generated on Tue Jul 04 10:59:04 COT 2017.
    -->
    select num_pregddjj, cod_cat, cod_puesto, num_postulante, cod_pregunta, cod_respuesta,
      cod_seccion, ind_estado, fec_ddjj, cod_usuregis, fec_regis, cod_usumodif, fec_modif
    from t8241ddjjpostula
    <isParameterPresent >
      <include refid="t8241ddjjpostula.ibatorgenerated_Example_Where_Clause" />
      <isNotNull property="orderByClause" >
        order by $orderByClause$
      </isNotNull>
    </isParameterPresent>
  </select>
  <select id="ibatorgenerated_selectByPrimaryKey" resultMap="ibatorgenerated_BaseResultMap" parameterClass="pe.gob.sunat.recurso2.humano.seleccion.model.beans.DdjjPostulacion" >
    <!--
      WARNING - This element is automatically generated by Apache iBATIS ibator, do not modify.
      This element was generated on Tue Jul 04 10:59:04 COT 2017.
    -->
    select num_pregddjj, cod_cat, cod_puesto, num_postulante, cod_pregunta, cod_respuesta,
      cod_seccion, ind_estado, fec_ddjj, cod_usuregis, fec_regis, cod_usumodif, fec_modif
    from t8241ddjjpostula
    where num_pregddjj = #numPregddjj:INTEGER#
  </select>
  <delete id="ibatorgenerated_deleteByPrimaryKey" parameterClass="pe.gob.sunat.recurso2.humano.seleccion.model.beans.DdjjPostulacion" >
    <!--
      WARNING - This element is automatically generated by Apache iBATIS ibator, do not modify.
      This element was generated on Tue Jul 04 10:59:04 COT 2017.
    -->
    delete from t8241ddjjpostula
    where num_pregddjj = #numPregddjj:INTEGER#
  </delete>
  <delete id="ibatorgenerated_deleteByExample" parameterClass="pe.gob.sunat.recurso2.humano.seleccion.model.beans.DdjjPostulacionExample" >
    <!--
      WARNING - This element is automatically generated by Apache iBATIS ibator, do not modify.
      This element was generated on Tue Jul 04 10:59:04 COT 2017.
    -->
    delete from t8241ddjjpostula
    <include refid="t8241ddjjpostula.ibatorgenerated_Example_Where_Clause" />
  </delete>
  <insert id="ibatorgenerated_insert" parameterClass="pe.gob.sunat.recurso2.humano.seleccion.model.beans.DdjjPostulacion" >
    <!--
      WARNING - This element is automatically generated by Apache iBATIS ibator, do not modify.
      This element was generated on Tue Jul 04 10:59:04 COT 2017.
    -->
    insert into t8241ddjjpostula (cod_cat, cod_puesto, num_postulante, cod_pregunta,
      cod_respuesta, cod_seccion, ind_estado, fec_ddjj, cod_usuregis, fec_regis, cod_usumodif,
      fec_modif,nom_familiar)
    values (#codCat:SMALLINT#, #codPuesto:CHAR#, #numPostulante:INTEGER#,
      #codPregunta:CHAR#, #codRespuesta:CHAR#, #codSeccion:CHAR#, #indEstado:CHAR#,
      #fecDdjj:TIMESTAMP#, #codUsuregis:VARCHAR#, #fecRegis:TIMESTAMP#, #codUsumodif:VARCHAR#,
      #fecModif:TIMESTAMP#,#nomFamiliar:VARCHAR#)
  </insert>
  <insert id="ibatorgenerated_insertSelective" parameterClass="pe.gob.sunat.recurso2.humano.seleccion.model.beans.DdjjPostulacion" >
    <!--
      WARNING - This element is automatically generated by Apache iBATIS ibator, do not modify.
      This element was generated on Tue Jul 04 10:59:04 COT 2017.
    -->
    insert into t8241ddjjpostula
    <dynamic prepend="(" >
      <isNotNull prepend="," property="numPregddjj" >
        num_pregddjj
      </isNotNull>
      <isNotNull prepend="," property="codCat" >
        cod_cat
      </isNotNull>
      <isNotNull prepend="," property="codPuesto" >
        cod_puesto
      </isNotNull>
      <isNotNull prepend="," property="numPostulante" >
        num_postulante
      </isNotNull>
      <isNotNull prepend="," property="codPregunta" >
        cod_pregunta
      </isNotNull>
      <isNotNull prepend="," property="codRespuesta" >
        cod_respuesta
      </isNotNull>
      <isNotNull prepend="," property="codSeccion" >
        cod_seccion
      </isNotNull>
      <isNotNull prepend="," property="indEstado" >
        ind_estado
      </isNotNull>
      <isNotNull prepend="," property="fecDdjj" >
        fec_ddjj
      </isNotNull>
      <isNotNull prepend="," property="codUsuregis" >
        cod_usuregis
      </isNotNull>
      <isNotNull prepend="," property="fecRegis" >
        fec_regis
      </isNotNull>
      <isNotNull prepend="," property="codUsumodif" >
        cod_usumodif
      </isNotNull>
      <isNotNull prepend="," property="fecModif" >
        fec_modif
      </isNotNull>
      )
    </dynamic>
    values
    <dynamic prepend="(" >
      <isNotNull prepend="," property="numPregddjj" >
        #numPregddjj:INTEGER#
      </isNotNull>
      <isNotNull prepend="," property="codCat" >
        #codCat:SMALLINT#
      </isNotNull>
      <isNotNull prepend="," property="codPuesto" >
        #codPuesto:CHAR#
      </isNotNull>
      <isNotNull prepend="," property="numPostulante" >
        #numPostulante:INTEGER#
      </isNotNull>
      <isNotNull prepend="," property="codPregunta" >
        #codPregunta:CHAR#
      </isNotNull>
      <isNotNull prepend="," property="codRespuesta" >
        #codRespuesta:CHAR#
      </isNotNull>
      <isNotNull prepend="," property="codSeccion" >
        #codSeccion:CHAR#
      </isNotNull>
      <isNotNull prepend="," property="indEstado" >
        #indEstado:CHAR#
      </isNotNull>
      <isNotNull prepend="," property="fecDdjj" >
        #fecDdjj:TIMESTAMP#
      </isNotNull>
      <isNotNull prepend="," property="codUsuregis" >
        #codUsuregis:VARCHAR#
      </isNotNull>
      <isNotNull prepend="," property="fecRegis" >
        #fecRegis:TIMESTAMP#
      </isNotNull>
      <isNotNull prepend="," property="codUsumodif" >
        #codUsumodif:VARCHAR#
      </isNotNull>
      <isNotNull prepend="," property="fecModif" >
        #fecModif:TIMESTAMP#
      </isNotNull>
      )
    </dynamic>
  </insert>
  <select id="ibatorgenerated_countByExample" parameterClass="pe.gob.sunat.recurso2.humano.seleccion.model.beans.DdjjPostulacionExample" resultClass="java.lang.Integer" >
    <!--
      WARNING - This element is automatically generated by Apache iBATIS ibator, do not modify.
      This element was generated on Tue Jul 04 10:59:04 COT 2017.
    -->
    select count(*) from t8241ddjjpostula
    <include refid="t8241ddjjpostula.ibatorgenerated_Example_Where_Clause" />
  </select>
  <update id="ibatorgenerated_updateByExampleSelective" >
    <!--
      WARNING - This element is automatically generated by Apache iBATIS ibator, do not modify.
      This element was generated on Tue Jul 04 10:59:04 COT 2017.
    -->
    update t8241ddjjpostula
    <dynamic prepend="set" >
      <isNotNull prepend="," property="record.numPregddjj" >
        num_pregddjj = #record.numPregddjj:INTEGER#
      </isNotNull>
      <isNotNull prepend="," property="record.codCat" >
        cod_cat = #record.codCat:SMALLINT#
      </isNotNull>
      <isNotNull prepend="," property="record.codPuesto" >
        cod_puesto = #record.codPuesto:CHAR#
      </isNotNull>
      <isNotNull prepend="," property="record.numPostulante" >
        num_postulante = #record.numPostulante:INTEGER#
      </isNotNull>
      <isNotNull prepend="," property="record.codPregunta" >
        cod_pregunta = #record.codPregunta:CHAR#
      </isNotNull>
      <isNotNull prepend="," property="record.codRespuesta" >
        cod_respuesta = #record.codRespuesta:CHAR#
      </isNotNull>
      <isNotNull prepend="," property="record.codSeccion" >
        cod_seccion = #record.codSeccion:CHAR#
      </isNotNull>
      <isNotNull prepend="," property="record.indEstado" >
        ind_estado = #record.indEstado:CHAR#
      </isNotNull>
      <isNotNull prepend="," property="record.fecDdjj" >
        fec_ddjj = #record.fecDdjj:TIMESTAMP#
      </isNotNull>
      <isNotNull prepend="," property="record.codUsuregis" >
        cod_usuregis = #record.codUsuregis:VARCHAR#
      </isNotNull>
      <isNotNull prepend="," property="record.fecRegis" >
        fec_regis = #record.fecRegis:TIMESTAMP#
      </isNotNull>
      <isNotNull prepend="," property="record.codUsumodif" >
        cod_usumodif = #record.codUsumodif:VARCHAR#
      </isNotNull>
      <isNotNull prepend="," property="record.fecModif" >
        fec_modif = #record.fecModif:TIMESTAMP#
      </isNotNull>
    </dynamic>
    <isParameterPresent >
      <include refid="t8241ddjjpostula.ibatorgenerated_Example_Where_Clause" />
    </isParameterPresent>
  </update>
  <update id="ibatorgenerated_updateByExample" >
    <!--
      WARNING - This element is automatically generated by Apache iBATIS ibator, do not modify.
      This element was generated on Tue Jul 04 10:59:04 COT 2017.
    -->
    update t8241ddjjpostula
    set num_pregddjj = #record.numPregddjj:INTEGER#,
      cod_cat = #record.codCat:SMALLINT#,
      cod_puesto = #record.codPuesto:CHAR#,
      num_postulante = #record.numPostulante:INTEGER#,
      cod_pregunta = #record.codPregunta:CHAR#,
      cod_respuesta = #record.codRespuesta:CHAR#,
      cod_seccion = #record.codSeccion:CHAR#,
      ind_estado = #record.indEstado:CHAR#,
      fec_ddjj = #record.fecDdjj:TIMESTAMP#,
      cod_usuregis = #record.codUsuregis:VARCHAR#,
      fec_regis = #record.fecRegis:TIMESTAMP#,
      cod_usumodif = #record.codUsumodif:VARCHAR#,
      fec_modif = #record.fecModif:TIMESTAMP#
    <isParameterPresent >
      <include refid="t8241ddjjpostula.ibatorgenerated_Example_Where_Clause" />
    </isParameterPresent>
  </update>
  <update id="ibatorgenerated_updateByPrimaryKeySelective" parameterClass="pe.gob.sunat.recurso2.humano.seleccion.model.beans.DdjjPostulacion" >
    <!--
      WARNING - This element is automatically generated by Apache iBATIS ibator, do not modify.
      This element was generated on Tue Jul 04 10:59:04 COT 2017.
    -->
    update t8241ddjjpostula
    <dynamic prepend="set" >
      <isNotNull prepend="," property="codCat" >
        cod_cat = #codCat:SMALLINT#
      </isNotNull>
      <isNotNull prepend="," property="codPuesto" >
        cod_puesto = #codPuesto:CHAR#
      </isNotNull>
      <isNotNull prepend="," property="numPostulante" >
        num_postulante = #numPostulante:INTEGER#
      </isNotNull>
      <isNotNull prepend="," property="codPregunta" >
        cod_pregunta = #codPregunta:CHAR#
      </isNotNull>
      <isNotNull prepend="," property="codRespuesta" >
        cod_respuesta = #codRespuesta:CHAR#
      </isNotNull>
      <isNotNull prepend="," property="codSeccion" >
        cod_seccion = #codSeccion:CHAR#
      </isNotNull>
      <isNotNull prepend="," property="indEstado" >
        ind_estado = #indEstado:CHAR#
      </isNotNull>
      <isNotNull prepend="," property="fecDdjj" >
        fec_ddjj = #fecDdjj:TIMESTAMP#
      </isNotNull>
      <isNotNull prepend="," property="codUsuregis" >
        cod_usuregis = #codUsuregis:VARCHAR#
      </isNotNull>
      <isNotNull prepend="," property="fecRegis" >
        fec_regis = #fecRegis:TIMESTAMP#
      </isNotNull>
      <isNotNull prepend="," property="codUsumodif" >
        cod_usumodif = #codUsumodif:VARCHAR#
      </isNotNull>
      <isNotNull prepend="," property="fecModif" >
        fec_modif = #fecModif:TIMESTAMP#
      </isNotNull>
    </dynamic>
    where num_pregddjj = #numPregddjj:INTEGER#
  </update>
  <update id="ibatorgenerated_updateByPrimaryKey" parameterClass="pe.gob.sunat.recurso2.humano.seleccion.model.beans.DdjjPostulacion" >
    <!--
      WARNING - This element is automatically generated by Apache iBATIS ibator, do not modify.
      This element was generated on Tue Jul 04 10:59:04 COT 2017.
    -->
    update t8241ddjjpostula
    set cod_cat = #codCat:SMALLINT#,
      cod_puesto = #codPuesto:CHAR#,
      num_postulante = #numPostulante:INTEGER#,
      cod_pregunta = #codPregunta:CHAR#,
      cod_respuesta = #codRespuesta:CHAR#,
      cod_seccion = #codSeccion:CHAR#,
      ind_estado = #indEstado:CHAR#,
      fec_ddjj = #fecDdjj:TIMESTAMP#,
      cod_usuregis = #codUsuregis:VARCHAR#,
      fec_regis = #fecRegis:TIMESTAMP#,
      cod_usumodif = #codUsumodif:VARCHAR#,
      fec_modif = #fecModif:TIMESTAMP#
    where num_pregddjj = #numPregddjj:INTEGER#
  </update>
</sqlMap>