<?xml version="1.0" encoding="UTF-8" ?>
<!DOCTYPE sqlMap PUBLIC "-//ibatis.apache.org//DTD SQL Map 2.0//EN" "http://ibatis.apache.org/dtd/sql-map-2.dtd" >
<sqlMap namespace="t8336fichaestuesph" >
  <resultMap id="ibatorgenerated_BaseResultMap" class="pe.gob.sunat.recurso2.humano.seleccion.model.beans.FichaEspecialidadHistorico" >
    <!--
      WARNING - This element is automatically generated by Apache iBATIS ibator, do not modify.
      This element was generated on Mon Feb 05 15:31:32 COT 2018.
    -->
    <result column="cod_cat" property="codCat" jdbcType="SMALLINT" />
    <result column="cod_puesto" property="codPuesto" jdbcType="CHAR" />
    <result column="num_correl" property="numCorrel" jdbcType="SMALLINT" />
    <result column="num_postulante" property="numPostulante" jdbcType="INTEGER" />
    <result column="nom_especialidad" property="nomEspecialidad" jdbcType="VARCHAR" />
    <result column="cod_centro_estudio" property="codCentroEstudio" jdbcType="VARCHAR" />
    <result column="nom_centro_estudio" property="nomCentroEstudio" jdbcType="VARCHAR" />
    <result column="fec_inicio" property="fecInicio" jdbcType="TIMESTAMP" />
    <result column="fec_fin" property="fecFin" jdbcType="TIMESTAMP" />
    <result column="cnt_hora_lectiva" property="cntHoraLectiva" jdbcType="INTEGER" />
    <result column="fec_certificado" property="fecCertificado" jdbcType="TIMESTAMP" />
    <result column="cod_usuregis" property="codUsuregis" jdbcType="VARCHAR" />
    <result column="fec_regis" property="fecRegis" jdbcType="TIMESTAMP" />
    <result column="cod_usumodif" property="codUsumodif" jdbcType="VARCHAR" />
    <result column="fec_modif" property="fecModif" jdbcType="TIMESTAMP" />
    <result column="cod_usuproc" property="codUsuproc" jdbcType="VARCHAR" />
    <result column="fec_proceso" property="fecProceso" jdbcType="TIMESTAMP" />
    <result column="num_arc_postula" property="numArcPostula" jdbcType="INTEGER" />
    <result column="ind_certificacion" property="indCertificacion" jdbcType="CHAR" />
  </resultMap>
  <sql id="ibatorgenerated_Example_Where_Clause" >
    <!--
      WARNING - This element is automatically generated by Apache iBATIS ibator, do not modify.
      This element was generated on Mon Feb 05 15:31:32 COT 2018.
    -->
    <iterate property="oredCriteria" conjunction="or" prepend="where" removeFirstPrepend="iterate" >
      <isEqual property="oredCriteria[].valid" compareValue="true" >
        (
        <iterate prepend="and" property="oredCriteria[].criteriaWithoutValue" conjunction="and" >
          $oredCriteria[].criteriaWithoutValue[]$
        </iterate>
        <iterate prepend="and" property="oredCriteria[].criteriaWithSingleValue" conjunction="and" >
          $oredCriteria[].criteriaWithSingleValue[].condition$
            #oredCriteria[].criteriaWithSingleValue[].value#
        </iterate>
        <iterate prepend="and" property="oredCriteria[].criteriaWithListValue" conjunction="and" >
          $oredCriteria[].criteriaWithListValue[].condition$
          <iterate property="oredCriteria[].criteriaWithListValue[].values" open="(" close=")" conjunction="," >
            #oredCriteria[].criteriaWithListValue[].values[]#
          </iterate>
        </iterate>
        <iterate prepend="and" property="oredCriteria[].criteriaWithBetweenValue" conjunction="and" >
          $oredCriteria[].criteriaWithBetweenValue[].condition$
          #oredCriteria[].criteriaWithBetweenValue[].values[0]# and
          #oredCriteria[].criteriaWithBetweenValue[].values[1]#
        </iterate>
        )
      </isEqual>
    </iterate>
  </sql>
  <select id="ibatorgenerated_selectByExample" resultMap="ibatorgenerated_BaseResultMap" parameterClass="pe.gob.sunat.recurso2.humano.seleccion.model.beans.FichaEspecialidadHistoricoExample" >
    <!--
      WARNING - This element is automatically generated by Apache iBATIS ibator, do not modify.
      This element was generated on Mon Feb 05 15:31:32 COT 2018.
    -->
    select cod_cat, cod_puesto, num_correl, num_postulante, nom_especialidad, cod_centro_estudio,
      nom_centro_estudio, fec_inicio, fec_fin, cnt_hora_lectiva, fec_certificado, cod_usuregis,
      fec_regis, cod_usumodif, fec_modif, cod_usuproc, fec_proceso, num_arc_postula,
      ind_certificacion
    from t8336fichaestuesph
    <isParameterPresent >
      <include refid="t8336fichaestuesph.ibatorgenerated_Example_Where_Clause" />
      <isNotNull property="orderByClause" >
        order by $orderByClause$
      </isNotNull>
    </isParameterPresent>
  </select>
  <select id="ibatorgenerated_selectByPrimaryKey" resultMap="ibatorgenerated_BaseResultMap" parameterClass="pe.gob.sunat.recurso2.humano.seleccion.model.beans.FichaEspecialidadHistoricoKey" >
    <!--
      WARNING - This element is automatically generated by Apache iBATIS ibator, do not modify.
      This element was generated on Mon Feb 05 15:31:32 COT 2018.
    -->
    select cod_cat, cod_puesto, num_correl, num_postulante, nom_especialidad, cod_centro_estudio,
      nom_centro_estudio, fec_inicio, fec_fin, cnt_hora_lectiva, fec_certificado, cod_usuregis,
      fec_regis, cod_usumodif, fec_modif, cod_usuproc, fec_proceso, num_arc_postula,
      ind_certificacion
    from t8336fichaestuesph
    where cod_cat = #codCat:SMALLINT#
      and cod_puesto = #codPuesto:CHAR#
      and num_correl = #numCorrel:SMALLINT#
      and num_postulante = #numPostulante:INTEGER#
  </select>
  <delete id="ibatorgenerated_deleteByPrimaryKey" parameterClass="pe.gob.sunat.recurso2.humano.seleccion.model.beans.FichaEspecialidadHistoricoKey" >
    <!--
      WARNING - This element is automatically generated by Apache iBATIS ibator, do not modify.
      This element was generated on Mon Feb 05 15:31:32 COT 2018.
    -->
    delete from t8336fichaestuesph
    where cod_cat = #codCat:SMALLINT#
      and cod_puesto = #codPuesto:CHAR#
      and num_correl = #numCorrel:SMALLINT#
      and num_postulante = #numPostulante:INTEGER#
  </delete>
  <delete id="ibatorgenerated_deleteByExample" parameterClass="pe.gob.sunat.recurso2.humano.seleccion.model.beans.FichaEspecialidadHistoricoExample" >
    <!--
      WARNING - This element is automatically generated by Apache iBATIS ibator, do not modify.
      This element was generated on Mon Feb 05 15:31:32 COT 2018.
    -->
    delete from t8336fichaestuesph
    <include refid="t8336fichaestuesph.ibatorgenerated_Example_Where_Clause" />
  </delete>
  <insert id="ibatorgenerated_insert" parameterClass="pe.gob.sunat.recurso2.humano.seleccion.model.beans.FichaEspecialidadHistorico" >
    <!--
      WARNING - This element is automatically generated by Apache iBATIS ibator, do not modify.
      This element was generated on Mon Feb 05 15:31:32 COT 2018.
    -->
    insert into t8336fichaestuesph (cod_cat, cod_puesto, num_correl, num_postulante,
      nom_especialidad, cod_centro_estudio, nom_centro_estudio, fec_inicio, fec_fin,
      cnt_hora_lectiva, fec_certificado, cod_usuregis, fec_regis, cod_usumodif, fec_modif,
      cod_usuproc, fec_proceso, num_arc_postula, ind_certificacion)
    values (#codCat:SMALLINT#, #codPuesto:CHAR#, #numCorrel:SMALLINT#, #numPostulante:INTEGER#,
      #nomEspecialidad:VARCHAR#, #codCentroEstudio:VARCHAR#, #nomCentroEstudio:VARCHAR#,
      #fecInicio:TIMESTAMP#, #fecFin:TIMESTAMP#, #cntHoraLectiva:INTEGER#,
      #fecCertificado:TIMESTAMP#, #codUsuregis:VARCHAR#, #fecRegis:TIMESTAMP#,
      #codUsumodif:VARCHAR#, #fecModif:TIMESTAMP#, #codUsuproc:VARCHAR#, #fecProceso:TIMESTAMP#,
      #numArcPostula:INTEGER#, #indCertificacion:CHAR#)
  </insert>
  <insert id="ibatorgenerated_insertSelective" parameterClass="pe.gob.sunat.recurso2.humano.seleccion.model.beans.FichaEspecialidadHistorico" >
    <!--
      WARNING - This element is automatically generated by Apache iBATIS ibator, do not modify.
      This element was generated on Mon Feb 05 15:31:32 COT 2018.
    -->
    insert into t8336fichaestuesph
    <dynamic prepend="(" >
      <isNotNull prepend="," property="codCat" >
        cod_cat
      </isNotNull>
      <isNotNull prepend="," property="codPuesto" >
        cod_puesto
      </isNotNull>
      <isNotNull prepend="," property="numCorrel" >
        num_correl
      </isNotNull>
      <isNotNull prepend="," property="numPostulante" >
        num_postulante
      </isNotNull>
      <isNotNull prepend="," property="nomEspecialidad" >
        nom_especialidad
      </isNotNull>
      <isNotNull prepend="," property="codCentroEstudio" >
        cod_centro_estudio
      </isNotNull>
      <isNotNull prepend="," property="nomCentroEstudio" >
        nom_centro_estudio
      </isNotNull>
      <isNotNull prepend="," property="fecInicio" >
        fec_inicio
      </isNotNull>
      <isNotNull prepend="," property="fecFin" >
        fec_fin
      </isNotNull>
      <isNotNull prepend="," property="cntHoraLectiva" >
        cnt_hora_lectiva
      </isNotNull>
      <isNotNull prepend="," property="fecCertificado" >
        fec_certificado
      </isNotNull>
      <isNotNull prepend="," property="codUsuregis" >
        cod_usuregis
      </isNotNull>
      <isNotNull prepend="," property="fecRegis" >
        fec_regis
      </isNotNull>
      <isNotNull prepend="," property="codUsumodif" >
        cod_usumodif
      </isNotNull>
      <isNotNull prepend="," property="fecModif" >
        fec_modif
      </isNotNull>
      <isNotNull prepend="," property="codUsuproc" >
        cod_usuproc
      </isNotNull>
      <isNotNull prepend="," property="fecProceso" >
        fec_proceso
      </isNotNull>
      <isNotNull prepend="," property="numArcPostula" >
        num_arc_postula
      </isNotNull>
      <isNotNull prepend="," property="indCertificacion" >
        ind_certificacion
      </isNotNull>
      )
    </dynamic>
    values
    <dynamic prepend="(" >
      <isNotNull prepend="," property="codCat" >
        #codCat:SMALLINT#
      </isNotNull>
      <isNotNull prepend="," property="codPuesto" >
        #codPuesto:CHAR#
      </isNotNull>
      <isNotNull prepend="," property="numCorrel" >
        #numCorrel:SMALLINT#
      </isNotNull>
      <isNotNull prepend="," property="numPostulante" >
        #numPostulante:INTEGER#
      </isNotNull>
      <isNotNull prepend="," property="nomEspecialidad" >
        #nomEspecialidad:VARCHAR#
      </isNotNull>
      <isNotNull prepend="," property="codCentroEstudio" >
        #codCentroEstudio:VARCHAR#
      </isNotNull>
      <isNotNull prepend="," property="nomCentroEstudio" >
        #nomCentroEstudio:VARCHAR#
      </isNotNull>
      <isNotNull prepend="," property="fecInicio" >
        #fecInicio:TIMESTAMP#
      </isNotNull>
      <isNotNull prepend="," property="fecFin" >
        #fecFin:TIMESTAMP#
      </isNotNull>
      <isNotNull prepend="," property="cntHoraLectiva" >
        #cntHoraLectiva:INTEGER#
      </isNotNull>
      <isNotNull prepend="," property="fecCertificado" >
        #fecCertificado:TIMESTAMP#
      </isNotNull>
      <isNotNull prepend="," property="codUsuregis" >
        #codUsuregis:VARCHAR#
      </isNotNull>
      <isNotNull prepend="," property="fecRegis" >
        #fecRegis:TIMESTAMP#
      </isNotNull>
      <isNotNull prepend="," property="codUsumodif" >
        #codUsumodif:VARCHAR#
      </isNotNull>
      <isNotNull prepend="," property="fecModif" >
        #fecModif:TIMESTAMP#
      </isNotNull>
      <isNotNull prepend="," property="codUsuproc" >
        #codUsuproc:VARCHAR#
      </isNotNull>
      <isNotNull prepend="," property="fecProceso" >
        #fecProceso:TIMESTAMP#
      </isNotNull>
      <isNotNull prepend="," property="numArcPostula" >
        #numArcPostula:INTEGER#
      </isNotNull>
      <isNotNull prepend="," property="indCertificacion" >
        #indCertificacion:CHAR#
      </isNotNull>
      )
    </dynamic>
  </insert>
  <select id="ibatorgenerated_countByExample" parameterClass="pe.gob.sunat.recurso2.humano.seleccion.model.beans.FichaEspecialidadHistoricoExample" resultClass="java.lang.Integer" >
    <!--
      WARNING - This element is automatically generated by Apache iBATIS ibator, do not modify.
      This element was generated on Mon Feb 05 15:31:32 COT 2018.
    -->
    select count(*) from t8336fichaestuesph
    <include refid="t8336fichaestuesph.ibatorgenerated_Example_Where_Clause" />
  </select>
  <update id="ibatorgenerated_updateByExampleSelective" >
    <!--
      WARNING - This element is automatically generated by Apache iBATIS ibator, do not modify.
      This element was generated on Mon Feb 05 15:31:32 COT 2018.
    -->
    update t8336fichaestuesph
    <dynamic prepend="set" >
      <isNotNull prepend="," property="record.codCat" >
        cod_cat = #record.codCat:SMALLINT#
      </isNotNull>
      <isNotNull prepend="," property="record.codPuesto" >
        cod_puesto = #record.codPuesto:CHAR#
      </isNotNull>
      <isNotNull prepend="," property="record.numCorrel" >
        num_correl = #record.numCorrel:SMALLINT#
      </isNotNull>
      <isNotNull prepend="," property="record.numPostulante" >
        num_postulante = #record.numPostulante:INTEGER#
      </isNotNull>
      <isNotNull prepend="," property="record.nomEspecialidad" >
        nom_especialidad = #record.nomEspecialidad:VARCHAR#
      </isNotNull>
      <isNotNull prepend="," property="record.codCentroEstudio" >
        cod_centro_estudio = #record.codCentroEstudio:VARCHAR#
      </isNotNull>
      <isNotNull prepend="," property="record.nomCentroEstudio" >
        nom_centro_estudio = #record.nomCentroEstudio:VARCHAR#
      </isNotNull>
      <isNotNull prepend="," property="record.fecInicio" >
        fec_inicio = #record.fecInicio:TIMESTAMP#
      </isNotNull>
      <isNotNull prepend="," property="record.fecFin" >
        fec_fin = #record.fecFin:TIMESTAMP#
      </isNotNull>
      <isNotNull prepend="," property="record.cntHoraLectiva" >
        cnt_hora_lectiva = #record.cntHoraLectiva:INTEGER#
      </isNotNull>
      <isNotNull prepend="," property="record.fecCertificado" >
        fec_certificado = #record.fecCertificado:TIMESTAMP#
      </isNotNull>
      <isNotNull prepend="," property="record.codUsuregis" >
        cod_usuregis = #record.codUsuregis:VARCHAR#
      </isNotNull>
      <isNotNull prepend="," property="record.fecRegis" >
        fec_regis = #record.fecRegis:TIMESTAMP#
      </isNotNull>
      <isNotNull prepend="," property="record.codUsumodif" >
        cod_usumodif = #record.codUsumodif:VARCHAR#
      </isNotNull>
      <isNotNull prepend="," property="record.fecModif" >
        fec_modif = #record.fecModif:TIMESTAMP#
      </isNotNull>
      <isNotNull prepend="," property="record.codUsuproc" >
        cod_usuproc = #record.codUsuproc:VARCHAR#
      </isNotNull>
      <isNotNull prepend="," property="record.fecProceso" >
        fec_proceso = #record.fecProceso:TIMESTAMP#
      </isNotNull>
      <isNotNull prepend="," property="record.numArcPostula" >
        num_arc_postula = #record.numArcPostula:INTEGER#
      </isNotNull>
      <isNotNull prepend="," property="record.indCertificacion" >
        ind_certificacion = #record.indCertificacion:CHAR#
      </isNotNull>
    </dynamic>
    <isParameterPresent >
      <include refid="t8336fichaestuesph.ibatorgenerated_Example_Where_Clause" />
    </isParameterPresent>
  </update>
  <update id="ibatorgenerated_updateByExample" >
    <!--
      WARNING - This element is automatically generated by Apache iBATIS ibator, do not modify.
      This element was generated on Mon Feb 05 15:31:32 COT 2018.
    -->
    update t8336fichaestuesph
    set cod_cat = #record.codCat:SMALLINT#,
      cod_puesto = #record.codPuesto:CHAR#,
      num_correl = #record.numCorrel:SMALLINT#,
      num_postulante = #record.numPostulante:INTEGER#,
      nom_especialidad = #record.nomEspecialidad:VARCHAR#,
      cod_centro_estudio = #record.codCentroEstudio:VARCHAR#,
      nom_centro_estudio = #record.nomCentroEstudio:VARCHAR#,
      fec_inicio = #record.fecInicio:TIMESTAMP#,
      fec_fin = #record.fecFin:TIMESTAMP#,
      cnt_hora_lectiva = #record.cntHoraLectiva:INTEGER#,
      fec_certificado = #record.fecCertificado:TIMESTAMP#,
      cod_usuregis = #record.codUsuregis:VARCHAR#,
      fec_regis = #record.fecRegis:TIMESTAMP#,
      cod_usumodif = #record.codUsumodif:VARCHAR#,
      fec_modif = #record.fecModif:TIMESTAMP#,
      cod_usuproc = #record.codUsuproc:VARCHAR#,
      fec_proceso = #record.fecProceso:TIMESTAMP#,
      num_arc_postula = #record.numArcPostula:INTEGER#,
      ind_certificacion = #record.indCertificacion:CHAR#
    <isParameterPresent >
      <include refid="t8336fichaestuesph.ibatorgenerated_Example_Where_Clause" />
    </isParameterPresent>
  </update>
  <update id="ibatorgenerated_updateByPrimaryKeySelective" parameterClass="pe.gob.sunat.recurso2.humano.seleccion.model.beans.FichaEspecialidadHistorico" >
    <!--
      WARNING - This element is automatically generated by Apache iBATIS ibator, do not modify.
      This element was generated on Mon Feb 05 15:31:32 COT 2018.
    -->
    update t8336fichaestuesph
    <dynamic prepend="set" >
      <isNotNull prepend="," property="nomEspecialidad" >
        nom_especialidad = #nomEspecialidad:VARCHAR#
      </isNotNull>
      <isNotNull prepend="," property="codCentroEstudio" >
        cod_centro_estudio = #codCentroEstudio:VARCHAR#
      </isNotNull>
      <isNotNull prepend="," property="nomCentroEstudio" >
        nom_centro_estudio = #nomCentroEstudio:VARCHAR#
      </isNotNull>
      <isNotNull prepend="," property="fecInicio" >
        fec_inicio = #fecInicio:TIMESTAMP#
      </isNotNull>
      <isNotNull prepend="," property="fecFin" >
        fec_fin = #fecFin:TIMESTAMP#
      </isNotNull>
      <isNotNull prepend="," property="cntHoraLectiva" >
        cnt_hora_lectiva = #cntHoraLectiva:INTEGER#
      </isNotNull>
      <isNotNull prepend="," property="fecCertificado" >
        fec_certificado = #fecCertificado:TIMESTAMP#
      </isNotNull>
      <isNotNull prepend="," property="codUsuregis" >
        cod_usuregis = #codUsuregis:VARCHAR#
      </isNotNull>
      <isNotNull prepend="," property="fecRegis" >
        fec_regis = #fecRegis:TIMESTAMP#
      </isNotNull>
      <isNotNull prepend="," property="codUsumodif" >
        cod_usumodif = #codUsumodif:VARCHAR#
      </isNotNull>
      <isNotNull prepend="," property="fecModif" >
        fec_modif = #fecModif:TIMESTAMP#
      </isNotNull>
      <isNotNull prepend="," property="codUsuproc" >
        cod_usuproc = #codUsuproc:VARCHAR#
      </isNotNull>
      <isNotNull prepend="," property="fecProceso" >
        fec_proceso = #fecProceso:TIMESTAMP#
      </isNotNull>
      <isNotNull prepend="," property="numArcPostula" >
        num_arc_postula = #numArcPostula:INTEGER#
      </isNotNull>
      <isNotNull prepend="," property="indCertificacion" >
        ind_certificacion = #indCertificacion:CHAR#
      </isNotNull>
    </dynamic>
    where cod_cat = #codCat:SMALLINT#
      and cod_puesto = #codPuesto:CHAR#
      and num_correl = #numCorrel:SMALLINT#
      and num_postulante = #numPostulante:INTEGER#
  </update>
  <update id="ibatorgenerated_updateByPrimaryKey" parameterClass="pe.gob.sunat.recurso2.humano.seleccion.model.beans.FichaEspecialidadHistorico" >
    <!--
      WARNING - This element is automatically generated by Apache iBATIS ibator, do not modify.
      This element was generated on Mon Feb 05 15:31:32 COT 2018.
    -->
    update t8336fichaestuesph
    set nom_especialidad = #nomEspecialidad:VARCHAR#,
      cod_centro_estudio = #codCentroEstudio:VARCHAR#,
      nom_centro_estudio = #nomCentroEstudio:VARCHAR#,
      fec_inicio = #fecInicio:TIMESTAMP#,
      fec_fin = #fecFin:TIMESTAMP#,
      cnt_hora_lectiva = #cntHoraLectiva:INTEGER#,
      fec_certificado = #fecCertificado:TIMESTAMP#,
      cod_usuregis = #codUsuregis:VARCHAR#,
      fec_regis = #fecRegis:TIMESTAMP#,
      cod_usumodif = #codUsumodif:VARCHAR#,
      fec_modif = #fecModif:TIMESTAMP#,
      cod_usuproc = #codUsuproc:VARCHAR#,
      fec_proceso = #fecProceso:TIMESTAMP#,
      num_arc_postula = #numArcPostula:INTEGER#,
      ind_certificacion = #indCertificacion:CHAR#
    where cod_cat = #codCat:SMALLINT#
      and cod_puesto = #codPuesto:CHAR#
      and num_correl = #numCorrel:SMALLINT#
      and num_postulante = #numPostulante:INTEGER#
  </update>
  
      <resultMap id="BaseResultMap" class="pe.gob.sunat.recurso2.humano.seleccion.model.beans.FichaEspecialidad" >
	<result column="cod_cat" property="codCat" jdbcType="SMALLINT" />
    <result column="cod_puesto" property="codPuesto" jdbcType="VARCHAR" />
    <result column="num_correl" property="numCorrel" jdbcType="SMALLINT" />           
    <result column="nom_especialidad" property="nomEspecialidad" jdbcType="VARCHAR" />
    <result column="cod_centro_estudio" property="codCentroEstudio" jdbcType="VARCHAR" />
    <result column="des_centro_estudio" property="desCentroEstudio" jdbcType="VARCHAR" />
    <result column="nom_centro_estudio" property="nomCentroEstudio" jdbcType="VARCHAR" />
    <result column="fec_inicio" property="fecInicio" jdbcType="TIMESTAMP" />
    <result column="fec_fin" property="fecFin" jdbcType="TIMESTAMP" />
    <result column="cnt_hora_lectiva" property="cntHoraLectiva" jdbcType="INTEGER" />
    <result column="fec_certificado" property="fecCertificado" jdbcType="TIMESTAMP" />
    <result column="num_arc_postula" property="numArcPostula" jdbcType="INTEGER" />    
  </resultMap>
  
   <select id="listarEstudiosEspecializacion" resultMap="BaseResultMap" parameterClass="pe.gob.sunat.recurso2.humano.seleccion.model.beans.FichaEspecialidadHistorico">
 	select 
		a.cod_cat,
		a.cod_puesto,
		a.num_correl,
  		a.nom_especialidad, 
  		a.cod_centro_estudio,
  		trim(cenest.des_larga) as des_centro_estudio,
      	a.nom_centro_estudio, 
      	a.fec_inicio, 
      	a.fec_fin, 
      	a.cnt_hora_lectiva, 
      	a.fec_certificado,
		a.num_arc_postula
	from t8336fichaestuesph a,t5864parametro cenest
	where a.num_postulante=#numPostulante#
	and a.cod_cat = #codCat#
	and a.cod_puesto = #codPuesto# 
	and cenest.cod_tab='013' and cenest.cod_tip_desc='D' and a.cod_centro_estudio=cenest.num_codigo and 
	cenest.cod_estado='A' and a.ind_certificacion=#indCertificacion#
<!--  	order by a.num_id_ist_academ desc; -->
  </select>


</sqlMap>