<?xml version="1.0" encoding="UTF-8" ?>
<!DOCTYPE sqlMap PUBLIC "-//ibatis.apache.org//DTD SQL Map 2.0//EN" "http://ibatis.apache.org/dtd/sql-map-2.dtd" >
<sqlMap namespace="t8337fichaconoh" >
  <resultMap id="ibatorgenerated_BaseResultMap" class="pe.gob.sunat.recurso2.humano.seleccion.model.beans.FichaConocimientoHistorico" >
    <!--
      WARNING - This element is automatically generated by Apache iBATIS ibator, do not modify.
      This element was generated on Mon Feb 05 15:31:32 COT 2018.
    -->
    <result column="cod_cat" property="codCat" jdbcType="SMALLINT" />
    <result column="cod_puesto" property="codPuesto" jdbcType="CHAR" />
    <result column="num_correl" property="numCorrel" jdbcType="SMALLINT" />
    <result column="num_postulante" property="numPostulante" jdbcType="INTEGER" />
    <result column="cod_tipcono" property="codTipcono" jdbcType="CHAR" />
    <result column="cod_conocimiento" property="codConocimiento" jdbcType="VARCHAR" />
    <result column="cod_nivel" property="codNivel" jdbcType="CHAR" />
    <result column="nom_concomiento" property="nomConcomiento" jdbcType="VARCHAR" />
    <result column="cod_usuregis" property="codUsuregis" jdbcType="VARCHAR" />
    <result column="fec_regis" property="fecRegis" jdbcType="TIMESTAMP" />
    <result column="cod_usumodif" property="codUsumodif" jdbcType="VARCHAR" />
    <result column="fec_modif" property="fecModif" jdbcType="TIMESTAMP" />
    <result column="cod_usuproc" property="codUsuproc" jdbcType="VARCHAR" />
    <result column="fec_proceso" property="fecProceso" jdbcType="TIMESTAMP" />
  </resultMap>

  <resultMap id="ibatorgenerated_BaseResultMapHistorico" class="pe.gob.sunat.recurso2.humano.seleccion.model.beans.FichaConocimiento" >
    <!--
      WARNING - This element is automatically generated by Apache iBATIS ibator, do not modify.
      This element was generated on Sun Sep 03 14:59:17 COT 2017.
    -->
<!--     <result column="cod_cat" property="codCat" jdbcType="SMALLINT" /> -->
<!--     <result column="cod_puesto" property="codPuesto" jdbcType="CHAR" /> -->
<!--     <result column="num_correl" property="numCorrel" jdbcType="SMALLINT" /> -->
    <result column="num_postulante" property="numPostulante" jdbcType="INTEGER" />
    <result column="cod_tipcono" property="codTipcono" jdbcType="CHAR" />
    <result column="cod_conocimiento" property="codConocimiento" jdbcType="VARCHAR" />
    <result column="cod_nivel" property="codNivel" jdbcType="CHAR" />
    <result column="nom_concomiento" property="nomConcomiento" jdbcType="VARCHAR" />
    <result column="cod_usuregis" property="codUsuregis" jdbcType="VARCHAR" />
    <result column="fec_regis" property="fecRegis" jdbcType="TIMESTAMP" />
  </resultMap>


  <sql id="ibatorgenerated_Example_Where_Clause" >
    <!--
      WARNING - This element is automatically generated by Apache iBATIS ibator, do not modify.
      This element was generated on Mon Feb 05 15:31:32 COT 2018.
    -->
    <iterate property="oredCriteria" conjunction="or" prepend="where" removeFirstPrepend="iterate" >
      <isEqual property="oredCriteria[].valid" compareValue="true" >
        (
        <iterate prepend="and" property="oredCriteria[].criteriaWithoutValue" conjunction="and" >
          $oredCriteria[].criteriaWithoutValue[]$
        </iterate>
        <iterate prepend="and" property="oredCriteria[].criteriaWithSingleValue" conjunction="and" >
          $oredCriteria[].criteriaWithSingleValue[].condition$
            #oredCriteria[].criteriaWithSingleValue[].value#
        </iterate>
        <iterate prepend="and" property="oredCriteria[].criteriaWithListValue" conjunction="and" >
          $oredCriteria[].criteriaWithListValue[].condition$
          <iterate property="oredCriteria[].criteriaWithListValue[].values" open="(" close=")" conjunction="," >
            #oredCriteria[].criteriaWithListValue[].values[]#
          </iterate>
        </iterate>
        <iterate prepend="and" property="oredCriteria[].criteriaWithBetweenValue" conjunction="and" >
          $oredCriteria[].criteriaWithBetweenValue[].condition$
          #oredCriteria[].criteriaWithBetweenValue[].values[0]# and
          #oredCriteria[].criteriaWithBetweenValue[].values[1]#
        </iterate>
        )
      </isEqual>
    </iterate>
  </sql>
  <select id="ibatorgenerated_selectByExample" resultMap="ibatorgenerated_BaseResultMap" parameterClass="pe.gob.sunat.recurso2.humano.seleccion.model.beans.FichaConocimientoHistoricoExample" >
    <!--
      WARNING - This element is automatically generated by Apache iBATIS ibator, do not modify.
      This element was generated on Mon Feb 05 15:31:32 COT 2018.
    -->
    select cod_cat, cod_puesto, num_correl, num_postulante, cod_tipcono, cod_conocimiento,
      cod_nivel, nom_concomiento, cod_usuregis, fec_regis, cod_usumodif, fec_modif, cod_usuproc,
      fec_proceso
    from t8337fichaconoh
    <isParameterPresent >
      <include refid="t8337fichaconoh.ibatorgenerated_Example_Where_Clause" />
      <isNotNull property="orderByClause" >
        order by $orderByClause$
      </isNotNull>
    </isParameterPresent>
  </select>

  <select id="ibatorgenerated_selectByExampleHistorico" resultMap="ibatorgenerated_BaseResultMapHistorico" parameterClass="pe.gob.sunat.recurso2.humano.seleccion.model.beans.FichaConocimientoHistoricoExample" >
    <!--
      WARNING - This element is automatically generated by Apache iBATIS ibator, do not modify.
      This element was generated on Sun Sep 03 14:59:17 COT 2017.
    -->
    select cod_cat, cod_puesto, num_correl, num_postulante, cod_tipcono, cod_conocimiento,
      cod_nivel, nom_concomiento, cod_usuregis, fec_regis
    from t8337fichaconoh
    <isParameterPresent >
      <include refid="t8337fichaconoh.ibatorgenerated_Example_Where_Clause" />
      <isNotNull property="orderByClause" >
        order by $orderByClause$
      </isNotNull>
    </isParameterPresent>
  </select>


  <select id="ibatorgenerated_selectByPrimaryKey" resultMap="ibatorgenerated_BaseResultMap" parameterClass="pe.gob.sunat.recurso2.humano.seleccion.model.beans.FichaConocimientoHistoricoKey" >
    <!--
      WARNING - This element is automatically generated by Apache iBATIS ibator, do not modify.
      This element was generated on Mon Feb 05 15:31:32 COT 2018.
    -->
    select cod_cat, cod_puesto, num_correl, num_postulante, cod_tipcono, cod_conocimiento,
      cod_nivel, nom_concomiento, cod_usuregis, fec_regis, cod_usumodif, fec_modif, cod_usuproc,
      fec_proceso
    from t8337fichaconoh
    where cod_cat = #codCat:SMALLINT#
      and cod_puesto = #codPuesto:CHAR#
      and num_correl = #numCorrel:SMALLINT#
      and num_postulante = #numPostulante:INTEGER#
  </select>
  <delete id="ibatorgenerated_deleteByPrimaryKey" parameterClass="pe.gob.sunat.recurso2.humano.seleccion.model.beans.FichaConocimientoHistoricoKey" >
    <!--
      WARNING - This element is automatically generated by Apache iBATIS ibator, do not modify.
      This element was generated on Mon Feb 05 15:31:32 COT 2018.
    -->
    delete from t8337fichaconoh
    where cod_cat = #codCat:SMALLINT#
      and cod_puesto = #codPuesto:CHAR#
      and num_correl = #numCorrel:SMALLINT#
      and num_postulante = #numPostulante:INTEGER#
  </delete>
  <delete id="ibatorgenerated_deleteByExample" parameterClass="pe.gob.sunat.recurso2.humano.seleccion.model.beans.FichaConocimientoHistoricoExample" >
    <!--
      WARNING - This element is automatically generated by Apache iBATIS ibator, do not modify.
      This element was generated on Mon Feb 05 15:31:32 COT 2018.
    -->
    delete from t8337fichaconoh
    <include refid="t8337fichaconoh.ibatorgenerated_Example_Where_Clause" />
  </delete>
  <insert id="ibatorgenerated_insert" parameterClass="pe.gob.sunat.recurso2.humano.seleccion.model.beans.FichaConocimientoHistorico" >
    <!--
      WARNING - This element is automatically generated by Apache iBATIS ibator, do not modify.
      This element was generated on Mon Feb 05 15:31:32 COT 2018.
    -->
    insert into t8337fichaconoh (cod_cat, cod_puesto, num_correl, num_postulante, cod_tipcono,
      cod_conocimiento, cod_nivel, nom_concomiento, cod_usuregis, fec_regis, cod_usumodif,
      fec_modif, cod_usuproc, fec_proceso)
    values (#codCat:SMALLINT#, #codPuesto:CHAR#, #numCorrel:SMALLINT#, #numPostulante:INTEGER#,
      #codTipcono:CHAR#, #codConocimiento:VARCHAR#, #codNivel:CHAR#, #nomConcomiento:VARCHAR#,
      #codUsuregis:VARCHAR#, #fecRegis:TIMESTAMP#, #codUsumodif:VARCHAR#, #fecModif:TIMESTAMP#,
      #codUsuproc:VARCHAR#, #fecProceso:TIMESTAMP#)
  </insert>
  <insert id="ibatorgenerated_insertSelective" parameterClass="pe.gob.sunat.recurso2.humano.seleccion.model.beans.FichaConocimientoHistorico" >
    <!--
      WARNING - This element is automatically generated by Apache iBATIS ibator, do not modify.
      This element was generated on Mon Feb 05 15:31:32 COT 2018.
    -->
    insert into t8337fichaconoh
    <dynamic prepend="(" >
      <isNotNull prepend="," property="codCat" >
        cod_cat
      </isNotNull>
      <isNotNull prepend="," property="codPuesto" >
        cod_puesto
      </isNotNull>
      <isNotNull prepend="," property="numCorrel" >
        num_correl
      </isNotNull>
      <isNotNull prepend="," property="numPostulante" >
        num_postulante
      </isNotNull>
      <isNotNull prepend="," property="codTipcono" >
        cod_tipcono
      </isNotNull>
      <isNotNull prepend="," property="codConocimiento" >
        cod_conocimiento
      </isNotNull>
      <isNotNull prepend="," property="codNivel" >
        cod_nivel
      </isNotNull>
      <isNotNull prepend="," property="nomConcomiento" >
        nom_concomiento
      </isNotNull>
      <isNotNull prepend="," property="codUsuregis" >
        cod_usuregis
      </isNotNull>
      <isNotNull prepend="," property="fecRegis" >
        fec_regis
      </isNotNull>
      <isNotNull prepend="," property="codUsumodif" >
        cod_usumodif
      </isNotNull>
      <isNotNull prepend="," property="fecModif" >
        fec_modif
      </isNotNull>
      <isNotNull prepend="," property="codUsuproc" >
        cod_usuproc
      </isNotNull>
      <isNotNull prepend="," property="fecProceso" >
        fec_proceso
      </isNotNull>
      )
    </dynamic>
    values
    <dynamic prepend="(" >
      <isNotNull prepend="," property="codCat" >
        #codCat:SMALLINT#
      </isNotNull>
      <isNotNull prepend="," property="codPuesto" >
        #codPuesto:CHAR#
      </isNotNull>
      <isNotNull prepend="," property="numCorrel" >
        #numCorrel:SMALLINT#
      </isNotNull>
      <isNotNull prepend="," property="numPostulante" >
        #numPostulante:INTEGER#
      </isNotNull>
      <isNotNull prepend="," property="codTipcono" >
        #codTipcono:CHAR#
      </isNotNull>
      <isNotNull prepend="," property="codConocimiento" >
        #codConocimiento:VARCHAR#
      </isNotNull>
      <isNotNull prepend="," property="codNivel" >
        #codNivel:CHAR#
      </isNotNull>
      <isNotNull prepend="," property="nomConcomiento" >
        #nomConcomiento:VARCHAR#
      </isNotNull>
      <isNotNull prepend="," property="codUsuregis" >
        #codUsuregis:VARCHAR#
      </isNotNull>
      <isNotNull prepend="," property="fecRegis" >
        #fecRegis:TIMESTAMP#
      </isNotNull>
      <isNotNull prepend="," property="codUsumodif" >
        #codUsumodif:VARCHAR#
      </isNotNull>
      <isNotNull prepend="," property="fecModif" >
        #fecModif:TIMESTAMP#
      </isNotNull>
      <isNotNull prepend="," property="codUsuproc" >
        #codUsuproc:VARCHAR#
      </isNotNull>
      <isNotNull prepend="," property="fecProceso" >
        #fecProceso:TIMESTAMP#
      </isNotNull>
      )
    </dynamic>
  </insert>
  <select id="ibatorgenerated_countByExample" parameterClass="pe.gob.sunat.recurso2.humano.seleccion.model.beans.FichaConocimientoHistoricoExample" resultClass="java.lang.Integer" >
    <!--
      WARNING - This element is automatically generated by Apache iBATIS ibator, do not modify.
      This element was generated on Mon Feb 05 15:31:32 COT 2018.
    -->
    select count(*) from t8337fichaconoh
    <include refid="t8337fichaconoh.ibatorgenerated_Example_Where_Clause" />
  </select>
  <update id="ibatorgenerated_updateByExampleSelective" >
    <!--
      WARNING - This element is automatically generated by Apache iBATIS ibator, do not modify.
      This element was generated on Mon Feb 05 15:31:32 COT 2018.
    -->
    update t8337fichaconoh
    <dynamic prepend="set" >
      <isNotNull prepend="," property="record.codCat" >
        cod_cat = #record.codCat:SMALLINT#
      </isNotNull>
      <isNotNull prepend="," property="record.codPuesto" >
        cod_puesto = #record.codPuesto:CHAR#
      </isNotNull>
      <isNotNull prepend="," property="record.numCorrel" >
        num_correl = #record.numCorrel:SMALLINT#
      </isNotNull>
      <isNotNull prepend="," property="record.numPostulante" >
        num_postulante = #record.numPostulante:INTEGER#
      </isNotNull>
      <isNotNull prepend="," property="record.codTipcono" >
        cod_tipcono = #record.codTipcono:CHAR#
      </isNotNull>
      <isNotNull prepend="," property="record.codConocimiento" >
        cod_conocimiento = #record.codConocimiento:VARCHAR#
      </isNotNull>
      <isNotNull prepend="," property="record.codNivel" >
        cod_nivel = #record.codNivel:CHAR#
      </isNotNull>
      <isNotNull prepend="," property="record.nomConcomiento" >
        nom_concomiento = #record.nomConcomiento:VARCHAR#
      </isNotNull>
      <isNotNull prepend="," property="record.codUsuregis" >
        cod_usuregis = #record.codUsuregis:VARCHAR#
      </isNotNull>
      <isNotNull prepend="," property="record.fecRegis" >
        fec_regis = #record.fecRegis:TIMESTAMP#
      </isNotNull>
      <isNotNull prepend="," property="record.codUsumodif" >
        cod_usumodif = #record.codUsumodif:VARCHAR#
      </isNotNull>
      <isNotNull prepend="," property="record.fecModif" >
        fec_modif = #record.fecModif:TIMESTAMP#
      </isNotNull>
      <isNotNull prepend="," property="record.codUsuproc" >
        cod_usuproc = #record.codUsuproc:VARCHAR#
      </isNotNull>
      <isNotNull prepend="," property="record.fecProceso" >
        fec_proceso = #record.fecProceso:TIMESTAMP#
      </isNotNull>
    </dynamic>
    <isParameterPresent >
      <include refid="t8337fichaconoh.ibatorgenerated_Example_Where_Clause" />
    </isParameterPresent>
  </update>
  <update id="ibatorgenerated_updateByExample" >
    <!--
      WARNING - This element is automatically generated by Apache iBATIS ibator, do not modify.
      This element was generated on Mon Feb 05 15:31:32 COT 2018.
    -->
    update t8337fichaconoh
    set cod_cat = #record.codCat:SMALLINT#,
      cod_puesto = #record.codPuesto:CHAR#,
      num_correl = #record.numCorrel:SMALLINT#,
      num_postulante = #record.numPostulante:INTEGER#,
      cod_tipcono = #record.codTipcono:CHAR#,
      cod_conocimiento = #record.codConocimiento:VARCHAR#,
      cod_nivel = #record.codNivel:CHAR#,
      nom_concomiento = #record.nomConcomiento:VARCHAR#,
      cod_usuregis = #record.codUsuregis:VARCHAR#,
      fec_regis = #record.fecRegis:TIMESTAMP#,
      cod_usumodif = #record.codUsumodif:VARCHAR#,
      fec_modif = #record.fecModif:TIMESTAMP#,
      cod_usuproc = #record.codUsuproc:VARCHAR#,
      fec_proceso = #record.fecProceso:TIMESTAMP#
    <isParameterPresent >
      <include refid="t8337fichaconoh.ibatorgenerated_Example_Where_Clause" />
    </isParameterPresent>
  </update>
  <update id="ibatorgenerated_updateByPrimaryKeySelective" parameterClass="pe.gob.sunat.recurso2.humano.seleccion.model.beans.FichaConocimientoHistorico" >
    <!--
      WARNING - This element is automatically generated by Apache iBATIS ibator, do not modify.
      This element was generated on Mon Feb 05 15:31:32 COT 2018.
    -->
    update t8337fichaconoh
    <dynamic prepend="set" >
      <isNotNull prepend="," property="codTipcono" >
        cod_tipcono = #codTipcono:CHAR#
      </isNotNull>
      <isNotNull prepend="," property="codConocimiento" >
        cod_conocimiento = #codConocimiento:VARCHAR#
      </isNotNull>
      <isNotNull prepend="," property="codNivel" >
        cod_nivel = #codNivel:CHAR#
      </isNotNull>
      <isNotNull prepend="," property="nomConcomiento" >
        nom_concomiento = #nomConcomiento:VARCHAR#
      </isNotNull>
      <isNotNull prepend="," property="codUsuregis" >
        cod_usuregis = #codUsuregis:VARCHAR#
      </isNotNull>
      <isNotNull prepend="," property="fecRegis" >
        fec_regis = #fecRegis:TIMESTAMP#
      </isNotNull>
      <isNotNull prepend="," property="codUsumodif" >
        cod_usumodif = #codUsumodif:VARCHAR#
      </isNotNull>
      <isNotNull prepend="," property="fecModif" >
        fec_modif = #fecModif:TIMESTAMP#
      </isNotNull>
      <isNotNull prepend="," property="codUsuproc" >
        cod_usuproc = #codUsuproc:VARCHAR#
      </isNotNull>
      <isNotNull prepend="," property="fecProceso" >
        fec_proceso = #fecProceso:TIMESTAMP#
      </isNotNull>
    </dynamic>
    where cod_cat = #codCat:SMALLINT#
      and cod_puesto = #codPuesto:CHAR#
      and num_correl = #numCorrel:SMALLINT#
      and num_postulante = #numPostulante:INTEGER#
  </update>
  <update id="ibatorgenerated_updateByPrimaryKey" parameterClass="pe.gob.sunat.recurso2.humano.seleccion.model.beans.FichaConocimientoHistorico" >
    <!--
      WARNING - This element is automatically generated by Apache iBATIS ibator, do not modify.
      This element was generated on Mon Feb 05 15:31:32 COT 2018.
    -->
    update t8337fichaconoh
    set cod_tipcono = #codTipcono:CHAR#,
      cod_conocimiento = #codConocimiento:VARCHAR#,
      cod_nivel = #codNivel:CHAR#,
      nom_concomiento = #nomConcomiento:VARCHAR#,
      cod_usuregis = #codUsuregis:VARCHAR#,
      fec_regis = #fecRegis:TIMESTAMP#,
      cod_usumodif = #codUsumodif:VARCHAR#,
      fec_modif = #fecModif:TIMESTAMP#,
      cod_usuproc = #codUsuproc:VARCHAR#,
      fec_proceso = #fecProceso:TIMESTAMP#
    where cod_cat = #codCat:SMALLINT#
      and cod_puesto = #codPuesto:CHAR#
      and num_correl = #numCorrel:SMALLINT#
      and num_postulante = #numPostulante:INTEGER#
  </update>
   
   <resultMap id="ibatorgenerated_BaseResultMap2" class="pe.gob.sunat.recurso2.humano.seleccion.model.beans.FichaConocimiento" >
    <result column="cod_cat" property="codCat" jdbcType="SMALLINT" />
    <result column="cod_puesto" property="codPuesto" jdbcType="VARCHAR" />
    <result column="num_correl" property="numCorrel" jdbcType="SMALLINT" />
    <result column="num_postulante" property="numPostulante" jdbcType="INTEGER" />
    <result column="cod_tipcono" property="codTipcono" jdbcType="CHAR" />
    <result column="cod_conocimiento" property="codConocimiento" jdbcType="VARCHAR" />
    <result column="cod_nivel" property="codNivel" jdbcType="CHAR" />
    <result column="nom_concomiento" property="nomConcomiento" jdbcType="VARCHAR" />
    <result column="cod_usuregis" property="codUsuregis" jdbcType="VARCHAR" />
    <result column="fec_regis" property="fecRegis" jdbcType="TIMESTAMP" />
    <result column="cod_usumodif" property="codUsumodif" jdbcType="VARCHAR" />
    <result column="fec_modif" property="fecModif" jdbcType="TIMESTAMP" />
    <result column="des_nivel" property="desNivel" jdbcType="VARCHAR" />
    <result column="des_tipo" property="desTipo" jdbcType="VARCHAR" />
  </resultMap>
   
  <select id="listarConocimiento" resultMap="ibatorgenerated_BaseResultMap2" 
    parameterClass="pe.gob.sunat.recurso2.humano.seleccion.model.beans.FichaConocimientoHistorico" >
    select
    x.cod_cat,
	x.cod_puesto,
	x.num_correl, 
    x.num_postulante, x.cod_tipcono, x.cod_conocimiento, x.cod_nivel,
     decode(t99descrip,'OTROS',x.nom_concomiento, t99descrip ) nom_concomiento, 
     x.cod_usuregis, x.fec_regis, x.cod_usumodif, x.fec_modif,
     case when x.cod_tipcono='2' then 'INFORMÁTICO' else 'IDIOMAS' end as des_tipo,
     case when x.cod_nivel='B' then 'BÁSICO' 
     	  when x.cod_nivel='I' then 'INTERMEDIO'
     	  when x.cod_nivel='A' then 'AVANZADO' end as des_nivel   
	from t8337fichaconoh x
	inner join t99codigos on x.cod_conocimiento  = t99codigos.t99siglas  and   x.cod_tipcono = t99codigos.t99abrev  and   t99cod_tab = 612 and t99tip_desc ='D'
	where x.num_postulante = #numPostulante# and cod_cat=#codCat# and cod_puesto=#codPuesto#
  </select>
  
</sqlMap>