<?xml version="1.0" encoding="UTF-8" ?>
<!DOCTYPE sqlMap PUBLIC "-//ibatis.apache.org//DTD SQL Map 2.0//EN" "http://ibatis.apache.org/dtd/sql-map-2.dtd" >
<sqlMap namespace="t8334fichadatosh" >
  <resultMap id="ibatorgenerated_BaseResultMap" class="pe.gob.sunat.recurso2.humano.seleccion.model.beans.FichaHistorico" >
    <!--
      WARNING - This element is automatically generated by Apache iBATIS ibator, do not modify.
      This element was generated on Mon Feb 05 15:31:32 COT 2018.
    -->
    <result column="cod_cat" property="codCat" jdbcType="SMALLINT" />
    <result column="cod_puesto" property="codPuesto" jdbcType="CHAR" />
    <result column="num_postulante" property="numPostulante" jdbcType="INTEGER" />
    <result column="cod_tipo_doc" property="codTipoDoc" jdbcType="CHAR" />
    <result column="num_doc_id" property="numDocId" jdbcType="VARCHAR" />
    <result column="nom_email" property="nomEmail" jdbcType="VARCHAR" />
    <result column="nom_postulante" property="nomPostulante" jdbcType="VARCHAR" />
    <result column="ape_paterno" property="apePaterno" jdbcType="VARCHAR" />
    <result column="ape_materno" property="apeMaterno" jdbcType="VARCHAR" />
    <result column="fec_nacimiento" property="fecNacimiento" jdbcType="TIMESTAMP" />
    <result column="cod_estcivil" property="codEstcivil" jdbcType="CHAR" />
    <result column="cod_ubigeonac" property="codUbigeonac" jdbcType="CHAR" />
    <result column="cod_ubigeodom" property="codUbigeodom" jdbcType="CHAR" />
    <result column="cod_tipzona" property="codTipzona" jdbcType="CHAR" />
    <result column="nom_zona" property="nomZona" jdbcType="VARCHAR" />
    <result column="cod_tipvia" property="codTipvia" jdbcType="CHAR" />
    <result column="nom_via" property="nomVia" jdbcType="VARCHAR" />
    <result column="num_dom" property="numDom" jdbcType="VARCHAR" />
    <result column="num_telcasa" property="numTelcasa" jdbcType="VARCHAR" />
    <result column="num_telcelular" property="numTelcelular" jdbcType="VARCHAR" />
    <result column="ind_anterior" property="indAnterior" jdbcType="CHAR" />
    <result column="num_licencia" property="numLicencia" jdbcType="VARCHAR" />
    <result column="dir_carpetaarchivo" property="dirCarpetaarchivo" jdbcType="VARCHAR" />
    <result column="mto_pretensionecon" property="mtoPretensionecon" jdbcType="DECIMAL" />
    <result column="ind_sunat_id" property="indSunatId" jdbcType="CHAR" />
    <result column="des_famil_sunat" property="desFamilSunat" jdbcType="VARCHAR" />
    <result column="ind_sunat" property="indSunat" jdbcType="CHAR" />
    <result column="ind_discapacitado" property="indDiscapacitado" jdbcType="CHAR" />
    <result column="cod_examen" property="codExamen" jdbcType="CHAR" />
    <result column="cod_estado" property="codEstado" jdbcType="CHAR" />
    <result column="des_discapacidad" property="desDiscapacidad" jdbcType="VARCHAR" />
    <result column="ind_labor" property="indLabor" jdbcType="CHAR" />
    <result column="ind_sexo" property="indSexo" jdbcType="CHAR" />
    <result column="ind_sede1" property="indSede1" jdbcType="CHAR" />
    <result column="ind_sede2" property="indSede2" jdbcType="CHAR" />
    <result column="num_ruc" property="numRuc" jdbcType="VARCHAR" />
    <result column="cod_cat_licencia" property="codCatLicencia" jdbcType="CHAR" />
    <result column="num_colegiatura" property="numColegiatura" jdbcType="VARCHAR" />
    <result column="ind_colegiatura" property="indColegiatura" jdbcType="CHAR" />
    <result column="cod_usuregis" property="codUsuregis" jdbcType="VARCHAR" />
    <result column="fec_regis" property="fecRegis" jdbcType="TIMESTAMP" />
    <result column="cod_usumodif" property="codUsumodif" jdbcType="VARCHAR" />
    <result column="fec_modif" property="fecModif" jdbcType="TIMESTAMP" />
    <result column="cod_usuproc" property="codUsuproc" jdbcType="VARCHAR" />
    <result column="fec_proceso" property="fecProceso" jdbcType="TIMESTAMP" />
  </resultMap>
  <resultMap id="ibatorgenerated_BaseResultMapHistorico" class="pe.gob.sunat.recurso2.humano.seleccion.model.beans.Ficha" >
    <!--
      WARNING - This element is automatically generated by Apache iBATIS ibator, do not modify.
      This element was generated on Sun Sep 03 14:59:17 COT 2017.
    -->
<!--     <result column="cod_cat" property="codCat" jdbcType="SMALLINT" /> -->
<!--     <result column="cod_puesto" property="codPuesto" jdbcType="CHAR" /> -->
    <result column="num_postulante" property="numPostulante" jdbcType="INTEGER" />
<!--     <result column="cod_tipo_doc" property="codTipoDoc" jdbcType="CHAR" /> -->
<!--     <result column="num_doc_id" property="numDocId" jdbcType="VARCHAR" /> -->
<!--     <result column="nom_email" property="nomEmail" jdbcType="VARCHAR" /> -->
<!--     <result column="nom_postulante" property="nomPostulante" jdbcType="VARCHAR" /> -->
<!--     <result column="ape_paterno" property="apePaterno" jdbcType="VARCHAR" /> -->
<!--     <result column="ape_materno" property="apeMaterno" jdbcType="VARCHAR" /> -->
<!--     <result column="fec_nacimiento" property="fecNacimiento" jdbcType="TIMESTAMP" /> -->
    <result column="cod_estcivil" property="codEstcivil" jdbcType="CHAR" />
    <result column="cod_ubigeonac" property="codUbigeonac" jdbcType="CHAR" />
    <result column="cod_ubigeodom" property="codUbigeodom" jdbcType="CHAR" />
    <result column="cod_tipzona" property="codTipzona" jdbcType="CHAR" />
    <result column="nom_zona" property="nomZona" jdbcType="VARCHAR" />
    <result column="cod_tipvia" property="codTipvia" jdbcType="CHAR" />
    <result column="nom_via" property="nomVia" jdbcType="VARCHAR" />
    <result column="num_dom" property="numDom" jdbcType="VARCHAR" />
    <result column="num_telcasa" property="numTelcasa" jdbcType="VARCHAR" />
    <result column="num_telcelular" property="numTelcelular" jdbcType="VARCHAR" />
    <result column="ind_anterior" property="indAnterior" jdbcType="CHAR" />
    <result column="num_licencia" property="numLicencia" jdbcType="VARCHAR" />
    <result column="dir_carpetaarchivo" property="dirCarpetaarchivo" jdbcType="VARCHAR" />
    <result column="mto_pretensionecon" property="mtoPretensionecon" jdbcType="DECIMAL" />
    <result column="ind_sunat_id" property="indSunatId" jdbcType="CHAR" />
    <result column="des_famil_sunat" property="desFamilSunat" jdbcType="VARCHAR" />
    <result column="ind_sunat" property="indSunat" jdbcType="CHAR" />
    <result column="ind_discapacitado" property="indDiscapacitado" jdbcType="CHAR" />
    <result column="cod_examen" property="codExamen" jdbcType="CHAR" />
    <result column="cod_estado" property="codEstado" jdbcType="CHAR" />
    <result column="des_discapacidad" property="desDiscapacidad" jdbcType="VARCHAR" />
    <result column="ind_labor" property="indLabor" jdbcType="CHAR" />
    <result column="ind_sexo" property="indSexo" jdbcType="CHAR" />
    <result column="ind_sede1" property="indSede1" jdbcType="CHAR" />
    <result column="ind_sede2" property="indSede2" jdbcType="CHAR" />
    <result column="num_ruc" property="numRuc" jdbcType="VARCHAR" />
    <result column="cod_cat_licencia" property="codCatLicencia" jdbcType="CHAR" />
    <result column="num_colegiatura" property="numColegiatura" jdbcType="VARCHAR" />
    <result column="ind_colegiatura" property="indColegiatura" jdbcType="CHAR" />
    <result column="cod_usuregis" property="codUsuregis" jdbcType="VARCHAR" />
    <result column="fec_regis" property="fecRegis" jdbcType="TIMESTAMP" />
  </resultMap>
  
  <sql id="ibatorgenerated_Example_Where_Clause" >
    <!--
      WARNING - This element is automatically generated by Apache iBATIS ibator, do not modify.
      This element was generated on Mon Feb 05 15:31:32 COT 2018.
    -->
    <iterate property="oredCriteria" conjunction="or" prepend="where" removeFirstPrepend="iterate" >
      <isEqual property="oredCriteria[].valid" compareValue="true" >
        (
        <iterate prepend="and" property="oredCriteria[].criteriaWithoutValue" conjunction="and" >
          $oredCriteria[].criteriaWithoutValue[]$
        </iterate>
        <iterate prepend="and" property="oredCriteria[].criteriaWithSingleValue" conjunction="and" >
          $oredCriteria[].criteriaWithSingleValue[].condition$
            #oredCriteria[].criteriaWithSingleValue[].value#
        </iterate>
        <iterate prepend="and" property="oredCriteria[].criteriaWithListValue" conjunction="and" >
          $oredCriteria[].criteriaWithListValue[].condition$
          <iterate property="oredCriteria[].criteriaWithListValue[].values" open="(" close=")" conjunction="," >
            #oredCriteria[].criteriaWithListValue[].values[]#
          </iterate>
        </iterate>
        <iterate prepend="and" property="oredCriteria[].criteriaWithBetweenValue" conjunction="and" >
          $oredCriteria[].criteriaWithBetweenValue[].condition$
          #oredCriteria[].criteriaWithBetweenValue[].values[0]# and
          #oredCriteria[].criteriaWithBetweenValue[].values[1]#
        </iterate>
        )
      </isEqual>
    </iterate>
  </sql>
  <select id="ibatorgenerated_selectByExample" resultMap="ibatorgenerated_BaseResultMap" parameterClass="pe.gob.sunat.recurso2.humano.seleccion.model.beans.FichaHistoricoExample" >
    <!--
      WARNING - This element is automatically generated by Apache iBATIS ibator, do not modify.
      This element was generated on Mon Feb 05 15:31:32 COT 2018.
    -->
    select cod_cat, cod_puesto, num_postulante, cod_tipo_doc, num_doc_id, nom_email, nom_postulante,
      ape_paterno, ape_materno, fec_nacimiento, cod_estcivil, cod_ubigeonac, cod_ubigeodom,
      cod_tipzona, nom_zona, cod_tipvia, nom_via, num_dom, num_telcasa, num_telcelular,
      ind_anterior, num_licencia, dir_carpetaarchivo, mto_pretensionecon, ind_sunat_id,
      des_famil_sunat, ind_sunat, ind_discapacitado, cod_examen, cod_estado, des_discapacidad,
      ind_labor, ind_sexo, ind_sede1, ind_sede2, num_ruc, cod_cat_licencia, num_colegiatura,
      ind_colegiatura, cod_usuregis, fec_regis, cod_usumodif, fec_modif, cod_usuproc, fec_proceso
    from t8334fichadatosh
    <isParameterPresent >
      <include refid="t8334fichadatosh.ibatorgenerated_Example_Where_Clause" />
      <isNotNull property="orderByClause" >
        order by $orderByClause$
      </isNotNull>
    </isParameterPresent>
  </select>
  <select id="ibatorgenerated_selectByPrimaryKey" resultMap="ibatorgenerated_BaseResultMap" parameterClass="pe.gob.sunat.recurso2.humano.seleccion.model.beans.FichaHistoricoKey" >
    <!--
      WARNING - This element is automatically generated by Apache iBATIS ibator, do not modify.
      This element was generated on Mon Feb 05 15:31:32 COT 2018.
    -->
    select cod_cat, cod_puesto, num_postulante, cod_tipo_doc, num_doc_id, nom_email, nom_postulante,
      ape_paterno, ape_materno, fec_nacimiento, cod_estcivil, cod_ubigeonac, cod_ubigeodom,
      cod_tipzona, nom_zona, cod_tipvia, nom_via, num_dom, num_telcasa, num_telcelular,
      ind_anterior, num_licencia, dir_carpetaarchivo, mto_pretensionecon, ind_sunat_id,
      des_famil_sunat, ind_sunat, ind_discapacitado, cod_examen, cod_estado, des_discapacidad,
      ind_labor, ind_sexo, ind_sede1, ind_sede2, num_ruc, cod_cat_licencia, num_colegiatura,
      ind_colegiatura, cod_usuregis, fec_regis, cod_usumodif, fec_modif, cod_usuproc, fec_proceso
    from t8334fichadatosh
    where cod_cat = #codCat:SMALLINT#
      and cod_puesto = #codPuesto:CHAR#
      and num_postulante = #numPostulante:INTEGER#
  </select>

  <select id="ibatorgenerated_selectByPrimaryKeyHistorico" resultMap="ibatorgenerated_BaseResultMapHistorico" parameterClass="pe.gob.sunat.recurso2.humano.seleccion.model.beans.FichaHistoricoKey" >
    <!--
      WARNING - This element is automatically generated by Apache iBATIS ibator, do not modify.
      This element was generated on Sun Sep 03 14:59:17 COT 2017.
    -->
    select cod_cat, cod_puesto, num_postulante, cod_tipo_doc, num_doc_id, nom_email, nom_postulante,
      ape_paterno, ape_materno, fec_nacimiento, cod_estcivil, cod_ubigeonac, cod_ubigeodom,
      cod_tipzona, nom_zona, cod_tipvia, nom_via, num_dom, num_telcasa, num_telcelular,
      ind_anterior, num_licencia, dir_carpetaarchivo, mto_pretensionecon, ind_sunat_id,
      des_famil_sunat, ind_sunat, ind_discapacitado, cod_examen, cod_estado, des_discapacidad,
      ind_labor, ind_sexo, ind_sede1, ind_sede2, num_ruc, cod_cat_licencia, num_colegiatura,
      ind_colegiatura, cod_usuregis, fec_regis
    from t8334fichadatosh
    where cod_cat = #codCat:SMALLINT#
      and cod_puesto = #codPuesto:CHAR#
      and num_postulante = #numPostulante:INTEGER#
  </select>


  <delete id="ibatorgenerated_deleteByPrimaryKey" parameterClass="pe.gob.sunat.recurso2.humano.seleccion.model.beans.FichaHistoricoKey" >
    <!--
      WARNING - This element is automatically generated by Apache iBATIS ibator, do not modify.
      This element was generated on Mon Feb 05 15:31:32 COT 2018.
    -->
    delete from t8334fichadatosh
    where cod_cat = #codCat:SMALLINT#
      and cod_puesto = #codPuesto:CHAR#
      and num_postulante = #numPostulante:INTEGER#
  </delete>
  <delete id="ibatorgenerated_deleteByExample" parameterClass="pe.gob.sunat.recurso2.humano.seleccion.model.beans.FichaHistoricoExample" >
    <!--
      WARNING - This element is automatically generated by Apache iBATIS ibator, do not modify.
      This element was generated on Mon Feb 05 15:31:32 COT 2018.
    -->
    delete from t8334fichadatosh
    <include refid="t8334fichadatosh.ibatorgenerated_Example_Where_Clause" />
  </delete>
  <insert id="ibatorgenerated_insert" parameterClass="pe.gob.sunat.recurso2.humano.seleccion.model.beans.FichaHistorico" >
    <!--
      WARNING - This element is automatically generated by Apache iBATIS ibator, do not modify.
      This element was generated on Mon Feb 05 15:31:32 COT 2018.
    -->
    insert into t8334fichadatosh (cod_cat, cod_puesto, num_postulante, cod_tipo_doc, num_doc_id,
      nom_email, nom_postulante, ape_paterno, ape_materno, fec_nacimiento, cod_estcivil,
      cod_ubigeonac, cod_ubigeodom, cod_tipzona, nom_zona, cod_tipvia, nom_via, num_dom,
      num_telcasa, num_telcelular, ind_anterior, num_licencia, dir_carpetaarchivo,
      mto_pretensionecon, ind_sunat_id, des_famil_sunat, ind_sunat, ind_discapacitado, cod_examen,
      cod_estado, des_discapacidad, ind_labor, ind_sexo, ind_sede1, ind_sede2, num_ruc,
      cod_cat_licencia, num_colegiatura, ind_colegiatura, cod_usuregis, fec_regis, cod_usumodif,
      fec_modif, cod_usuproc, fec_proceso)
    values (#codCat:SMALLINT#, #codPuesto:CHAR#, #numPostulante:INTEGER#, #codTipoDoc:CHAR#,
      #numDocId:VARCHAR#, #nomEmail:VARCHAR#, #nomPostulante:VARCHAR#, #apePaterno:VARCHAR#,
      #apeMaterno:VARCHAR#, #fecNacimiento:TIMESTAMP#, #codEstcivil:CHAR#, #codUbigeonac:CHAR#,
      #codUbigeodom:CHAR#, #codTipzona:CHAR#, #nomZona:VARCHAR#, #codTipvia:CHAR#, #nomVia:VARCHAR#,
      #numDom:VARCHAR#, #numTelcasa:VARCHAR#, #numTelcelular:VARCHAR#, #indAnterior:CHAR#,
      #numLicencia:VARCHAR#, #dirCarpetaarchivo:VARCHAR#, #mtoPretensionecon:DECIMAL#,
      #indSunatId:CHAR#, #desFamilSunat:VARCHAR#, #indSunat:CHAR#, #indDiscapacitado:CHAR#,
      #codExamen:CHAR#, #codEstado:CHAR#, #desDiscapacidad:VARCHAR#, #indLabor:CHAR#,
      #indSexo:CHAR#, #indSede1:CHAR#, #indSede2:CHAR#, #numRuc:VARCHAR#, #codCatLicencia:CHAR#,
      #numColegiatura:VARCHAR#, #indColegiatura:CHAR#, #codUsuregis:VARCHAR#, #fecRegis:TIMESTAMP#,
      #codUsumodif:VARCHAR#, #fecModif:TIMESTAMP#, #codUsuproc:VARCHAR#, #fecProceso:TIMESTAMP#)
  </insert>
  <insert id="ibatorgenerated_insertSelective" parameterClass="pe.gob.sunat.recurso2.humano.seleccion.model.beans.FichaHistorico" >
    <!--
      WARNING - This element is automatically generated by Apache iBATIS ibator, do not modify.
      This element was generated on Mon Feb 05 15:31:32 COT 2018.
    -->
    insert into t8334fichadatosh
    <dynamic prepend="(" >
      <isNotNull prepend="," property="codCat" >
        cod_cat
      </isNotNull>
      <isNotNull prepend="," property="codPuesto" >
        cod_puesto
      </isNotNull>
      <isNotNull prepend="," property="numPostulante" >
        num_postulante
      </isNotNull>
      <isNotNull prepend="," property="codTipoDoc" >
        cod_tipo_doc
      </isNotNull>
      <isNotNull prepend="," property="numDocId" >
        num_doc_id
      </isNotNull>
      <isNotNull prepend="," property="nomEmail" >
        nom_email
      </isNotNull>
      <isNotNull prepend="," property="nomPostulante" >
        nom_postulante
      </isNotNull>
      <isNotNull prepend="," property="apePaterno" >
        ape_paterno
      </isNotNull>
      <isNotNull prepend="," property="apeMaterno" >
        ape_materno
      </isNotNull>
      <isNotNull prepend="," property="fecNacimiento" >
        fec_nacimiento
      </isNotNull>
      <isNotNull prepend="," property="codEstcivil" >
        cod_estcivil
      </isNotNull>
      <isNotNull prepend="," property="codUbigeonac" >
        cod_ubigeonac
      </isNotNull>
      <isNotNull prepend="," property="codUbigeodom" >
        cod_ubigeodom
      </isNotNull>
      <isNotNull prepend="," property="codTipzona" >
        cod_tipzona
      </isNotNull>
      <isNotNull prepend="," property="nomZona" >
        nom_zona
      </isNotNull>
      <isNotNull prepend="," property="codTipvia" >
        cod_tipvia
      </isNotNull>
      <isNotNull prepend="," property="nomVia" >
        nom_via
      </isNotNull>
      <isNotNull prepend="," property="numDom" >
        num_dom
      </isNotNull>
      <isNotNull prepend="," property="numTelcasa" >
        num_telcasa
      </isNotNull>
      <isNotNull prepend="," property="numTelcelular" >
        num_telcelular
      </isNotNull>
      <isNotNull prepend="," property="indAnterior" >
        ind_anterior
      </isNotNull>
      <isNotNull prepend="," property="numLicencia" >
        num_licencia
      </isNotNull>
      <isNotNull prepend="," property="dirCarpetaarchivo" >
        dir_carpetaarchivo
      </isNotNull>
      <isNotNull prepend="," property="mtoPretensionecon" >
        mto_pretensionecon
      </isNotNull>
      <isNotNull prepend="," property="indSunatId" >
        ind_sunat_id
      </isNotNull>
      <isNotNull prepend="," property="desFamilSunat" >
        des_famil_sunat
      </isNotNull>
      <isNotNull prepend="," property="indSunat" >
        ind_sunat
      </isNotNull>
      <isNotNull prepend="," property="indDiscapacitado" >
        ind_discapacitado
      </isNotNull>
      <isNotNull prepend="," property="codExamen" >
        cod_examen
      </isNotNull>
      <isNotNull prepend="," property="codEstado" >
        cod_estado
      </isNotNull>
      <isNotNull prepend="," property="desDiscapacidad" >
        des_discapacidad
      </isNotNull>
      <isNotNull prepend="," property="indLabor" >
        ind_labor
      </isNotNull>
      <isNotNull prepend="," property="indSexo" >
        ind_sexo
      </isNotNull>
      <isNotNull prepend="," property="indSede1" >
        ind_sede1
      </isNotNull>
      <isNotNull prepend="," property="indSede2" >
        ind_sede2
      </isNotNull>
      <isNotNull prepend="," property="numRuc" >
        num_ruc
      </isNotNull>
      <isNotNull prepend="," property="codCatLicencia" >
        cod_cat_licencia
      </isNotNull>
      <isNotNull prepend="," property="numColegiatura" >
        num_colegiatura
      </isNotNull>
      <isNotNull prepend="," property="indColegiatura" >
        ind_colegiatura
      </isNotNull>
      <isNotNull prepend="," property="codUsuregis" >
        cod_usuregis
      </isNotNull>
      <isNotNull prepend="," property="fecRegis" >
        fec_regis
      </isNotNull>
      <isNotNull prepend="," property="codUsumodif" >
        cod_usumodif
      </isNotNull>
      <isNotNull prepend="," property="fecModif" >
        fec_modif
      </isNotNull>
      <isNotNull prepend="," property="codUsuproc" >
        cod_usuproc
      </isNotNull>
      <isNotNull prepend="," property="fecProceso" >
        fec_proceso
      </isNotNull>
      )
    </dynamic>
    values
    <dynamic prepend="(" >
      <isNotNull prepend="," property="codCat" >
        #codCat:SMALLINT#
      </isNotNull>
      <isNotNull prepend="," property="codPuesto" >
        #codPuesto:CHAR#
      </isNotNull>
      <isNotNull prepend="," property="numPostulante" >
        #numPostulante:INTEGER#
      </isNotNull>
      <isNotNull prepend="," property="codTipoDoc" >
        #codTipoDoc:CHAR#
      </isNotNull>
      <isNotNull prepend="," property="numDocId" >
        #numDocId:VARCHAR#
      </isNotNull>
      <isNotNull prepend="," property="nomEmail" >
        #nomEmail:VARCHAR#
      </isNotNull>
      <isNotNull prepend="," property="nomPostulante" >
        #nomPostulante:VARCHAR#
      </isNotNull>
      <isNotNull prepend="," property="apePaterno" >
        #apePaterno:VARCHAR#
      </isNotNull>
      <isNotNull prepend="," property="apeMaterno" >
        #apeMaterno:VARCHAR#
      </isNotNull>
      <isNotNull prepend="," property="fecNacimiento" >
        #fecNacimiento:TIMESTAMP#
      </isNotNull>
      <isNotNull prepend="," property="codEstcivil" >
        #codEstcivil:CHAR#
      </isNotNull>
      <isNotNull prepend="," property="codUbigeonac" >
        #codUbigeonac:CHAR#
      </isNotNull>
      <isNotNull prepend="," property="codUbigeodom" >
        #codUbigeodom:CHAR#
      </isNotNull>
      <isNotNull prepend="," property="codTipzona" >
        #codTipzona:CHAR#
      </isNotNull>
      <isNotNull prepend="," property="nomZona" >
        #nomZona:VARCHAR#
      </isNotNull>
      <isNotNull prepend="," property="codTipvia" >
        #codTipvia:CHAR#
      </isNotNull>
      <isNotNull prepend="," property="nomVia" >
        #nomVia:VARCHAR#
      </isNotNull>
      <isNotNull prepend="," property="numDom" >
        #numDom:VARCHAR#
      </isNotNull>
      <isNotNull prepend="," property="numTelcasa" >
        #numTelcasa:VARCHAR#
      </isNotNull>
      <isNotNull prepend="," property="numTelcelular" >
        #numTelcelular:VARCHAR#
      </isNotNull>
      <isNotNull prepend="," property="indAnterior" >
        #indAnterior:CHAR#
      </isNotNull>
      <isNotNull prepend="," property="numLicencia" >
        #numLicencia:VARCHAR#
      </isNotNull>
      <isNotNull prepend="," property="dirCarpetaarchivo" >
        #dirCarpetaarchivo:VARCHAR#
      </isNotNull>
      <isNotNull prepend="," property="mtoPretensionecon" >
        #mtoPretensionecon:DECIMAL#
      </isNotNull>
      <isNotNull prepend="," property="indSunatId" >
        #indSunatId:CHAR#
      </isNotNull>
      <isNotNull prepend="," property="desFamilSunat" >
        #desFamilSunat:VARCHAR#
      </isNotNull>
      <isNotNull prepend="," property="indSunat" >
        #indSunat:CHAR#
      </isNotNull>
      <isNotNull prepend="," property="indDiscapacitado" >
        #indDiscapacitado:CHAR#
      </isNotNull>
      <isNotNull prepend="," property="codExamen" >
        #codExamen:CHAR#
      </isNotNull>
      <isNotNull prepend="," property="codEstado" >
        #codEstado:CHAR#
      </isNotNull>
      <isNotNull prepend="," property="desDiscapacidad" >
        #desDiscapacidad:VARCHAR#
      </isNotNull>
      <isNotNull prepend="," property="indLabor" >
        #indLabor:CHAR#
      </isNotNull>
      <isNotNull prepend="," property="indSexo" >
        #indSexo:CHAR#
      </isNotNull>
      <isNotNull prepend="," property="indSede1" >
        #indSede1:CHAR#
      </isNotNull>
      <isNotNull prepend="," property="indSede2" >
        #indSede2:CHAR#
      </isNotNull>
      <isNotNull prepend="," property="numRuc" >
        #numRuc:VARCHAR#
      </isNotNull>
      <isNotNull prepend="," property="codCatLicencia" >
        #codCatLicencia:CHAR#
      </isNotNull>
      <isNotNull prepend="," property="numColegiatura" >
        #numColegiatura:VARCHAR#
      </isNotNull>
      <isNotNull prepend="," property="indColegiatura" >
        #indColegiatura:CHAR#
      </isNotNull>
      <isNotNull prepend="," property="codUsuregis" >
        #codUsuregis:VARCHAR#
      </isNotNull>
      <isNotNull prepend="," property="fecRegis" >
        #fecRegis:TIMESTAMP#
      </isNotNull>
      <isNotNull prepend="," property="codUsumodif" >
        #codUsumodif:VARCHAR#
      </isNotNull>
      <isNotNull prepend="," property="fecModif" >
        #fecModif:TIMESTAMP#
      </isNotNull>
      <isNotNull prepend="," property="codUsuproc" >
        #codUsuproc:VARCHAR#
      </isNotNull>
      <isNotNull prepend="," property="fecProceso" >
        #fecProceso:TIMESTAMP#
      </isNotNull>
      )
    </dynamic>
  </insert>
  <select id="ibatorgenerated_countByExample" parameterClass="pe.gob.sunat.recurso2.humano.seleccion.model.beans.FichaHistoricoExample" resultClass="java.lang.Integer" >
    <!--
      WARNING - This element is automatically generated by Apache iBATIS ibator, do not modify.
      This element was generated on Mon Feb 05 15:31:32 COT 2018.
    -->
    select count(*) from t8334fichadatosh
    <include refid="t8334fichadatosh.ibatorgenerated_Example_Where_Clause" />
  </select>
  <update id="ibatorgenerated_updateByExampleSelective" >
    <!--
      WARNING - This element is automatically generated by Apache iBATIS ibator, do not modify.
      This element was generated on Mon Feb 05 15:31:32 COT 2018.
    -->
    update t8334fichadatosh
    <dynamic prepend="set" >
      <isNotNull prepend="," property="record.codCat" >
        cod_cat = #record.codCat:SMALLINT#
      </isNotNull>
      <isNotNull prepend="," property="record.codPuesto" >
        cod_puesto = #record.codPuesto:CHAR#
      </isNotNull>
      <isNotNull prepend="," property="record.numPostulante" >
        num_postulante = #record.numPostulante:INTEGER#
      </isNotNull>
      <isNotNull prepend="," property="record.codTipoDoc" >
        cod_tipo_doc = #record.codTipoDoc:CHAR#
      </isNotNull>
      <isNotNull prepend="," property="record.numDocId" >
        num_doc_id = #record.numDocId:VARCHAR#
      </isNotNull>
      <isNotNull prepend="," property="record.nomEmail" >
        nom_email = #record.nomEmail:VARCHAR#
      </isNotNull>
      <isNotNull prepend="," property="record.nomPostulante" >
        nom_postulante = #record.nomPostulante:VARCHAR#
      </isNotNull>
      <isNotNull prepend="," property="record.apePaterno" >
        ape_paterno = #record.apePaterno:VARCHAR#
      </isNotNull>
      <isNotNull prepend="," property="record.apeMaterno" >
        ape_materno = #record.apeMaterno:VARCHAR#
      </isNotNull>
      <isNotNull prepend="," property="record.fecNacimiento" >
        fec_nacimiento = #record.fecNacimiento:TIMESTAMP#
      </isNotNull>
      <isNotNull prepend="," property="record.codEstcivil" >
        cod_estcivil = #record.codEstcivil:CHAR#
      </isNotNull>
      <isNotNull prepend="," property="record.codUbigeonac" >
        cod_ubigeonac = #record.codUbigeonac:CHAR#
      </isNotNull>
      <isNotNull prepend="," property="record.codUbigeodom" >
        cod_ubigeodom = #record.codUbigeodom:CHAR#
      </isNotNull>
      <isNotNull prepend="," property="record.codTipzona" >
        cod_tipzona = #record.codTipzona:CHAR#
      </isNotNull>
      <isNotNull prepend="," property="record.nomZona" >
        nom_zona = #record.nomZona:VARCHAR#
      </isNotNull>
      <isNotNull prepend="," property="record.codTipvia" >
        cod_tipvia = #record.codTipvia:CHAR#
      </isNotNull>
      <isNotNull prepend="," property="record.nomVia" >
        nom_via = #record.nomVia:VARCHAR#
      </isNotNull>
      <isNotNull prepend="," property="record.numDom" >
        num_dom = #record.numDom:VARCHAR#
      </isNotNull>
      <isNotNull prepend="," property="record.numTelcasa" >
        num_telcasa = #record.numTelcasa:VARCHAR#
      </isNotNull>
      <isNotNull prepend="," property="record.numTelcelular" >
        num_telcelular = #record.numTelcelular:VARCHAR#
      </isNotNull>
      <isNotNull prepend="," property="record.indAnterior" >
        ind_anterior = #record.indAnterior:CHAR#
      </isNotNull>
      <isNotNull prepend="," property="record.numLicencia" >
        num_licencia = #record.numLicencia:VARCHAR#
      </isNotNull>
      <isNotNull prepend="," property="record.dirCarpetaarchivo" >
        dir_carpetaarchivo = #record.dirCarpetaarchivo:VARCHAR#
      </isNotNull>
      <isNotNull prepend="," property="record.mtoPretensionecon" >
        mto_pretensionecon = #record.mtoPretensionecon:DECIMAL#
      </isNotNull>
      <isNotNull prepend="," property="record.indSunatId" >
        ind_sunat_id = #record.indSunatId:CHAR#
      </isNotNull>
      <isNotNull prepend="," property="record.desFamilSunat" >
        des_famil_sunat = #record.desFamilSunat:VARCHAR#
      </isNotNull>
      <isNotNull prepend="," property="record.indSunat" >
        ind_sunat = #record.indSunat:CHAR#
      </isNotNull>
      <isNotNull prepend="," property="record.indDiscapacitado" >
        ind_discapacitado = #record.indDiscapacitado:CHAR#
      </isNotNull>
      <isNotNull prepend="," property="record.codExamen" >
        cod_examen = #record.codExamen:CHAR#
      </isNotNull>
      <isNotNull prepend="," property="record.codEstado" >
        cod_estado = #record.codEstado:CHAR#
      </isNotNull>
      <isNotNull prepend="," property="record.desDiscapacidad" >
        des_discapacidad = #record.desDiscapacidad:VARCHAR#
      </isNotNull>
      <isNotNull prepend="," property="record.indLabor" >
        ind_labor = #record.indLabor:CHAR#
      </isNotNull>
      <isNotNull prepend="," property="record.indSexo" >
        ind_sexo = #record.indSexo:CHAR#
      </isNotNull>
      <isNotNull prepend="," property="record.indSede1" >
        ind_sede1 = #record.indSede1:CHAR#
      </isNotNull>
      <isNotNull prepend="," property="record.indSede2" >
        ind_sede2 = #record.indSede2:CHAR#
      </isNotNull>
      <isNotNull prepend="," property="record.numRuc" >
        num_ruc = #record.numRuc:VARCHAR#
      </isNotNull>
      <isNotNull prepend="," property="record.codCatLicencia" >
        cod_cat_licencia = #record.codCatLicencia:CHAR#
      </isNotNull>
      <isNotNull prepend="," property="record.numColegiatura" >
        num_colegiatura = #record.numColegiatura:VARCHAR#
      </isNotNull>
      <isNotNull prepend="," property="record.indColegiatura" >
        ind_colegiatura = #record.indColegiatura:CHAR#
      </isNotNull>
      <isNotNull prepend="," property="record.codUsuregis" >
        cod_usuregis = #record.codUsuregis:VARCHAR#
      </isNotNull>
      <isNotNull prepend="," property="record.fecRegis" >
        fec_regis = #record.fecRegis:TIMESTAMP#
      </isNotNull>
      <isNotNull prepend="," property="record.codUsumodif" >
        cod_usumodif = #record.codUsumodif:VARCHAR#
      </isNotNull>
      <isNotNull prepend="," property="record.fecModif" >
        fec_modif = #record.fecModif:TIMESTAMP#
      </isNotNull>
      <isNotNull prepend="," property="record.codUsuproc" >
        cod_usuproc = #record.codUsuproc:VARCHAR#
      </isNotNull>
      <isNotNull prepend="," property="record.fecProceso" >
        fec_proceso = #record.fecProceso:TIMESTAMP#
      </isNotNull>
    </dynamic>
    <isParameterPresent >
      <include refid="t8334fichadatosh.ibatorgenerated_Example_Where_Clause" />
    </isParameterPresent>
  </update>
  <update id="ibatorgenerated_updateByExample" >
    <!--
      WARNING - This element is automatically generated by Apache iBATIS ibator, do not modify.
      This element was generated on Mon Feb 05 15:31:32 COT 2018.
    -->
    update t8334fichadatosh
    set cod_cat = #record.codCat:SMALLINT#,
      cod_puesto = #record.codPuesto:CHAR#,
      num_postulante = #record.numPostulante:INTEGER#,
      cod_tipo_doc = #record.codTipoDoc:CHAR#,
      num_doc_id = #record.numDocId:VARCHAR#,
      nom_email = #record.nomEmail:VARCHAR#,
      nom_postulante = #record.nomPostulante:VARCHAR#,
      ape_paterno = #record.apePaterno:VARCHAR#,
      ape_materno = #record.apeMaterno:VARCHAR#,
      fec_nacimiento = #record.fecNacimiento:TIMESTAMP#,
      cod_estcivil = #record.codEstcivil:CHAR#,
      cod_ubigeonac = #record.codUbigeonac:CHAR#,
      cod_ubigeodom = #record.codUbigeodom:CHAR#,
      cod_tipzona = #record.codTipzona:CHAR#,
      nom_zona = #record.nomZona:VARCHAR#,
      cod_tipvia = #record.codTipvia:CHAR#,
      nom_via = #record.nomVia:VARCHAR#,
      num_dom = #record.numDom:VARCHAR#,
      num_telcasa = #record.numTelcasa:VARCHAR#,
      num_telcelular = #record.numTelcelular:VARCHAR#,
      ind_anterior = #record.indAnterior:CHAR#,
      num_licencia = #record.numLicencia:VARCHAR#,
      dir_carpetaarchivo = #record.dirCarpetaarchivo:VARCHAR#,
      mto_pretensionecon = #record.mtoPretensionecon:DECIMAL#,
      ind_sunat_id = #record.indSunatId:CHAR#,
      des_famil_sunat = #record.desFamilSunat:VARCHAR#,
      ind_sunat = #record.indSunat:CHAR#,
      ind_discapacitado = #record.indDiscapacitado:CHAR#,
      cod_examen = #record.codExamen:CHAR#,
      cod_estado = #record.codEstado:CHAR#,
      des_discapacidad = #record.desDiscapacidad:VARCHAR#,
      ind_labor = #record.indLabor:CHAR#,
      ind_sexo = #record.indSexo:CHAR#,
      ind_sede1 = #record.indSede1:CHAR#,
      ind_sede2 = #record.indSede2:CHAR#,
      num_ruc = #record.numRuc:VARCHAR#,
      cod_cat_licencia = #record.codCatLicencia:CHAR#,
      num_colegiatura = #record.numColegiatura:VARCHAR#,
      ind_colegiatura = #record.indColegiatura:CHAR#,
      cod_usuregis = #record.codUsuregis:VARCHAR#,
      fec_regis = #record.fecRegis:TIMESTAMP#,
      cod_usumodif = #record.codUsumodif:VARCHAR#,
      fec_modif = #record.fecModif:TIMESTAMP#,
      cod_usuproc = #record.codUsuproc:VARCHAR#,
      fec_proceso = #record.fecProceso:TIMESTAMP#
    <isParameterPresent >
      <include refid="t8334fichadatosh.ibatorgenerated_Example_Where_Clause" />
    </isParameterPresent>
  </update>
  <update id="ibatorgenerated_updateByPrimaryKeySelective" parameterClass="pe.gob.sunat.recurso2.humano.seleccion.model.beans.FichaHistorico" >
    <!--
      WARNING - This element is automatically generated by Apache iBATIS ibator, do not modify.
      This element was generated on Mon Feb 05 15:31:32 COT 2018.
    -->
    update t8334fichadatosh
    <dynamic prepend="set" >
      <isNotNull prepend="," property="codTipoDoc" >
        cod_tipo_doc = #codTipoDoc:CHAR#
      </isNotNull>
      <isNotNull prepend="," property="numDocId" >
        num_doc_id = #numDocId:VARCHAR#
      </isNotNull>
      <isNotNull prepend="," property="nomEmail" >
        nom_email = #nomEmail:VARCHAR#
      </isNotNull>
      <isNotNull prepend="," property="nomPostulante" >
        nom_postulante = #nomPostulante:VARCHAR#
      </isNotNull>
      <isNotNull prepend="," property="apePaterno" >
        ape_paterno = #apePaterno:VARCHAR#
      </isNotNull>
      <isNotNull prepend="," property="apeMaterno" >
        ape_materno = #apeMaterno:VARCHAR#
      </isNotNull>
      <isNotNull prepend="," property="fecNacimiento" >
        fec_nacimiento = #fecNacimiento:TIMESTAMP#
      </isNotNull>
      <isNotNull prepend="," property="codEstcivil" >
        cod_estcivil = #codEstcivil:CHAR#
      </isNotNull>
      <isNotNull prepend="," property="codUbigeonac" >
        cod_ubigeonac = #codUbigeonac:CHAR#
      </isNotNull>
      <isNotNull prepend="," property="codUbigeodom" >
        cod_ubigeodom = #codUbigeodom:CHAR#
      </isNotNull>
      <isNotNull prepend="," property="codTipzona" >
        cod_tipzona = #codTipzona:CHAR#
      </isNotNull>
      <isNotNull prepend="," property="nomZona" >
        nom_zona = #nomZona:VARCHAR#
      </isNotNull>
      <isNotNull prepend="," property="codTipvia" >
        cod_tipvia = #codTipvia:CHAR#
      </isNotNull>
      <isNotNull prepend="," property="nomVia" >
        nom_via = #nomVia:VARCHAR#
      </isNotNull>
      <isNotNull prepend="," property="numDom" >
        num_dom = #numDom:VARCHAR#
      </isNotNull>
      <isNotNull prepend="," property="numTelcasa" >
        num_telcasa = #numTelcasa:VARCHAR#
      </isNotNull>
      <isNotNull prepend="," property="numTelcelular" >
        num_telcelular = #numTelcelular:VARCHAR#
      </isNotNull>
      <isNotNull prepend="," property="indAnterior" >
        ind_anterior = #indAnterior:CHAR#
      </isNotNull>
      <isNotNull prepend="," property="numLicencia" >
        num_licencia = #numLicencia:VARCHAR#
      </isNotNull>
      <isNotNull prepend="," property="dirCarpetaarchivo" >
        dir_carpetaarchivo = #dirCarpetaarchivo:VARCHAR#
      </isNotNull>
      <isNotNull prepend="," property="mtoPretensionecon" >
        mto_pretensionecon = #mtoPretensionecon:DECIMAL#
      </isNotNull>
      <isNotNull prepend="," property="indSunatId" >
        ind_sunat_id = #indSunatId:CHAR#
      </isNotNull>
      <isNotNull prepend="," property="desFamilSunat" >
        des_famil_sunat = #desFamilSunat:VARCHAR#
      </isNotNull>
      <isNotNull prepend="," property="indSunat" >
        ind_sunat = #indSunat:CHAR#
      </isNotNull>
      <isNotNull prepend="," property="indDiscapacitado" >
        ind_discapacitado = #indDiscapacitado:CHAR#
      </isNotNull>
      <isNotNull prepend="," property="codExamen" >
        cod_examen = #codExamen:CHAR#
      </isNotNull>
      <isNotNull prepend="," property="codEstado" >
        cod_estado = #codEstado:CHAR#
      </isNotNull>
      <isNotNull prepend="," property="desDiscapacidad" >
        des_discapacidad = #desDiscapacidad:VARCHAR#
      </isNotNull>
      <isNotNull prepend="," property="indLabor" >
        ind_labor = #indLabor:CHAR#
      </isNotNull>
      <isNotNull prepend="," property="indSexo" >
        ind_sexo = #indSexo:CHAR#
      </isNotNull>
      <isNotNull prepend="," property="indSede1" >
        ind_sede1 = #indSede1:CHAR#
      </isNotNull>
      <isNotNull prepend="," property="indSede2" >
        ind_sede2 = #indSede2:CHAR#
      </isNotNull>
      <isNotNull prepend="," property="numRuc" >
        num_ruc = #numRuc:VARCHAR#
      </isNotNull>
      <isNotNull prepend="," property="codCatLicencia" >
        cod_cat_licencia = #codCatLicencia:CHAR#
      </isNotNull>
      <isNotNull prepend="," property="numColegiatura" >
        num_colegiatura = #numColegiatura:VARCHAR#
      </isNotNull>
      <isNotNull prepend="," property="indColegiatura" >
        ind_colegiatura = #indColegiatura:CHAR#
      </isNotNull>
      <isNotNull prepend="," property="codUsuregis" >
        cod_usuregis = #codUsuregis:VARCHAR#
      </isNotNull>
      <isNotNull prepend="," property="fecRegis" >
        fec_regis = #fecRegis:TIMESTAMP#
      </isNotNull>
      <isNotNull prepend="," property="codUsumodif" >
        cod_usumodif = #codUsumodif:VARCHAR#
      </isNotNull>
      <isNotNull prepend="," property="fecModif" >
        fec_modif = #fecModif:TIMESTAMP#
      </isNotNull>
      <isNotNull prepend="," property="codUsuproc" >
        cod_usuproc = #codUsuproc:VARCHAR#
      </isNotNull>
      <isNotNull prepend="," property="fecProceso" >
        fec_proceso = #fecProceso:TIMESTAMP#
      </isNotNull>
    </dynamic>
    where cod_cat = #codCat:SMALLINT#
      and cod_puesto = #codPuesto:CHAR#
      and num_postulante = #numPostulante:INTEGER#
  </update>
  <update id="ibatorgenerated_updateByPrimaryKey" parameterClass="pe.gob.sunat.recurso2.humano.seleccion.model.beans.FichaHistorico" >
    <!--
      WARNING - This element is automatically generated by Apache iBATIS ibator, do not modify.
      This element was generated on Mon Feb 05 15:31:32 COT 2018.
    -->
    update t8334fichadatosh
    set cod_tipo_doc = #codTipoDoc:CHAR#,
      num_doc_id = #numDocId:VARCHAR#,
      nom_email = #nomEmail:VARCHAR#,
      nom_postulante = #nomPostulante:VARCHAR#,
      ape_paterno = #apePaterno:VARCHAR#,
      ape_materno = #apeMaterno:VARCHAR#,
      fec_nacimiento = #fecNacimiento:TIMESTAMP#,
      cod_estcivil = #codEstcivil:CHAR#,
      cod_ubigeonac = #codUbigeonac:CHAR#,
      cod_ubigeodom = #codUbigeodom:CHAR#,
      cod_tipzona = #codTipzona:CHAR#,
      nom_zona = #nomZona:VARCHAR#,
      cod_tipvia = #codTipvia:CHAR#,
      nom_via = #nomVia:VARCHAR#,
      num_dom = #numDom:VARCHAR#,
      num_telcasa = #numTelcasa:VARCHAR#,
      num_telcelular = #numTelcelular:VARCHAR#,
      ind_anterior = #indAnterior:CHAR#,
      num_licencia = #numLicencia:VARCHAR#,
      dir_carpetaarchivo = #dirCarpetaarchivo:VARCHAR#,
      mto_pretensionecon = #mtoPretensionecon:DECIMAL#,
      ind_sunat_id = #indSunatId:CHAR#,
      des_famil_sunat = #desFamilSunat:VARCHAR#,
      ind_sunat = #indSunat:CHAR#,
      ind_discapacitado = #indDiscapacitado:CHAR#,
      cod_examen = #codExamen:CHAR#,
      cod_estado = #codEstado:CHAR#,
      des_discapacidad = #desDiscapacidad:VARCHAR#,
      ind_labor = #indLabor:CHAR#,
      ind_sexo = #indSexo:CHAR#,
      ind_sede1 = #indSede1:CHAR#,
      ind_sede2 = #indSede2:CHAR#,
      num_ruc = #numRuc:VARCHAR#,
      cod_cat_licencia = #codCatLicencia:CHAR#,
      num_colegiatura = #numColegiatura:VARCHAR#,
      ind_colegiatura = #indColegiatura:CHAR#,
      cod_usuregis = #codUsuregis:VARCHAR#,
      fec_regis = #fecRegis:TIMESTAMP#,
      cod_usumodif = #codUsumodif:VARCHAR#,
      fec_modif = #fecModif:TIMESTAMP#,
      cod_usuproc = #codUsuproc:VARCHAR#,
      fec_proceso = #fecProceso:TIMESTAMP#
    where cod_cat = #codCat:SMALLINT#
      and cod_puesto = #codPuesto:CHAR#
      and num_postulante = #numPostulante:INTEGER#
  </update>
 
  
  <resultMap id="BaseResultMapPostulantes" class="pe.gob.sunat.recurso2.humano.seleccion.model.beans.FichaHistorico" >
    <result column="cod_cat" property="codCat" jdbcType="SMALLINT" />
    <result column="cod_puesto" property="codPuesto" jdbcType="CHAR" />
    <result column="num_postulante" property="numPostulante" jdbcType="INTEGER" />
    <result column="t99descrip" property="descTipoDoc" jdbcType="VARCHAR" />
    <result column="num_doc_id" property="numDocId" jdbcType="VARCHAR" />
    <result column="nomPostulante" property="nomPostulante" jdbcType="VARCHAR" />
    <result column="desResultado" property="desResultado" jdbcType="VARCHAR" />
    <result column="desRevisor" property="desRevisor" jdbcType="VARCHAR" />
  </resultMap>
  
  <select id="listarPostulantesPorProceso" resultMap="BaseResultMapPostulantes" parameterClass="HashMap">
		SELECT a.cod_cat, a.cod_puesto, a.num_postulante, b.t99descrip,a.num_doc_id, 
			nvl(a.ape_paterno,'')||' '||nvl(a.ape_materno,'')||' '||nvl(a.nom_postulante,'') as nomPostulante,
			'PENDIENTE' as desResultado, '-' as desRevisor
		FROM t8334fichadatosh a left join t99codigos b on(a.cod_tipo_doc=b.t99codigo and b.t99cod_tab='079'),t9369detallefase c 
		WHERE a.cod_cat=#codCat# AND a.cod_puesto=#codPuesto#
			AND a.cod_cat=c.cod_cat AND a.num_postulante=c.num_postulante and c.cod_fase=#codFase# and c.cod_resultado='01' AND not exists(
		    	select * from t9369detallefase x
		    	where x.cod_cat=a.cod_cat and x.cod_fase='05' and x.num_postulante=c.num_postulante and x.num_version=c.num_version
			)
		UNION
		SELECT a.cod_cat, a.cod_puesto, a.num_postulante, b.t99descrip,a.num_doc_id, 
			nvl(a.ape_paterno,'')||' '||nvl(a.ape_materno,'')||' '||nvl(a.nom_postulante,'') as nomPostulante,
			case when c.cod_resultado='01' then 'APTO' when c.cod_resultado='00' then 'NO APTO' else 'PENDIENTE' end as desResultado,
			case when r.t02cod_pers is not null then trim(r.t02ap_pate)||' '||trim(r.t02ap_mate)||' '||trim(r.t02nombres) else '-' end as desRevisor
		FROM t8334fichadatosh a left join t99codigos b on(a.cod_tipo_doc=b.t99codigo and b.t99cod_tab='079'),
		t9369detallefase c left join t02perdp r on(r.t02cod_pers=c.cod_usumodif)
		WHERE a.cod_cat=#codCat# AND a.cod_puesto=#codPuesto# AND a.cod_cat=c.cod_cat AND a.num_postulante=c.num_postulante AND c.cod_fase='05' 
		ORDER BY 6
  </select>
  
  <select id="getCodigoUltimaFase" resultClass="java.lang.String" parameterClass="HashMap">
  		select first 1 cod_fase 
  		from t9368fase where cod_cat = #codCat# and ind_bloqueo = '1' 
  		order by fec_cierre desc
  </select>
  
  
</sqlMap>