<?xml version="1.0" encoding="UTF-8" ?>
<!DOCTYPE sqlMap PUBLIC "-//ibatis.apache.org//DTD SQL Map 2.0//EN" "http://ibatis.apache.org/dtd/sql-map-2.dtd" >
<sqlMap namespace="t8380arcpostula" >
  <resultMap id="BaseResultMap" class="pe.gob.sunat.recurso2.humano.seleccion.model.beans.ArchivoPostulacion" >
    <result column="num_arc_postula" property="numArcPostula" jdbcType="INTEGER" />
    <result column="nom_archivo" property="nomArchivo" jdbcType="CHAR" />
    <result column="num_tamano" property="numTamano" jdbcType="INTEGER" />
    <result column="ind_estado" property="indEstado" jdbcType="CHAR" />
    <result column="cod_usuregis" property="codUsuregis" jdbcType="VARCHAR" />
    <result column="fec_regis" property="fecRegis" jdbcType="TIMESTAMP" />
    <result column="cod_usumodif" property="codUsumodif" jdbcType="VARCHAR" />
    <result column="fec_modif" property="fecModif" jdbcType="TIMESTAMP" />
  </resultMap>
  <resultMap id="ResultMapWithBLOBs" class="pe.gob.sunat.recurso2.humano.seleccion.model.beans.ArchivoPostulacion" extends="t8380arcpostula.BaseResultMap" >
    <result column="arc_postula" property="arcPostula" jdbcType="BLOB" />
  </resultMap>
  <sql id="Example_Where_Clause" >
    <iterate property="oredCriteria" conjunction="or" prepend="where" removeFirstPrepend="iterate" >
      <isEqual property="oredCriteria[].valid" compareValue="true" >
        (
        <iterate prepend="and" property="oredCriteria[].criteriaWithoutValue" conjunction="and" >
          $oredCriteria[].criteriaWithoutValue[]$
        </iterate>
        <iterate prepend="and" property="oredCriteria[].criteriaWithSingleValue" conjunction="and" >
          $oredCriteria[].criteriaWithSingleValue[].condition$
            #oredCriteria[].criteriaWithSingleValue[].value#
        </iterate>
        <iterate prepend="and" property="oredCriteria[].criteriaWithListValue" conjunction="and" >
          $oredCriteria[].criteriaWithListValue[].condition$
          <iterate property="oredCriteria[].criteriaWithListValue[].values" open="(" close=")" conjunction="," >
            #oredCriteria[].criteriaWithListValue[].values[]#
          </iterate>
        </iterate>
        <iterate prepend="and" property="oredCriteria[].criteriaWithBetweenValue" conjunction="and" >
          $oredCriteria[].criteriaWithBetweenValue[].condition$
          #oredCriteria[].criteriaWithBetweenValue[].values[0]# and
          #oredCriteria[].criteriaWithBetweenValue[].values[1]#
        </iterate>
        )
      </isEqual>
    </iterate>
  </sql>
  <select id="selectByExampleWithBLOBs" resultMap="ResultMapWithBLOBs" parameterClass="pe.gob.sunat.recurso2.humano.seleccion.model.beans.ArchivoPostulacionExample" >
    select num_arc_postula, nom_archivo, num_tamano, ind_estado, cod_usuregis, fec_regis,
      cod_usumodif, fec_modif, arc_postula
    from t8380arcpostula
    <isParameterPresent >
      <include refid="t8380arcpostula.Example_Where_Clause" />
      <isNotNull property="orderByClause" >
        order by $orderByClause$
      </isNotNull>
    </isParameterPresent>
  </select>
  <select id="selectByExample" resultMap="BaseResultMap" parameterClass="pe.gob.sunat.recurso2.humano.seleccion.model.beans.ArchivoPostulacionExample" >
    select num_arc_postula, nom_archivo, num_tamano, ind_estado, cod_usuregis, fec_regis,
      cod_usumodif, fec_modif
    from t8380arcpostula
    <isParameterPresent >
      <include refid="t8380arcpostula.Example_Where_Clause" />
      <isNotNull property="orderByClause" >
        order by $orderByClause$
      </isNotNull>
    </isParameterPresent>
  </select>
  <select id="selectByPrimaryKey" resultMap="ResultMapWithBLOBs" parameterClass="pe.gob.sunat.recurso2.humano.seleccion.model.beans.ArchivoPostulacion" >
    select num_arc_postula, nom_archivo, num_tamano, ind_estado, cod_usuregis, fec_regis,
      cod_usumodif, fec_modif, arc_postula
    from t8380arcpostula
    where num_arc_postula = #numArcPostula:INTEGER#
  </select>
  <select id="selectByPrimaryKeyWithoutBLOBs" resultMap="BaseResultMap" parameterClass="pe.gob.sunat.recurso2.humano.seleccion.model.beans.ArchivoPostulacion" >
    select num_arc_postula, nom_archivo, num_tamano, ind_estado, cod_usuregis, fec_regis,
      cod_usumodif, fec_modif
    from t8380arcpostula
    where num_arc_postula = #numArcPostula:INTEGER#
  </select>
  <delete id="deleteByPrimaryKey" parameterClass="pe.gob.sunat.recurso2.humano.seleccion.model.beans.ArchivoPostulacion" >
    delete from t8380arcpostula
    where num_arc_postula = #numArcPostula:INTEGER#
  </delete>
  <delete id="deleteByExample" parameterClass="pe.gob.sunat.recurso2.humano.seleccion.model.beans.ArchivoPostulacionExample" >
    delete from t8380arcpostula
    <include refid="t8380arcpostula.Example_Where_Clause" />
  </delete>
  <insert id="insert" parameterClass="pe.gob.sunat.recurso2.humano.seleccion.model.beans.ArchivoPostulacion" >
    insert into t8380arcpostula (num_arc_postula, nom_archivo, num_tamano, ind_estado, cod_usuregis,
      fec_regis, cod_usumodif, fec_modif, arc_postula)
    values (#numArcPostula:INTEGER#, #nomArchivo:CHAR#, #numTamano:INTEGER#, #indEstado:CHAR#,
      #codUsuregis:VARCHAR#, #fecRegis:TIMESTAMP#, #codUsumodif:VARCHAR#, #fecModif:TIMESTAMP#,
      #arcPostula:BLOB#)
  </insert>
  
  <insert id="insertSelective" parameterClass="pe.gob.sunat.recurso2.humano.seleccion.model.beans.ArchivoPostulacion" >
    insert into t8380arcpostula
    <dynamic prepend="(" >
      <isNotNull prepend="," property="numArcPostula" >
        num_arc_postula
      </isNotNull>
      <isNotNull prepend="," property="nomArchivo" >
        nom_archivo
      </isNotNull>
      <isNotNull prepend="," property="numTamano" >
        num_tamano
      </isNotNull>
      <isNotNull prepend="," property="indEstado" >
        ind_estado
      </isNotNull>
      <isNotNull prepend="," property="codUsuregis" >
        cod_usuregis
      </isNotNull>
      <isNotNull prepend="," property="fecRegis" >
        fec_regis
      </isNotNull>
      <isNotNull prepend="," property="codUsumodif" >
        cod_usumodif
      </isNotNull>
      <isNotNull prepend="," property="fecModif" >
        fec_modif
      </isNotNull>
      <isNotNull prepend="," property="arcPostula" >
        arc_postula
      </isNotNull>
      )
    </dynamic>
    values
    <dynamic prepend="(" >
      <isNotNull prepend="," property="numArcPostula" >
        #numArcPostula:INTEGER#
      </isNotNull>
      <isNotNull prepend="," property="nomArchivo" >
        #nomArchivo:CHAR#
      </isNotNull>
      <isNotNull prepend="," property="numTamano" >
        #numTamano:INTEGER#
      </isNotNull>
      <isNotNull prepend="," property="indEstado" >
        #indEstado:CHAR#
      </isNotNull>
      <isNotNull prepend="," property="codUsuregis" >
        #codUsuregis:VARCHAR#
      </isNotNull>
      <isNotNull prepend="," property="fecRegis" >
        #fecRegis:TIMESTAMP#
      </isNotNull>
      <isNotNull prepend="," property="codUsumodif" >
        #codUsumodif:VARCHAR#
      </isNotNull>
      <isNotNull prepend="," property="fecModif" >
        #fecModif:TIMESTAMP#
      </isNotNull>
      <isNotNull prepend="," property="arcPostula" >
        #arcPostula:BLOB#
      </isNotNull>
      )
    </dynamic>
    <selectKey resultClass="int" keyProperty="numArcPostula">
      SELECT DISTINCT dbinfo('sqlca.sqlerrd1') FROM t8380arcpostula;
    </selectKey>
  </insert>
  
  <select id="countByExample" parameterClass="pe.gob.sunat.recurso2.humano.seleccion.model.beans.ArchivoPostulacionExample" resultClass="java.lang.Integer" >
    select count(*) from t8380arcpostula
    <include refid="t8380arcpostula.Example_Where_Clause" />
  </select>
  <update id="updateByExampleSelective" >
    update t8380arcpostula
    <dynamic prepend="set" >
      <isNotNull prepend="," property="record.numArcPostula" >
        num_arc_postula = #record.numArcPostula:INTEGER#
      </isNotNull>
      <isNotNull prepend="," property="record.nomArchivo" >
        nom_archivo = #record.nomArchivo:CHAR#
      </isNotNull>
      <isNotNull prepend="," property="record.numTamano" >
        num_tamano = #record.numTamano:INTEGER#
      </isNotNull>
      <isNotNull prepend="," property="record.indEstado" >
        ind_estado = #record.indEstado:CHAR#
      </isNotNull>
      <isNotNull prepend="," property="record.codUsuregis" >
        cod_usuregis = #record.codUsuregis:VARCHAR#
      </isNotNull>
      <isNotNull prepend="," property="record.fecRegis" >
        fec_regis = #record.fecRegis:TIMESTAMP#
      </isNotNull>
      <isNotNull prepend="," property="record.codUsumodif" >
        cod_usumodif = #record.codUsumodif:VARCHAR#
      </isNotNull>
      <isNotNull prepend="," property="record.fecModif" >
        fec_modif = #record.fecModif:TIMESTAMP#
      </isNotNull>
      <isNotNull prepend="," property="record.arcPostula" >
        arc_postula = #record.arcPostula:BLOB#
      </isNotNull>
    </dynamic>
    <isParameterPresent >
      <include refid="t8380arcpostula.Example_Where_Clause" />
    </isParameterPresent>
  </update>
  <update id="updateByExampleWithBLOBs" >
    update t8380arcpostula
    set num_arc_postula = #record.numArcPostula:INTEGER#,
      nom_archivo = #record.nomArchivo:CHAR#,
      num_tamano = #record.numTamano:INTEGER#,
      ind_estado = #record.indEstado:CHAR#,
      cod_usuregis = #record.codUsuregis:VARCHAR#,
      fec_regis = #record.fecRegis:TIMESTAMP#,
      cod_usumodif = #record.codUsumodif:VARCHAR#,
      fec_modif = #record.fecModif:TIMESTAMP#,
      arc_postula = #record.arcPostula:BLOB#
    <isParameterPresent >
      <include refid="t8380arcpostula.Example_Where_Clause" />
    </isParameterPresent>
  </update>
  <update id="updateByExample" >
    update t8380arcpostula
    set num_arc_postula = #record.numArcPostula:INTEGER#,
      nom_archivo = #record.nomArchivo:CHAR#,
      num_tamano = #record.numTamano:INTEGER#,
      ind_estado = #record.indEstado:CHAR#,
      cod_usuregis = #record.codUsuregis:VARCHAR#,
      fec_regis = #record.fecRegis:TIMESTAMP#,
      cod_usumodif = #record.codUsumodif:VARCHAR#,
      fec_modif = #record.fecModif:TIMESTAMP#
    <isParameterPresent >
      <include refid="t8380arcpostula.Example_Where_Clause" />
    </isParameterPresent>
  </update>
  <update id="updateByPrimaryKeySelective" parameterClass="pe.gob.sunat.recurso2.humano.seleccion.model.beans.ArchivoPostulacion" >
    update t8380arcpostula
    <dynamic prepend="set" >
      <isNotNull prepend="," property="nomArchivo" >
        nom_archivo = #nomArchivo:CHAR#
      </isNotNull>
      <isNotNull prepend="," property="numTamano" >
        num_tamano = #numTamano:INTEGER#
      </isNotNull>
      <isNotNull prepend="," property="indEstado" >
        ind_estado = #indEstado:CHAR#
      </isNotNull>
      <isNotNull prepend="," property="codUsuregis" >
        cod_usuregis = #codUsuregis:VARCHAR#
      </isNotNull>
      <isNotNull prepend="," property="fecRegis" >
        fec_regis = #fecRegis:TIMESTAMP#
      </isNotNull>
      <isNotNull prepend="," property="codUsumodif" >
        cod_usumodif = #codUsumodif:VARCHAR#
      </isNotNull>
      <isNotNull prepend="," property="fecModif" >
        fec_modif = #fecModif:TIMESTAMP#
      </isNotNull>
      <isNotNull prepend="," property="arcPostula" >
        arc_postula = #arcPostula:BLOB#
      </isNotNull>
    </dynamic>
    where num_arc_postula = #numArcPostula:INTEGER#
  </update>
  <update id="updateByPrimaryKeyWithBLOBs" parameterClass="pe.gob.sunat.recurso2.humano.seleccion.model.beans.ArchivoPostulacion" >
    update t8380arcpostula
    set nom_archivo = #nomArchivo:CHAR#,
      num_tamano = #numTamano:INTEGER#,
      ind_estado = #indEstado:CHAR#,
      cod_usuregis = #codUsuregis:VARCHAR#,
      fec_regis = #fecRegis:TIMESTAMP#,
      cod_usumodif = #codUsumodif:VARCHAR#,
      fec_modif = #fecModif:TIMESTAMP#,
      arc_postula = #arcPostula:BLOB#
    where num_arc_postula = #numArcPostula:INTEGER#
  </update>
  <update id="updateByPrimaryKey" parameterClass="pe.gob.sunat.recurso2.humano.seleccion.model.beans.ArchivoPostulacion" >
    update t8380arcpostula
    set nom_archivo = #nomArchivo:CHAR#,
      num_tamano = #numTamano:INTEGER#,
      ind_estado = #indEstado:CHAR#,
      cod_usuregis = #codUsuregis:VARCHAR#,
      fec_regis = #fecRegis:TIMESTAMP#,
      cod_usumodif = #codUsumodif:VARCHAR#,
      fec_modif = #fecModif:TIMESTAMP#
    where num_arc_postula = #numArcPostula:INTEGER#
  </update>
  
  	<update id="updateBlob" parameterClass="HashMap">
		UPDATE t8380arcpostula SET
			arc_postula = #arcPostula:blob# 
		WHERE 
			num_arc_postula=#numArcPostula#
	</update>
	
</sqlMap>