<?xml version="1.0" encoding="UTF-8" ?>
<!DOCTYPE sqlMap PUBLIC "-//ibatis.apache.org//DTD SQL Map 2.0//EN" "http://ibatis.apache.org/dtd/sql-map-2.dtd" >
<sqlMap namespace="t9368fase" >
  <resultMap id="ibatorgenerated_BaseResultMap" class="pe.gob.sunat.recurso2.humano.seleccion.model.beans.Fase" >
    <!--
      WARNING - This element is automatically generated by Apache iBATIS ibator, do not modify.
      This element was generated on Tue Apr 24 09:58:44 COT 2018.
    -->
    <result column="cod_cat" property="codCat" jdbcType="SMALLINT" />
    <result column="cod_fase" property="codFase" jdbcType="CHAR" />
    <result column="num_version" property="numVersion" jdbcType="SMALLINT" />
    <result column="des_fase" property="desFase" jdbcType="VARCHAR" />
    <result column="cod_orden" property="codOrden" jdbcType="SMALLINT" />
    <result column="fec_inicio" property="fecInicio" jdbcType="DATE" />
    <result column="fec_fin" property="fecFin" jdbcType="DATE" />
    <result column="ind_estado" property="indEstado" jdbcType="CHAR" />
    <result column="ind_obligatorio" property="indObligatorio" jdbcType="CHAR" />
    <result column="ind_bloqueo" property="indBloqueo" jdbcType="CHAR" />
    <result column="cod_usuregis" property="codUsuregis" jdbcType="VARCHAR" />
    <result column="fec_regis" property="fecRegis" jdbcType="TIMESTAMP" />
    <result column="cod_usumodif" property="codUsumodif" jdbcType="VARCHAR" />
    <result column="fec_modif" property="fecModif" jdbcType="TIMESTAMP" />
    <result column="fec_cierre" property="fecCierre" jdbcType="TIMESTAMP" />
    <result column="cod_usucierre" property="codUsucierre" jdbcType="VARCHAR" />
    <result column="fec_modifcierre" property="fecModifcierre" jdbcType="TIMESTAMP" />
    <result column="cod_usumodifcierre" property="codUsumodifcierre" jdbcType="VARCHAR" />
    <result column="ind_mostrar" property="indMostrar" jdbcType="CHAR" />
  </resultMap>
  <sql id="ibatorgenerated_Example_Where_Clause" >
    <!--
      WARNING - This element is automatically generated by Apache iBATIS ibator, do not modify.
      This element was generated on Tue Apr 24 09:58:44 COT 2018.
    -->
    <iterate property="oredCriteria" conjunction="or" prepend="where" removeFirstPrepend="iterate" >
      <isEqual property="oredCriteria[].valid" compareValue="true" >
        (
        <iterate prepend="and" property="oredCriteria[].criteriaWithoutValue" conjunction="and" >
          $oredCriteria[].criteriaWithoutValue[]$
        </iterate>
        <iterate prepend="and" property="oredCriteria[].criteriaWithSingleValue" conjunction="and" >
          $oredCriteria[].criteriaWithSingleValue[].condition$
            #oredCriteria[].criteriaWithSingleValue[].value#
        </iterate>
        <iterate prepend="and" property="oredCriteria[].criteriaWithListValue" conjunction="and" >
          $oredCriteria[].criteriaWithListValue[].condition$
          <iterate property="oredCriteria[].criteriaWithListValue[].values" open="(" close=")" conjunction="," >
            #oredCriteria[].criteriaWithListValue[].values[]#
          </iterate>
        </iterate>
        <iterate prepend="and" property="oredCriteria[].criteriaWithBetweenValue" conjunction="and" >
          $oredCriteria[].criteriaWithBetweenValue[].condition$
          #oredCriteria[].criteriaWithBetweenValue[].values[0]# and
          #oredCriteria[].criteriaWithBetweenValue[].values[1]#
        </iterate>
        )
      </isEqual>
    </iterate>
  </sql>
  <select id="ibatorgenerated_selectByExample" resultMap="ibatorgenerated_BaseResultMap" parameterClass="pe.gob.sunat.recurso2.humano.seleccion.model.beans.FaseExample" >
    <!--
      WARNING - This element is automatically generated by Apache iBATIS ibator, do not modify.
      This element was generated on Tue Apr 24 09:58:44 COT 2018.
    -->
    select cod_cat, cod_fase, num_version, des_fase, cod_orden, fec_inicio, fec_fin, ind_estado,
      ind_obligatorio, ind_bloqueo, cod_usuregis, fec_regis, cod_usumodif, fec_modif, fec_cierre,
      cod_usucierre, fec_modifcierre, cod_usumodifcierre, ind_mostrar
    from t9368fase
    <isParameterPresent >
      <include refid="t9368fase.ibatorgenerated_Example_Where_Clause" />
      <isNotNull property="orderByClause" >
        order by $orderByClause$
      </isNotNull>
    </isParameterPresent>
  </select>
  <select id="ibatorgenerated_selectByPrimaryKey" resultMap="ibatorgenerated_BaseResultMap" parameterClass="pe.gob.sunat.recurso2.humano.seleccion.model.beans.FaseKey" >
    <!--
      WARNING - This element is automatically generated by Apache iBATIS ibator, do not modify.
      This element was generated on Tue Apr 24 09:58:44 COT 2018.
    -->
    select cod_cat, cod_fase, num_version, des_fase, cod_orden, fec_inicio, fec_fin, ind_estado,
      ind_obligatorio, ind_bloqueo, cod_usuregis, fec_regis, cod_usumodif, fec_modif, fec_cierre,
      cod_usucierre, fec_modifcierre, cod_usumodifcierre, ind_mostrar
    from t9368fase
    where cod_cat = #codCat:SMALLINT#
      and cod_fase = #codFase:CHAR#
      and num_version = #numVersion:SMALLINT#
  </select>
  <delete id="ibatorgenerated_deleteByPrimaryKey" parameterClass="pe.gob.sunat.recurso2.humano.seleccion.model.beans.FaseKey" >
    <!--
      WARNING - This element is automatically generated by Apache iBATIS ibator, do not modify.
      This element was generated on Tue Apr 24 09:58:44 COT 2018.
    -->
    delete from t9368fase
    where cod_cat = #codCat:SMALLINT#
      and cod_fase = #codFase:CHAR#
      and num_version = #numVersion:SMALLINT#
  </delete>
  <delete id="ibatorgenerated_deleteByExample" parameterClass="pe.gob.sunat.recurso2.humano.seleccion.model.beans.FaseExample" >
    <!--
      WARNING - This element is automatically generated by Apache iBATIS ibator, do not modify.
      This element was generated on Tue Apr 24 09:58:44 COT 2018.
    -->
    delete from t9368fase
    <include refid="t9368fase.ibatorgenerated_Example_Where_Clause" />
  </delete>
  <insert id="ibatorgenerated_insert" parameterClass="pe.gob.sunat.recurso2.humano.seleccion.model.beans.Fase" >
    <!--
      WARNING - This element is automatically generated by Apache iBATIS ibator, do not modify.
      This element was generated on Tue Apr 24 09:58:44 COT 2018.
    -->
    insert into t9368fase (cod_cat, cod_fase, num_version, des_fase, cod_orden, fec_inicio, fec_fin,
      ind_estado, ind_obligatorio, ind_bloqueo, cod_usuregis, fec_regis, cod_usumodif, fec_modif,
      fec_cierre, cod_usucierre, fec_modifcierre, cod_usumodifcierre, ind_mostrar)
    values (#codCat:SMALLINT#, #codFase:CHAR#, #numVersion:SMALLINT#, #desFase:VARCHAR#,
      #codOrden:SMALLINT#, #fecInicio:DATE#, #fecFin:DATE#, #indEstado:CHAR#, #indObligatorio:CHAR#,
      #indBloqueo:CHAR#, #codUsuregis:VARCHAR#, #fecRegis:TIMESTAMP#, #codUsumodif:VARCHAR#,
      #fecModif:TIMESTAMP#, #fecCierre:TIMESTAMP#, #codUsucierre:VARCHAR#,
      #fecModifcierre:TIMESTAMP#, #codUsumodifcierre:VARCHAR#, #indMostrar:CHAR#)
  </insert>
  <insert id="ibatorgenerated_insertSelective" parameterClass="pe.gob.sunat.recurso2.humano.seleccion.model.beans.Fase" >
    <!--
      WARNING - This element is automatically generated by Apache iBATIS ibator, do not modify.
      This element was generated on Tue Apr 24 09:58:44 COT 2018.
    -->
    insert into t9368fase
    <dynamic prepend="(" >
      <isNotNull prepend="," property="codCat" >
        cod_cat
      </isNotNull>
      <isNotNull prepend="," property="codFase" >
        cod_fase
      </isNotNull>
      <isNotNull prepend="," property="numVersion" >
        num_version
      </isNotNull>
      <isNotNull prepend="," property="desFase" >
        des_fase
      </isNotNull>
      <isNotNull prepend="," property="codOrden" >
        cod_orden
      </isNotNull>
      <isNotNull prepend="," property="fecInicio" >
        fec_inicio
      </isNotNull>
      <isNotNull prepend="," property="fecFin" >
        fec_fin
      </isNotNull>
      <isNotNull prepend="," property="indEstado" >
        ind_estado
      </isNotNull>
      <isNotNull prepend="," property="indObligatorio" >
        ind_obligatorio
      </isNotNull>
      <isNotNull prepend="," property="indBloqueo" >
        ind_bloqueo
      </isNotNull>
      <isNotNull prepend="," property="codUsuregis" >
        cod_usuregis
      </isNotNull>
      <isNotNull prepend="," property="fecRegis" >
        fec_regis
      </isNotNull>
      <isNotNull prepend="," property="codUsumodif" >
        cod_usumodif
      </isNotNull>
      <isNotNull prepend="," property="fecModif" >
        fec_modif
      </isNotNull>
      <isNotNull prepend="," property="fecCierre" >
        fec_cierre
      </isNotNull>
      <isNotNull prepend="," property="codUsucierre" >
        cod_usucierre
      </isNotNull>
      <isNotNull prepend="," property="fecModifcierre" >
        fec_modifcierre
      </isNotNull>
      <isNotNull prepend="," property="codUsumodifcierre" >
        cod_usumodifcierre
      </isNotNull>
      <isNotNull prepend="," property="indMostrar" >
        ind_mostrar
      </isNotNull>
      )
    </dynamic>
    values
    <dynamic prepend="(" >
      <isNotNull prepend="," property="codCat" >
        #codCat:SMALLINT#
      </isNotNull>
      <isNotNull prepend="," property="codFase" >
        #codFase:CHAR#
      </isNotNull>
      <isNotNull prepend="," property="numVersion" >
        #numVersion:SMALLINT#
      </isNotNull>
      <isNotNull prepend="," property="desFase" >
        #desFase:VARCHAR#
      </isNotNull>
      <isNotNull prepend="," property="codOrden" >
        #codOrden:SMALLINT#
      </isNotNull>
      <isNotNull prepend="," property="fecInicio" >
        #fecInicio:DATE#
      </isNotNull>
      <isNotNull prepend="," property="fecFin" >
        #fecFin:DATE#
      </isNotNull>
      <isNotNull prepend="," property="indEstado" >
        #indEstado:CHAR#
      </isNotNull>
      <isNotNull prepend="," property="indObligatorio" >
        #indObligatorio:CHAR#
      </isNotNull>
      <isNotNull prepend="," property="indBloqueo" >
        #indBloqueo:CHAR#
      </isNotNull>
      <isNotNull prepend="," property="codUsuregis" >
        #codUsuregis:VARCHAR#
      </isNotNull>
      <isNotNull prepend="," property="fecRegis" >
        #fecRegis:TIMESTAMP#
      </isNotNull>
      <isNotNull prepend="," property="codUsumodif" >
        #codUsumodif:VARCHAR#
      </isNotNull>
      <isNotNull prepend="," property="fecModif" >
        #fecModif:TIMESTAMP#
      </isNotNull>
      <isNotNull prepend="," property="fecCierre" >
        #fecCierre:TIMESTAMP#
      </isNotNull>
      <isNotNull prepend="," property="codUsucierre" >
        #codUsucierre:VARCHAR#
      </isNotNull>
      <isNotNull prepend="," property="fecModifcierre" >
        #fecModifcierre:TIMESTAMP#
      </isNotNull>
      <isNotNull prepend="," property="codUsumodifcierre" >
        #codUsumodifcierre:VARCHAR#
      </isNotNull>
      <isNotNull prepend="," property="indMostrar" >
        #indMostrar:CHAR#
      </isNotNull>
      )
    </dynamic>
  </insert>
  <select id="ibatorgenerated_countByExample" parameterClass="pe.gob.sunat.recurso2.humano.seleccion.model.beans.FaseExample" resultClass="java.lang.Integer" >
    <!--
      WARNING - This element is automatically generated by Apache iBATIS ibator, do not modify.
      This element was generated on Tue Apr 24 09:58:44 COT 2018.
    -->
    select count(*) from t9368fase
    <include refid="t9368fase.ibatorgenerated_Example_Where_Clause" />
  </select>
  <update id="ibatorgenerated_updateByExampleSelective" >
    <!--
      WARNING - This element is automatically generated by Apache iBATIS ibator, do not modify.
      This element was generated on Tue Apr 24 09:58:44 COT 2018.
    -->
    update t9368fase
    <dynamic prepend="set" >
      <isNotNull prepend="," property="record.codCat" >
        cod_cat = #record.codCat:SMALLINT#
      </isNotNull>
      <isNotNull prepend="," property="record.codFase" >
        cod_fase = #record.codFase:CHAR#
      </isNotNull>
      <isNotNull prepend="," property="record.numVersion" >
        num_version = #record.numVersion:SMALLINT#
      </isNotNull>
      <isNotNull prepend="," property="record.desFase" >
        des_fase = #record.desFase:VARCHAR#
      </isNotNull>
      <isNotNull prepend="," property="record.codOrden" >
        cod_orden = #record.codOrden:SMALLINT#
      </isNotNull>
      <isNotNull prepend="," property="record.fecInicio" >
        fec_inicio = #record.fecInicio:DATE#
      </isNotNull>
      <isNotNull prepend="," property="record.fecFin" >
        fec_fin = #record.fecFin:DATE#
      </isNotNull>
      <isNotNull prepend="," property="record.indEstado" >
        ind_estado = #record.indEstado:CHAR#
      </isNotNull>
      <isNotNull prepend="," property="record.indObligatorio" >
        ind_obligatorio = #record.indObligatorio:CHAR#
      </isNotNull>
      <isNotNull prepend="," property="record.indBloqueo" >
        ind_bloqueo = #record.indBloqueo:CHAR#
      </isNotNull>
      <isNotNull prepend="," property="record.codUsuregis" >
        cod_usuregis = #record.codUsuregis:VARCHAR#
      </isNotNull>
      <isNotNull prepend="," property="record.fecRegis" >
        fec_regis = #record.fecRegis:TIMESTAMP#
      </isNotNull>
      <isNotNull prepend="," property="record.codUsumodif" >
        cod_usumodif = #record.codUsumodif:VARCHAR#
      </isNotNull>
      <isNotNull prepend="," property="record.fecModif" >
        fec_modif = #record.fecModif:TIMESTAMP#
      </isNotNull>
      <isNotNull prepend="," property="record.fecCierre" >
        fec_cierre = #record.fecCierre:TIMESTAMP#
      </isNotNull>
      <isNotNull prepend="," property="record.codUsucierre" >
        cod_usucierre = #record.codUsucierre:VARCHAR#
      </isNotNull>
      <isNotNull prepend="," property="record.fecModifcierre" >
        fec_modifcierre = #record.fecModifcierre:TIMESTAMP#
      </isNotNull>
      <isNotNull prepend="," property="record.codUsumodifcierre" >
        cod_usumodifcierre = #record.codUsumodifcierre:VARCHAR#
      </isNotNull>
      <isNotNull prepend="," property="record.indMostrar" >
        ind_mostrar = #record.indMostrar:CHAR#
      </isNotNull>
    </dynamic>
    <isParameterPresent >
      <include refid="t9368fase.ibatorgenerated_Example_Where_Clause" />
    </isParameterPresent>
  </update>
  <update id="ibatorgenerated_updateByExample" >
    <!--
      WARNING - This element is automatically generated by Apache iBATIS ibator, do not modify.
      This element was generated on Tue Apr 24 09:58:44 COT 2018.
    -->
    update t9368fase
    set cod_cat = #record.codCat:SMALLINT#,
      cod_fase = #record.codFase:CHAR#,
      num_version = #record.numVersion:SMALLINT#,
      des_fase = #record.desFase:VARCHAR#,
      cod_orden = #record.codOrden:SMALLINT#,
      fec_inicio = #record.fecInicio:DATE#,
      fec_fin = #record.fecFin:DATE#,
      ind_estado = #record.indEstado:CHAR#,
      ind_obligatorio = #record.indObligatorio:CHAR#,
      ind_bloqueo = #record.indBloqueo:CHAR#,
      cod_usuregis = #record.codUsuregis:VARCHAR#,
      fec_regis = #record.fecRegis:TIMESTAMP#,
      cod_usumodif = #record.codUsumodif:VARCHAR#,
      fec_modif = #record.fecModif:TIMESTAMP#,
      fec_cierre = #record.fecCierre:TIMESTAMP#,
      cod_usucierre = #record.codUsucierre:VARCHAR#,
      fec_modifcierre = #record.fecModifcierre:TIMESTAMP#,
      cod_usumodifcierre = #record.codUsumodifcierre:VARCHAR#,
      ind_mostrar = #record.indMostrar:CHAR#
    <isParameterPresent >
      <include refid="t9368fase.ibatorgenerated_Example_Where_Clause" />
    </isParameterPresent>
  </update>
  <update id="ibatorgenerated_updateByPrimaryKeySelective" parameterClass="pe.gob.sunat.recurso2.humano.seleccion.model.beans.Fase" >
    <!--
      WARNING - This element is automatically generated by Apache iBATIS ibator, do not modify.
      This element was generated on Tue Apr 24 09:58:44 COT 2018.
    -->
    update t9368fase
    <dynamic prepend="set" >
      <isNotNull prepend="," property="desFase" >
        des_fase = #desFase:VARCHAR#
      </isNotNull>
      <isNotNull prepend="," property="codOrden" >
        cod_orden = #codOrden:SMALLINT#
      </isNotNull>
      <isNotNull prepend="," property="fecInicio" >
        fec_inicio = #fecInicio:DATE#
      </isNotNull>
      <isNotNull prepend="," property="fecFin" >
        fec_fin = #fecFin:DATE#
      </isNotNull>
      <isNotNull prepend="," property="indEstado" >
        ind_estado = #indEstado:CHAR#
      </isNotNull>
      <isNotNull prepend="," property="indObligatorio" >
        ind_obligatorio = #indObligatorio:CHAR#
      </isNotNull>
      <isNotNull prepend="," property="indBloqueo" >
        ind_bloqueo = #indBloqueo:CHAR#
      </isNotNull>
      <isNotNull prepend="," property="codUsuregis" >
        cod_usuregis = #codUsuregis:VARCHAR#
      </isNotNull>
      <isNotNull prepend="," property="fecRegis" >
        fec_regis = #fecRegis:TIMESTAMP#
      </isNotNull>
      <isNotNull prepend="," property="codUsumodif" >
        cod_usumodif = #codUsumodif:VARCHAR#
      </isNotNull>
      <isNotNull prepend="," property="fecModif" >
        fec_modif = #fecModif:TIMESTAMP#
      </isNotNull>
      <isNotNull prepend="," property="fecCierre" >
        fec_cierre = #fecCierre:TIMESTAMP#
      </isNotNull>
      <isNotNull prepend="," property="codUsucierre" >
        cod_usucierre = #codUsucierre:VARCHAR#
      </isNotNull>
      <isNotNull prepend="," property="fecModifcierre" >
        fec_modifcierre = #fecModifcierre:TIMESTAMP#
      </isNotNull>
      <isNotNull prepend="," property="codUsumodifcierre" >
        cod_usumodifcierre = #codUsumodifcierre:VARCHAR#
      </isNotNull>
      <isNotNull prepend="," property="indMostrar" >
        ind_mostrar = #indMostrar:CHAR#
      </isNotNull>
    </dynamic>
    where cod_cat = #codCat:SMALLINT#
      and cod_fase = #codFase:CHAR#
      and num_version = #numVersion:SMALLINT#
  </update>
  <update id="ibatorgenerated_updateByPrimaryKey" parameterClass="pe.gob.sunat.recurso2.humano.seleccion.model.beans.Fase" >
    <!--
      WARNING - This element is automatically generated by Apache iBATIS ibator, do not modify.
      This element was generated on Tue Apr 24 09:58:44 COT 2018.
    -->
    update t9368fase
    set des_fase = #desFase:VARCHAR#,
      cod_orden = #codOrden:SMALLINT#,
      fec_inicio = #fecInicio:DATE#,
      fec_fin = #fecFin:DATE#,
      ind_estado = #indEstado:CHAR#,
      ind_obligatorio = #indObligatorio:CHAR#,
      ind_bloqueo = #indBloqueo:CHAR#,
      cod_usuregis = #codUsuregis:VARCHAR#,
      fec_regis = #fecRegis:TIMESTAMP#,
      cod_usumodif = #codUsumodif:VARCHAR#,
      fec_modif = #fecModif:TIMESTAMP#,
      fec_cierre = #fecCierre:TIMESTAMP#,
      cod_usucierre = #codUsucierre:VARCHAR#,
      fec_modifcierre = #fecModifcierre:TIMESTAMP#,
      cod_usumodifcierre = #codUsumodifcierre:VARCHAR#,
      ind_mostrar = #indMostrar:CHAR#
    where cod_cat = #codCat:SMALLINT#
      and cod_fase = #codFase:CHAR#
      and num_version = #numVersion:SMALLINT#
  </update>
</sqlMap>