<?xml version="1.0" encoding="UTF-8" ?>
<!DOCTYPE sqlMap PUBLIC "-//ibatis.apache.org//DTD SQL Map 2.0//EN" "http://ibatis.apache.org/dtd/sql-map-2.dtd" >
<sqlMap namespace="t9369detallefase" >
  <resultMap id="ibatorgenerated_BaseResultMap" class="pe.gob.sunat.recurso2.humano.seleccion.model.beans.DetalleFase" >
    <!--
      WARNING - This element is automatically generated by Apache iBATIS ibator, do not modify.
      This element was generated on Tue Apr 24 09:58:44 COT 2018.
    -->
    <result column="cod_cat" property="codCat" jdbcType="SMALLINT" />
    <result column="cod_fase" property="codFase" jdbcType="CHAR" />
    <result column="num_postulante" property="numPostulante" jdbcType="INTEGER" />
    <result column="num_version" property="numVersion" jdbcType="SMALLINT" />
    <result column="cod_resultado" property="codResultado" jdbcType="CHAR" />
    <result column="val_resultado" property="valResultado" jdbcType="DECIMAL" />
    <result column="ind_del" property="indDel" jdbcType="CHAR" />
    <result column="cod_usuregis" property="codUsuregis" jdbcType="VARCHAR" />
    <result column="fec_regis" property="fecRegis" jdbcType="TIMESTAMP" />
    <result column="cod_usumodif" property="codUsumodif" jdbcType="VARCHAR" />
    <result column="fec_modif" property="fecModif" jdbcType="TIMESTAMP" />
    <result column="cod_uuoo_destino" property="codUuooDestino" jdbcType="VARCHAR" />
  </resultMap>
  <sql id="ibatorgenerated_Example_Where_Clause" >
    <!--
      WARNING - This element is automatically generated by Apache iBATIS ibator, do not modify.
      This element was generated on Tue Apr 24 09:58:44 COT 2018.
    -->
    <iterate property="oredCriteria" conjunction="or" prepend="where" removeFirstPrepend="iterate" >
      <isEqual property="oredCriteria[].valid" compareValue="true" >
        (
        <iterate prepend="and" property="oredCriteria[].criteriaWithoutValue" conjunction="and" >
          $oredCriteria[].criteriaWithoutValue[]$
        </iterate>
        <iterate prepend="and" property="oredCriteria[].criteriaWithSingleValue" conjunction="and" >
          $oredCriteria[].criteriaWithSingleValue[].condition$
            #oredCriteria[].criteriaWithSingleValue[].value#
        </iterate>
        <iterate prepend="and" property="oredCriteria[].criteriaWithListValue" conjunction="and" >
          $oredCriteria[].criteriaWithListValue[].condition$
          <iterate property="oredCriteria[].criteriaWithListValue[].values" open="(" close=")" conjunction="," >
            #oredCriteria[].criteriaWithListValue[].values[]#
          </iterate>
        </iterate>
        <iterate prepend="and" property="oredCriteria[].criteriaWithBetweenValue" conjunction="and" >
          $oredCriteria[].criteriaWithBetweenValue[].condition$
          #oredCriteria[].criteriaWithBetweenValue[].values[0]# and
          #oredCriteria[].criteriaWithBetweenValue[].values[1]#
        </iterate>
        )
      </isEqual>
    </iterate>
  </sql>
  <select id="ibatorgenerated_selectByExample" resultMap="ibatorgenerated_BaseResultMap" parameterClass="pe.gob.sunat.recurso2.humano.seleccion.model.beans.DetalleFaseExample" >
    <!--
      WARNING - This element is automatically generated by Apache iBATIS ibator, do not modify.
      This element was generated on Tue Apr 24 09:58:44 COT 2018.
    -->
    select cod_cat, cod_fase, num_postulante, num_version, cod_resultado, val_resultado, ind_del,
      cod_usuregis, fec_regis, cod_usumodif, fec_modif, cod_uuoo_destino
    from t9369detallefase
    <isParameterPresent >
      <include refid="t9369detallefase.ibatorgenerated_Example_Where_Clause" />
      <isNotNull property="orderByClause" >
        order by $orderByClause$
      </isNotNull>
    </isParameterPresent>
  </select>
  <select id="ibatorgenerated_selectByPrimaryKey" resultMap="ibatorgenerated_BaseResultMap" parameterClass="pe.gob.sunat.recurso2.humano.seleccion.model.beans.DetalleFaseKey" >
    <!--
      WARNING - This element is automatically generated by Apache iBATIS ibator, do not modify.
      This element was generated on Tue Apr 24 09:58:44 COT 2018.
    -->
    select cod_cat, cod_fase, num_postulante, num_version, cod_resultado, val_resultado, ind_del,
      cod_usuregis, fec_regis, cod_usumodif, fec_modif, cod_uuoo_destino
    from t9369detallefase
    where cod_cat = #codCat:SMALLINT#
      and cod_fase = #codFase:CHAR#
      and num_postulante = #numPostulante:INTEGER#
      and num_version = #numVersion:SMALLINT#
  </select>
  <delete id="ibatorgenerated_deleteByPrimaryKey" parameterClass="pe.gob.sunat.recurso2.humano.seleccion.model.beans.DetalleFaseKey" >
    <!--
      WARNING - This element is automatically generated by Apache iBATIS ibator, do not modify.
      This element was generated on Tue Apr 24 09:58:44 COT 2018.
    -->
    delete from t9369detallefase
    where cod_cat = #codCat:SMALLINT#
      and cod_fase = #codFase:CHAR#
      and num_postulante = #numPostulante:INTEGER#
      and num_version = #numVersion:SMALLINT#
  </delete>
  <delete id="ibatorgenerated_deleteByExample" parameterClass="pe.gob.sunat.recurso2.humano.seleccion.model.beans.DetalleFaseExample" >
    <!--
      WARNING - This element is automatically generated by Apache iBATIS ibator, do not modify.
      This element was generated on Tue Apr 24 09:58:44 COT 2018.
    -->
    delete from t9369detallefase
    <include refid="t9369detallefase.ibatorgenerated_Example_Where_Clause" />
  </delete>
  <insert id="ibatorgenerated_insert" parameterClass="pe.gob.sunat.recurso2.humano.seleccion.model.beans.DetalleFase" >
    <!--
      WARNING - This element is automatically generated by Apache iBATIS ibator, do not modify.
      This element was generated on Tue Apr 24 09:58:44 COT 2018.
    -->
    insert into t9369detallefase (cod_cat, cod_fase, num_postulante, num_version, cod_resultado,
      val_resultado, ind_del, cod_usuregis, fec_regis, cod_usumodif, fec_modif, cod_uuoo_destino)
    values (#codCat:SMALLINT#, #codFase:CHAR#, #numPostulante:INTEGER#, #numVersion:SMALLINT#,
      #codResultado:CHAR#, #valResultado:DECIMAL#, #indDel:CHAR#, #codUsuregis:VARCHAR#,
      #fecRegis:TIMESTAMP#, #codUsumodif:VARCHAR#, #fecModif:TIMESTAMP#, #codUuooDestino:VARCHAR#)
  </insert>
  <insert id="ibatorgenerated_insertSelective" parameterClass="pe.gob.sunat.recurso2.humano.seleccion.model.beans.DetalleFase" >
    <!--
      WARNING - This element is automatically generated by Apache iBATIS ibator, do not modify.
      This element was generated on Tue Apr 24 09:58:44 COT 2018.
    -->
    insert into t9369detallefase
    <dynamic prepend="(" >
      <isNotNull prepend="," property="codCat" >
        cod_cat
      </isNotNull>
      <isNotNull prepend="," property="codFase" >
        cod_fase
      </isNotNull>
      <isNotNull prepend="," property="numPostulante" >
        num_postulante
      </isNotNull>
      <isNotNull prepend="," property="numVersion" >
        num_version
      </isNotNull>
      <isNotNull prepend="," property="codResultado" >
        cod_resultado
      </isNotNull>
      <isNotNull prepend="," property="valResultado" >
        val_resultado
      </isNotNull>
      <isNotNull prepend="," property="indDel" >
        ind_del
      </isNotNull>
      <isNotNull prepend="," property="codUsuregis" >
        cod_usuregis
      </isNotNull>
      <isNotNull prepend="," property="fecRegis" >
        fec_regis
      </isNotNull>
      <isNotNull prepend="," property="codUsumodif" >
        cod_usumodif
      </isNotNull>
      <isNotNull prepend="," property="fecModif" >
        fec_modif
      </isNotNull>
      <isNotNull prepend="," property="codUuooDestino" >
        cod_uuoo_destino
      </isNotNull>
      )
    </dynamic>
    values
    <dynamic prepend="(" >
      <isNotNull prepend="," property="codCat" >
        #codCat:SMALLINT#
      </isNotNull>
      <isNotNull prepend="," property="codFase" >
        #codFase:CHAR#
      </isNotNull>
      <isNotNull prepend="," property="numPostulante" >
        #numPostulante:INTEGER#
      </isNotNull>
      <isNotNull prepend="," property="numVersion" >
        #numVersion:SMALLINT#
      </isNotNull>
      <isNotNull prepend="," property="codResultado" >
        #codResultado:CHAR#
      </isNotNull>
      <isNotNull prepend="," property="valResultado" >
        #valResultado:DECIMAL#
      </isNotNull>
      <isNotNull prepend="," property="indDel" >
        #indDel:CHAR#
      </isNotNull>
      <isNotNull prepend="," property="codUsuregis" >
        #codUsuregis:VARCHAR#
      </isNotNull>
      <isNotNull prepend="," property="fecRegis" >
        #fecRegis:TIMESTAMP#
      </isNotNull>
      <isNotNull prepend="," property="codUsumodif" >
        #codUsumodif:VARCHAR#
      </isNotNull>
      <isNotNull prepend="," property="fecModif" >
        #fecModif:TIMESTAMP#
      </isNotNull>
      <isNotNull prepend="," property="codUuooDestino" >
        #codUuooDestino:VARCHAR#
      </isNotNull>
      )
    </dynamic>
  </insert>
  <select id="ibatorgenerated_countByExample" parameterClass="pe.gob.sunat.recurso2.humano.seleccion.model.beans.DetalleFaseExample" resultClass="java.lang.Integer" >
    <!--
      WARNING - This element is automatically generated by Apache iBATIS ibator, do not modify.
      This element was generated on Tue Apr 24 09:58:44 COT 2018.
    -->
    select count(*) from t9369detallefase
    <include refid="t9369detallefase.ibatorgenerated_Example_Where_Clause" />
  </select>
  <update id="ibatorgenerated_updateByExampleSelective" >
    <!--
      WARNING - This element is automatically generated by Apache iBATIS ibator, do not modify.
      This element was generated on Tue Apr 24 09:58:44 COT 2018.
    -->
    update t9369detallefase
    <dynamic prepend="set" >
      <isNotNull prepend="," property="record.codCat" >
        cod_cat = #record.codCat:SMALLINT#
      </isNotNull>
      <isNotNull prepend="," property="record.codFase" >
        cod_fase = #record.codFase:CHAR#
      </isNotNull>
      <isNotNull prepend="," property="record.numPostulante" >
        num_postulante = #record.numPostulante:INTEGER#
      </isNotNull>
      <isNotNull prepend="," property="record.numVersion" >
        num_version = #record.numVersion:SMALLINT#
      </isNotNull>
      <isNotNull prepend="," property="record.codResultado" >
        cod_resultado = #record.codResultado:CHAR#
      </isNotNull>
      <isNotNull prepend="," property="record.valResultado" >
        val_resultado = #record.valResultado:DECIMAL#
      </isNotNull>
      <isNotNull prepend="," property="record.indDel" >
        ind_del = #record.indDel:CHAR#
      </isNotNull>
      <isNotNull prepend="," property="record.codUsuregis" >
        cod_usuregis = #record.codUsuregis:VARCHAR#
      </isNotNull>
      <isNotNull prepend="," property="record.fecRegis" >
        fec_regis = #record.fecRegis:TIMESTAMP#
      </isNotNull>
      <isNotNull prepend="," property="record.codUsumodif" >
        cod_usumodif = #record.codUsumodif:VARCHAR#
      </isNotNull>
      <isNotNull prepend="," property="record.fecModif" >
        fec_modif = #record.fecModif:TIMESTAMP#
      </isNotNull>
      <isNotNull prepend="," property="record.codUuooDestino" >
        cod_uuoo_destino = #record.codUuooDestino:VARCHAR#
      </isNotNull>
    </dynamic>
    <isParameterPresent >
      <include refid="t9369detallefase.ibatorgenerated_Example_Where_Clause" />
    </isParameterPresent>
  </update>
  <update id="ibatorgenerated_updateByExample" >
    <!--
      WARNING - This element is automatically generated by Apache iBATIS ibator, do not modify.
      This element was generated on Tue Apr 24 09:58:44 COT 2018.
    -->
    update t9369detallefase
    set cod_cat = #record.codCat:SMALLINT#,
      cod_fase = #record.codFase:CHAR#,
      num_postulante = #record.numPostulante:INTEGER#,
      num_version = #record.numVersion:SMALLINT#,
      cod_resultado = #record.codResultado:CHAR#,
      val_resultado = #record.valResultado:DECIMAL#,
      ind_del = #record.indDel:CHAR#,
      cod_usuregis = #record.codUsuregis:VARCHAR#,
      fec_regis = #record.fecRegis:TIMESTAMP#,
      cod_usumodif = #record.codUsumodif:VARCHAR#,
      fec_modif = #record.fecModif:TIMESTAMP#,
      cod_uuoo_destino = #record.codUuooDestino:VARCHAR#
    <isParameterPresent >
      <include refid="t9369detallefase.ibatorgenerated_Example_Where_Clause" />
    </isParameterPresent>
  </update>
  <update id="ibatorgenerated_updateByPrimaryKeySelective" parameterClass="pe.gob.sunat.recurso2.humano.seleccion.model.beans.DetalleFase" >
    <!--
      WARNING - This element is automatically generated by Apache iBATIS ibator, do not modify.
      This element was generated on Tue Apr 24 09:58:44 COT 2018.
    -->
    update t9369detallefase
    <dynamic prepend="set" >
      <isNotNull prepend="," property="codResultado" >
        cod_resultado = #codResultado:CHAR#
      </isNotNull>
      <isNotNull prepend="," property="valResultado" >
        val_resultado = #valResultado:DECIMAL#
      </isNotNull>
      <isNotNull prepend="," property="indDel" >
        ind_del = #indDel:CHAR#
      </isNotNull>
      <isNotNull prepend="," property="codUsuregis" >
        cod_usuregis = #codUsuregis:VARCHAR#
      </isNotNull>
      <isNotNull prepend="," property="fecRegis" >
        fec_regis = #fecRegis:TIMESTAMP#
      </isNotNull>
      <isNotNull prepend="," property="codUsumodif" >
        cod_usumodif = #codUsumodif:VARCHAR#
      </isNotNull>
      <isNotNull prepend="," property="fecModif" >
        fec_modif = #fecModif:TIMESTAMP#
      </isNotNull>
      <isNotNull prepend="," property="codUuooDestino" >
        cod_uuoo_destino = #codUuooDestino:VARCHAR#
      </isNotNull>
    </dynamic>
    where cod_cat = #codCat:SMALLINT#
      and cod_fase = #codFase:CHAR#
      and num_postulante = #numPostulante:INTEGER#
      and num_version = #numVersion:SMALLINT#
  </update>
  <update id="ibatorgenerated_updateByPrimaryKey" parameterClass="pe.gob.sunat.recurso2.humano.seleccion.model.beans.DetalleFase" >
    <!--
      WARNING - This element is automatically generated by Apache iBATIS ibator, do not modify.
      This element was generated on Tue Apr 24 09:58:44 COT 2018.
    -->
    update t9369detallefase
    set cod_resultado = #codResultado:CHAR#,
      val_resultado = #valResultado:DECIMAL#,
      ind_del = #indDel:CHAR#,
      cod_usuregis = #codUsuregis:VARCHAR#,
      fec_regis = #fecRegis:TIMESTAMP#,
      cod_usumodif = #codUsumodif:VARCHAR#,
      fec_modif = #fecModif:TIMESTAMP#,
      cod_uuoo_destino = #codUuooDestino:VARCHAR#
    where cod_cat = #codCat:SMALLINT#
      and cod_fase = #codFase:CHAR#
      and num_postulante = #numPostulante:INTEGER#
      and num_version = #numVersion:SMALLINT#
  </update>
</sqlMap>