<?xml version="1.0" encoding="UTF-8" ?>
<!DOCTYPE sqlMap PUBLIC "-//ibatis.apache.org//DTD SQL Map 2.0//EN" "http://ibatis.apache.org/dtd/sql-map-2.dtd" >
<sqlMap namespace="t9394revisiondoc" >
  <resultMap id="ibatorgenerated_BaseResultMap" class="pe.gob.sunat.recurso2.humano.seleccion.model.beans.RevisionDocumento" >
    <!--
      WARNING - This element is automatically generated by Apache iBATIS ibator, do not modify.
      This element was generated on Thu Apr 19 15:42:19 COT 2018.
    -->
    <result column="cod_cat" property="codCat" jdbcType="SMALLINT" />
    <result column="cod_puesto" property="codPuesto" jdbcType="CHAR" />
    <result column="cod_seccion" property="codSeccion" jdbcType="CHAR" />
    <result column="num_correl" property="numCorrel" jdbcType="SMALLINT" />
    <result column="num_postulante" property="numPostulante" jdbcType="INTEGER" />
    <result column="num_revision" property="numRevision" jdbcType="SMALLINT" />
    <result column="val_resultado" property="valResultado" jdbcType="CHAR" />
    <result column="num_arc_postula" property="numArcPostula" jdbcType="INTEGER" />
    <result column="ind_del" property="indDel" jdbcType="CHAR" />
    <result column="cod_usuregis" property="codUsuregis" jdbcType="VARCHAR" />
    <result column="fec_regis" property="fecRegis" jdbcType="TIMESTAMP" />
    <result column="cod_usumodif" property="codUsumodif" jdbcType="VARCHAR" />
    <result column="fec_modif" property="fecModif" jdbcType="TIMESTAMP" />
  </resultMap>
  <sql id="ibatorgenerated_Example_Where_Clause" >
    <!--
      WARNING - This element is automatically generated by Apache iBATIS ibator, do not modify.
      This element was generated on Thu Apr 19 15:42:19 COT 2018.
    -->
    <iterate property="oredCriteria" conjunction="or" prepend="where" removeFirstPrepend="iterate" >
      <isEqual property="oredCriteria[].valid" compareValue="true" >
        (
        <iterate prepend="and" property="oredCriteria[].criteriaWithoutValue" conjunction="and" >
          $oredCriteria[].criteriaWithoutValue[]$
        </iterate>
        <iterate prepend="and" property="oredCriteria[].criteriaWithSingleValue" conjunction="and" >
          $oredCriteria[].criteriaWithSingleValue[].condition$
            #oredCriteria[].criteriaWithSingleValue[].value#
        </iterate>
        <iterate prepend="and" property="oredCriteria[].criteriaWithListValue" conjunction="and" >
          $oredCriteria[].criteriaWithListValue[].condition$
          <iterate property="oredCriteria[].criteriaWithListValue[].values" open="(" close=")" conjunction="," >
            #oredCriteria[].criteriaWithListValue[].values[]#
          </iterate>
        </iterate>
        <iterate prepend="and" property="oredCriteria[].criteriaWithBetweenValue" conjunction="and" >
          $oredCriteria[].criteriaWithBetweenValue[].condition$
          #oredCriteria[].criteriaWithBetweenValue[].values[0]# and
          #oredCriteria[].criteriaWithBetweenValue[].values[1]#
        </iterate>
        )
      </isEqual>
    </iterate>
  </sql>
  <select id="ibatorgenerated_selectByExample" resultMap="ibatorgenerated_BaseResultMap" parameterClass="pe.gob.sunat.recurso2.humano.seleccion.model.beans.RevisionDocumentoExample" >
    <!--
      WARNING - This element is automatically generated by Apache iBATIS ibator, do not modify.
      This element was generated on Thu Apr 19 15:42:19 COT 2018.
    -->
    select cod_cat, cod_puesto, cod_seccion, num_correl, num_postulante, num_revision,
      val_resultado, num_arc_postula, ind_del, cod_usuregis, fec_regis, cod_usumodif, fec_modif
    from t9394revisiondoc
    <isParameterPresent >
      <include refid="t9394revisiondoc.ibatorgenerated_Example_Where_Clause" />
      <isNotNull property="orderByClause" >
        order by $orderByClause$
      </isNotNull>
    </isParameterPresent>
  </select>
  <select id="ibatorgenerated_selectByPrimaryKey" resultMap="ibatorgenerated_BaseResultMap" parameterClass="pe.gob.sunat.recurso2.humano.seleccion.model.beans.RevisionDocumentoKey" >
    <!--
      WARNING - This element is automatically generated by Apache iBATIS ibator, do not modify.
      This element was generated on Thu Apr 19 15:42:19 COT 2018.
    -->
    select cod_cat, cod_puesto, cod_seccion, num_correl, num_postulante, num_revision,
      val_resultado, num_arc_postula, ind_del, cod_usuregis, fec_regis, cod_usumodif, fec_modif
    from t9394revisiondoc
    where cod_cat = #codCat:SMALLINT#
      and cod_puesto = #codPuesto:CHAR#
      and cod_seccion = #codSeccion:CHAR#
      and num_correl = #numCorrel:SMALLINT#
      and num_postulante = #numPostulante:INTEGER#
      and num_revision = #numRevision:SMALLINT#
  </select>
  <delete id="ibatorgenerated_deleteByPrimaryKey" parameterClass="pe.gob.sunat.recurso2.humano.seleccion.model.beans.RevisionDocumentoKey" >
    <!--
      WARNING - This element is automatically generated by Apache iBATIS ibator, do not modify.
      This element was generated on Thu Apr 19 15:42:19 COT 2018.
    -->
    delete from t9394revisiondoc
    where cod_cat = #codCat:SMALLINT#
      and cod_puesto = #codPuesto:CHAR#
      and cod_seccion = #codSeccion:CHAR#
      and num_correl = #numCorrel:SMALLINT#
      and num_postulante = #numPostulante:INTEGER#
      and num_revision = #numRevision:SMALLINT#
  </delete>
  <delete id="ibatorgenerated_deleteByExample" parameterClass="pe.gob.sunat.recurso2.humano.seleccion.model.beans.RevisionDocumentoExample" >
    <!--
      WARNING - This element is automatically generated by Apache iBATIS ibator, do not modify.
      This element was generated on Thu Apr 19 15:42:19 COT 2018.
    -->
    delete from t9394revisiondoc
    <include refid="t9394revisiondoc.ibatorgenerated_Example_Where_Clause" />
  </delete>
  <insert id="ibatorgenerated_insert" parameterClass="pe.gob.sunat.recurso2.humano.seleccion.model.beans.RevisionDocumento" >
    <!--
      WARNING - This element is automatically generated by Apache iBATIS ibator, do not modify.
      This element was generated on Thu Apr 19 15:42:19 COT 2018.
    -->
    insert into t9394revisiondoc (cod_cat, cod_puesto, cod_seccion, num_correl, num_postulante,
      num_revision, val_resultado, num_arc_postula, ind_del, cod_usuregis, fec_regis, cod_usumodif,
      fec_modif)
    values (#codCat:SMALLINT#, #codPuesto:CHAR#, #codSeccion:CHAR#, #numCorrel:SMALLINT#,
      #numPostulante:INTEGER#, #numRevision:SMALLINT#, #valResultado:CHAR#, #numArcPostula:INTEGER#,
      #indDel:CHAR#, #codUsuregis:VARCHAR#, #fecRegis:TIMESTAMP#, #codUsumodif:VARCHAR#,
      #fecModif:TIMESTAMP#)
  </insert>
  <insert id="ibatorgenerated_insertSelective" parameterClass="pe.gob.sunat.recurso2.humano.seleccion.model.beans.RevisionDocumento" >
    <!--
      WARNING - This element is automatically generated by Apache iBATIS ibator, do not modify.
      This element was generated on Thu Apr 19 15:42:19 COT 2018.
    -->
    insert into t9394revisiondoc
    <dynamic prepend="(" >
      <isNotNull prepend="," property="codCat" >
        cod_cat
      </isNotNull>
      <isNotNull prepend="," property="codPuesto" >
        cod_puesto
      </isNotNull>
      <isNotNull prepend="," property="codSeccion" >
        cod_seccion
      </isNotNull>
      <isNotNull prepend="," property="numCorrel" >
        num_correl
      </isNotNull>
      <isNotNull prepend="," property="numPostulante" >
        num_postulante
      </isNotNull>
      <isNotNull prepend="," property="numRevision" >
        num_revision
      </isNotNull>
      <isNotNull prepend="," property="valResultado" >
        val_resultado
      </isNotNull>
      <isNotNull prepend="," property="numArcPostula" >
        num_arc_postula
      </isNotNull>
      <isNotNull prepend="," property="indDel" >
        ind_del
      </isNotNull>
      <isNotNull prepend="," property="codUsuregis" >
        cod_usuregis
      </isNotNull>
      <isNotNull prepend="," property="fecRegis" >
        fec_regis
      </isNotNull>
      <isNotNull prepend="," property="codUsumodif" >
        cod_usumodif
      </isNotNull>
      <isNotNull prepend="," property="fecModif" >
        fec_modif
      </isNotNull>
      )
    </dynamic>
    values
    <dynamic prepend="(" >
      <isNotNull prepend="," property="codCat" >
        #codCat:SMALLINT#
      </isNotNull>
      <isNotNull prepend="," property="codPuesto" >
        #codPuesto:CHAR#
      </isNotNull>
      <isNotNull prepend="," property="codSeccion" >
        #codSeccion:CHAR#
      </isNotNull>
      <isNotNull prepend="," property="numCorrel" >
        #numCorrel:SMALLINT#
      </isNotNull>
      <isNotNull prepend="," property="numPostulante" >
        #numPostulante:INTEGER#
      </isNotNull>
      <isNotNull prepend="," property="numRevision" >
        #numRevision:SMALLINT#
      </isNotNull>
      <isNotNull prepend="," property="valResultado" >
        #valResultado:CHAR#
      </isNotNull>
      <isNotNull prepend="," property="numArcPostula" >
        #numArcPostula:INTEGER#
      </isNotNull>
      <isNotNull prepend="," property="indDel" >
        #indDel:CHAR#
      </isNotNull>
      <isNotNull prepend="," property="codUsuregis" >
        #codUsuregis:VARCHAR#
      </isNotNull>
      <isNotNull prepend="," property="fecRegis" >
        #fecRegis:TIMESTAMP#
      </isNotNull>
      <isNotNull prepend="," property="codUsumodif" >
        #codUsumodif:VARCHAR#
      </isNotNull>
      <isNotNull prepend="," property="fecModif" >
        #fecModif:TIMESTAMP#
      </isNotNull>
      )
    </dynamic>
  </insert>
  <select id="ibatorgenerated_countByExample" parameterClass="pe.gob.sunat.recurso2.humano.seleccion.model.beans.RevisionDocumentoExample" resultClass="java.lang.Integer" >
    <!--
      WARNING - This element is automatically generated by Apache iBATIS ibator, do not modify.
      This element was generated on Thu Apr 19 15:42:19 COT 2018.
    -->
    select count(*) from t9394revisiondoc
    <include refid="t9394revisiondoc.ibatorgenerated_Example_Where_Clause" />
  </select>
  <update id="ibatorgenerated_updateByExampleSelective" >
    <!--
      WARNING - This element is automatically generated by Apache iBATIS ibator, do not modify.
      This element was generated on Thu Apr 19 15:42:19 COT 2018.
    -->
    update t9394revisiondoc
    <dynamic prepend="set" >
      <isNotNull prepend="," property="record.codCat" >
        cod_cat = #record.codCat:SMALLINT#
      </isNotNull>
      <isNotNull prepend="," property="record.codPuesto" >
        cod_puesto = #record.codPuesto:CHAR#
      </isNotNull>
      <isNotNull prepend="," property="record.codSeccion" >
        cod_seccion = #record.codSeccion:CHAR#
      </isNotNull>
      <isNotNull prepend="," property="record.numCorrel" >
        num_correl = #record.numCorrel:SMALLINT#
      </isNotNull>
      <isNotNull prepend="," property="record.numPostulante" >
        num_postulante = #record.numPostulante:INTEGER#
      </isNotNull>
      <isNotNull prepend="," property="record.numRevision" >
        num_revision = #record.numRevision:SMALLINT#
      </isNotNull>
      <isNotNull prepend="," property="record.valResultado" >
        val_resultado = #record.valResultado:CHAR#
      </isNotNull>
      <isNotNull prepend="," property="record.numArcPostula" >
        num_arc_postula = #record.numArcPostula:INTEGER#
      </isNotNull>
      <isNotNull prepend="," property="record.indDel" >
        ind_del = #record.indDel:CHAR#
      </isNotNull>
      <isNotNull prepend="," property="record.codUsuregis" >
        cod_usuregis = #record.codUsuregis:VARCHAR#
      </isNotNull>
      <isNotNull prepend="," property="record.fecRegis" >
        fec_regis = #record.fecRegis:TIMESTAMP#
      </isNotNull>
      <isNotNull prepend="," property="record.codUsumodif" >
        cod_usumodif = #record.codUsumodif:VARCHAR#
      </isNotNull>
      <isNotNull prepend="," property="record.fecModif" >
        fec_modif = #record.fecModif:TIMESTAMP#
      </isNotNull>
    </dynamic>
    <isParameterPresent >
      <include refid="t9394revisiondoc.ibatorgenerated_Example_Where_Clause" />
    </isParameterPresent>
  </update>
  <update id="ibatorgenerated_updateByExample" >
    <!--
      WARNING - This element is automatically generated by Apache iBATIS ibator, do not modify.
      This element was generated on Thu Apr 19 15:42:19 COT 2018.
    -->
    update t9394revisiondoc
    set cod_cat = #record.codCat:SMALLINT#,
      cod_puesto = #record.codPuesto:CHAR#,
      cod_seccion = #record.codSeccion:CHAR#,
      num_correl = #record.numCorrel:SMALLINT#,
      num_postulante = #record.numPostulante:INTEGER#,
      num_revision = #record.numRevision:SMALLINT#,
      val_resultado = #record.valResultado:CHAR#,
      num_arc_postula = #record.numArcPostula:INTEGER#,
      ind_del = #record.indDel:CHAR#,
      cod_usuregis = #record.codUsuregis:VARCHAR#,
      fec_regis = #record.fecRegis:TIMESTAMP#,
      cod_usumodif = #record.codUsumodif:VARCHAR#,
      fec_modif = #record.fecModif:TIMESTAMP#
    <isParameterPresent >
      <include refid="t9394revisiondoc.ibatorgenerated_Example_Where_Clause" />
    </isParameterPresent>
  </update>
  <update id="ibatorgenerated_updateByPrimaryKeySelective" parameterClass="pe.gob.sunat.recurso2.humano.seleccion.model.beans.RevisionDocumento" >
    <!--
      WARNING - This element is automatically generated by Apache iBATIS ibator, do not modify.
      This element was generated on Thu Apr 19 15:42:19 COT 2018.
    -->
    update t9394revisiondoc
    <dynamic prepend="set" >
      <isNotNull prepend="," property="valResultado" >
        val_resultado = #valResultado:CHAR#
      </isNotNull>
      <isNotNull prepend="," property="numArcPostula" >
        num_arc_postula = #numArcPostula:INTEGER#
      </isNotNull>
      <isNotNull prepend="," property="indDel" >
        ind_del = #indDel:CHAR#
      </isNotNull>
      <isNotNull prepend="," property="codUsuregis" >
        cod_usuregis = #codUsuregis:VARCHAR#
      </isNotNull>
      <isNotNull prepend="," property="fecRegis" >
        fec_regis = #fecRegis:TIMESTAMP#
      </isNotNull>
      <isNotNull prepend="," property="codUsumodif" >
        cod_usumodif = #codUsumodif:VARCHAR#
      </isNotNull>
      <isNotNull prepend="," property="fecModif" >
        fec_modif = #fecModif:TIMESTAMP#
      </isNotNull>
    </dynamic>
    where cod_cat = #codCat:SMALLINT#
      and cod_puesto = #codPuesto:CHAR#
      and cod_seccion = #codSeccion:CHAR#
      and num_correl = #numCorrel:SMALLINT#
      and num_postulante = #numPostulante:INTEGER#
      and num_revision = #numRevision:SMALLINT#
  </update>
  <update id="ibatorgenerated_updateByPrimaryKey" parameterClass="pe.gob.sunat.recurso2.humano.seleccion.model.beans.RevisionDocumento" >
    <!--
      WARNING - This element is automatically generated by Apache iBATIS ibator, do not modify.
      This element was generated on Thu Apr 19 15:42:19 COT 2018.
    -->
    update t9394revisiondoc
    set val_resultado = #valResultado:CHAR#,
      num_arc_postula = #numArcPostula:INTEGER#,
      ind_del = #indDel:CHAR#,
      cod_usuregis = #codUsuregis:VARCHAR#,
      fec_regis = #fecRegis:TIMESTAMP#,
      cod_usumodif = #codUsumodif:VARCHAR#,
      fec_modif = #fecModif:TIMESTAMP#
    where cod_cat = #codCat:SMALLINT#
      and cod_puesto = #codPuesto:CHAR#
      and cod_seccion = #codSeccion:CHAR#
      and num_correl = #numCorrel:SMALLINT#
      and num_postulante = #numPostulante:INTEGER#
      and num_revision = #numRevision:SMALLINT#
  </update>
</sqlMap>