<?xml version="1.0" encoding="UTF-8" ?>
<!DOCTYPE sqlMap PUBLIC "-//ibatis.apache.org//DTD SQL Map 2.0//EN" "http://ibatis.apache.org/dtd/sql-map-2.dtd" >
<sqlMap namespace="t99codigos" >
	
	<!-- TODO: Actualizar la caché a solo 12 horas -->
  <cacheModel id="codigosCache" type="OSCACHE" readOnly="true">
	 <property name="reference-type" value="SOFT" />
	 <property name="CacheSize" value="5000"/>
	 <flushInterval minutes="1" />
  </cacheModel>

  <resultMap id="BaseResultMapBasico" class="pe.gob.sunat.recurso2.humano.seleccion.model.beans.Parametro" >
    <result column="t99cod_tab" property="codParametro" jdbcType="CHAR" />
    <result column="t99codigo" property="codDataParametro" jdbcType="VARCHAR" />
    <result column="t99descrip" property="desParametro" jdbcType="VARCHAR" />
    <result column="t99abrev" property="desParametroAbrev" jdbcType="VARCHAR" />
    <result column="t99siglas" property="desSiglas" jdbcType="VARCHAR" />
  </resultMap>


	<select id="selectByParams" cacheModel="codigosCache" resultMap="BaseResultMapBasico" parameterClass="HashMap">
		select
			t99cod_tab,
			trim(t99codigo) as t99codigo,
			trim(t99descrip) as t99descrip,
			trim(t99abrev) as t99abrev,
			trim(t99siglas) as t99siglas 
		from
			t99codigos 
		where
			t99cod_tab = #codTab# and
			t99tip_desc = 'D' 
		<isNotNull property="codigo"> and t99codigo = #codigo# </isNotNull>
		<isNotNull property="estado"> and t99estado = #estado# </isNotNull>
		<isNotNull property="siglas"> and t99siglas = #siglas# </isNotNull>
		<isNotNull property="tipo"> and t99tipo = #tipo# </isNotNull>
		<isNotNull property="abreviatura"> and t99abrev = #abreviatura# </isNotNull>
		<isNotNull property="orden"> order by $orden$ </isNotNull>
	</select>
	
  <select id="selectByPrimaryKey" cacheModel="codigosCache" 
  	resultMap="BaseResultMapBasico" parameterClass="pe.gob.sunat.recurso2.humano.seleccion.model.beans.Parametro">
    select t99cod_tab,t99codigo,t99descrip,t99abrev,t99siglas 
	from t99codigos 
	where t99cod_tab = #codParametro# and t99tip_desc = 'D' and t99codigo = #codDataParametro#
  </select>
	
	
  <resultMap id="BaseResultMap" class="pe.gob.sunat.recurso2.humano.seleccion.model.beans.Parametro" >
    <result column="codParametro" property="codParametro" jdbcType="VARCHAR" />
    <result column="desParametro" property="desParametro" jdbcType="VARCHAR" />
  </resultMap>
  
  
  <select id="listarParametros" resultMap="BaseResultMap" parameterClass="pe.gob.sunat.recurso2.humano.seleccion.model.beans.Parametro">
    select 
    	trim(t99codigo) as codParametro,
    	trim(t99descrip) as desParametro 
    from t99codigos 
    where t99cod_tab=#codParametro# and t99tip_desc='D' and t99estado=#codEstado#
    <isNotNull property="notIncluir">
          	<iterate property="notIncluir" prepend=" and t99codigo not in" open="(" conjunction="," close=")">#notIncluir[]#</iterate>
	</isNotNull>  
    order by t99descrip;
  </select>
  
  
  <select id="listarNiveles" resultMap="BaseResultMap" parameterClass="HashMap">
  	select trim(n.t99codigo) as codParametro, trim(n.t99descrip) as desParametro
	from t99codigos r
	inner join t99codigos n on n.t99cod_tab='634' and n.t99tip_desc='D' and n.t99codigo=r.t99tipo
	where r.t99cod_tab='635' and r.t99tip_desc='D' and r.t99estado='1' and r.t99siglas=#codTipoEstudio#
	order by n.t99codigo;
  </select>
  
  <select id="listarCiclos" resultMap="BaseResultMap" parameterClass="HashMap">
  	select trim(c.t99codigo) as codParametro, trim(c.t99descrip) as desParametro
	from t99codigos r
	inner join t99codigos c on c.t99cod_tab='636' and c.t99tip_desc='D' and c.t99codigo=r.t99tipo
	where r.t99cod_tab='637' and r.t99tip_desc='D' and r.t99estado='1' and r.t99siglas=#codNivel# and r.t99abrev=#codTipoEstudio#
	order by c.t99codigo;
  </select>
  
  <select id="listarCarreras" resultMap="BaseResultMap" parameterClass="HashMap">
	select trim(esp.num_codigo) as codParametro, trim(esp.des_larga) as desParametro
	from t5864parametro esp
	inner join t99codigos tes on tes.t99cod_tab='632' and tes.t99tip_desc='D' and tes.t99codigo=esp.des_abreviatura
	where esp.cod_tab='012' and esp.cod_tip_desc='D' and esp.cod_estado='A' and esp.val_param &lt;&gt; 1 and tes.t99codigo=#codTipoEstudio#
	order by esp.val_param, 2;
  </select>
  
  <select id="listarCentrosEstudio" resultMap="BaseResultMap" parameterClass="HashMap">
	select trim(cen.num_codigo) as codParametro, trim(cen.des_larga) as desParametro 
	from t5864parametro cen
	where cen.cod_tab='013' and cen.cod_tip_desc='D' and cen.cod_estado='A'
	order by cen.val_param, 2;  
  </select>
  
  
  <select id="getMensajeInicio" resultMap="BaseResultMap">
	select '' as codParametro, des_glosa as desParametro
	from t5864parametro where cod_tab='014' and cod_tip_desc='D' and num_codigo='001' and cod_estado='A';  
  </select>

</sqlMap>







