<?xml version="1.0" encoding="UTF-8" ?>
<!DOCTYPE sqlMap PUBLIC "-//ibatis.apache.org//DTD SQL Map 2.0//EN" "http://ibatis.apache.org/dtd/sql-map-2.dtd" >
<sqlMap namespace="T01param" >

  <resultMap id="BaseResultMap" class="pe.gob.sunat.recurso2.humano.evaluacion.model.Parametro" >
    <result column="t01_numero" property="codParametro" jdbcType="CHAR" />
    <result column="t01_argumento" property="codDataParametro" jdbcType="CHAR" />
    <result column="t01des_larga" property="desParametro" jdbcType="CHAR" />
  </resultMap>

  <select id="selectByPrimaryKey" resultMap="BaseResultMap" parameterClass="pe.gob.sunat.recurso2.humano.evaluacion.model.Parametro">
    select t01_numero,trim(t01_argumento) as t01_argumento,t01des_larga 
	from t01param 
	where t01_numero = #codParametro# and 
		  t01_tipo='D' and
		  t01_argumento = #codDataParametro#  
  </select>
  
   <select id="selectByParams" resultMap="BaseResultMap" parameterClass="pe.gob.sunat.recurso2.humano.evaluacion.model.Parametro">
    select t01_numero,trim(t01_argumento) as t01_argumento,t01des_larga 
	from t01param 
	where 
		t01_tipo='D'
		<isNotNull property="codParametro"> and t01_numero = #codParametro# </isNotNull>
		<isNotNull property="codDataParametro"> and t01_argumento = #codDataParametro# </isNotNull>
  </select>

</sqlMap>