<?xml version="1.0" encoding="UTF-8" ?>
<!DOCTYPE sqlMap PUBLIC "-//ibatis.apache.org//DTD SQL Map 2.0//EN" "http://ibatis.apache.org/dtd/sql-map-2.dtd" >
<sqlMap namespace="T02perdp" >

   <resultMap id="BaseResultMap" class="pe.gob.sunat.recurso2.humano.evaluacion.model.Evaluado" >
    <result column="t02cod_pers" property="codPersonal" jdbcType="CHAR" />
    <result column="nombreCompleto" property="desNombreCompleto" jdbcType="CHAR" />
  </resultMap>
  
  <select id="selectByPrimaryKey" resultMap="BaseResultMap" parameterClass="pe.gob.sunat.recurso2.humano.evaluacion.model.Evaluado" >
    select 
    	'false' as QUERYID, 
    	t02cod_pers,
    	trim(t02ap_pate)||' '||trim(t02ap_mate)||' '|| trim(t02nombres) as nombreCompleto
	from t02perdp 
	where t02cod_pers=#codPersonal# 
  </select> 

  <select id="getNombreCompleto" resultClass="String" parameterClass="String" >
    select    	
    	trim(t02nombres)||' '||trim(t02ap_pate)||' '||trim(t02ap_mate)  as nombreCompleto
	from t02perdp 
	where t02cod_pers=#codPersonal# 
  </select> 

</sqlMap>