<?xml version="1.0" encoding="UTF-8" ?>
<!DOCTYPE sqlMap PUBLIC "-//ibatis.apache.org//DTD SQL Map 2.0//EN" "http://ibatis.apache.org/dtd/sql-map-2.dtd" >
<sqlMap namespace="T110rendi" >

  <resultMap id="BaseResultMap" class="pe.gob.sunat.recurso2.humano.evaluacion.model.Rendimiento" >
    <result column="t110periodo" property="codPeriodo" jdbcType="CHAR" />
    <result column="t110cod_pers" property="codPersonal" jdbcType="CHAR" />
    <result column="t110tip_eval" property="codTipEvaluador" jdbcType="CHAR" />
    <result column="t110reg_eval" property="codRegistroEvaluador" jdbcType="CHAR" />
    <result column="t110f_eval" property="fecEvaluacion" jdbcType="DATE" />
    <result column="t110cod_factor" property="codCompetencia" jdbcType="CHAR" />
    <result column="t110nota_fact" property="cntNotaCompetencia" jdbcType="DECIMAL" />
    <result column="t110flag" property="codBorradoLogico" jdbcType="CHAR" />
    <result column="t110f_graba" property="fecRegistro" jdbcType="TIMESTAMP" />
    <result column="t110cod_user" property="codUsuario" jdbcType="CHAR" />
    <result column="des_observ" property="desObserv" jdbcType="CHAR" />
  </resultMap>

  
  <select id="selectByPrimaryKey" resultMap="BaseResultMap" parameterClass="pe.gob.sunat.recurso2.humano.evaluacion.model.Rendimiento">
	select 'false' as QUERYID, t110periodo, t110cod_pers, t110tip_eval, t110reg_eval, t110f_eval,
		t110cod_factor, t110nota_fact, t110flag, t110f_graba, t110cod_user,des_observ
	from t110rendi
	where t110periodo=#codPeriodo# and 
		  t110cod_pers=#codPersonal# and 
		  t110tip_eval=#codTipEvaluador# and
		  t110cod_factor=#codCompetencia# and
		  t110reg_eval=#codRegistroEvaluador# 
  </select>
  
  
  <update id="updateByPrimaryKeySelective" parameterClass="pe.gob.sunat.recurso2.humano.evaluacion.model.Rendimiento" >
    update t110rendi
    <dynamic prepend="set" >
      <isNotNull prepend="," property="cntNotaCompetencia">
        t110nota_fact = #cntNotaCompetencia:DECIMAL#
      </isNotNull>
      <isNotNull prepend="," property="codBorradoLogico">
        t110flag = #codBorradoLogico:CHAR#
      </isNotNull>
      <isNotNull prepend="," property="fecEvaluacion">
        t110f_eval = #fecEvaluacion:DATE#
      </isNotNull>
      <isNotNull prepend="," property="fecRegistro">
        t110f_graba = #fecRegistro:TIMESTAMP#
      </isNotNull>
      <isNotNull prepend="," property="codUsuario">
        t110cod_user = #codUsuario:CHAR#
      </isNotNull>
    </dynamic>
    where t110periodo=#codPeriodo# and 
		  t110cod_pers=#codPersonal# and 
		  t110tip_eval=#codTipEvaluador# and
		  t110cod_factor=#codCompetencia# and
		  t110reg_eval=#codRegistroEvaluador# 
  </update>
  
  
  <insert id="insertSelective" parameterClass="pe.gob.sunat.recurso2.humano.evaluacion.model.Rendimiento" >
    insert into t110rendi
    <dynamic prepend="(" >
      <isNotNull prepend="," property="codPeriodo">
        t110periodo
      </isNotNull>
      <isNotNull prepend="," property="codPersonal">
        t110cod_pers
      </isNotNull>
      <isNotNull prepend="," property="codTipEvaluador">
        t110tip_eval
      </isNotNull>
      <isNotNull prepend="," property="codRegistroEvaluador">
        t110reg_eval
      </isNotNull>
      <isNotNull prepend="," property="fecEvaluacion">
        t110f_eval
      </isNotNull>
      <isNotNull prepend="," property="codCompetencia">
        t110cod_factor
      </isNotNull>
      <isNotNull prepend="," property="cntNotaCompetencia">
        t110nota_fact
      </isNotNull>
      <isNotNull prepend="," property="codBorradoLogico">
        t110flag
      </isNotNull>
      <isNotNull prepend="," property="fecRegistro">
        t110f_graba
      </isNotNull>
      <isNotNull prepend="," property="codUsuario">
        t110cod_user
      </isNotNull>
      <isNotNull prepend="," property="codUsuario">
        des_observ
      </isNotNull>
      )
    </dynamic>
    values
    <dynamic prepend="(" >
      <isNotNull prepend="," property="codPeriodo">
        #codPeriodo:CHAR#
      </isNotNull>
      <isNotNull prepend="," property="codPersonal">
        #codPersonal:CHAR#
      </isNotNull>
      <isNotNull prepend="," property="codTipEvaluador">
        #codTipEvaluador:CHAR#
      </isNotNull>
      <isNotNull prepend="," property="codRegistroEvaluador">
        #codRegistroEvaluador:CHAR#
      </isNotNull>
      <isNotNull prepend="," property="fecEvaluacion">
        #fecEvaluacion:DATE#
      </isNotNull>
      <isNotNull prepend="," property="codCompetencia">
        #codCompetencia:CHAR#
      </isNotNull>
      <isNotNull prepend="," property="cntNotaCompetencia">
        #cntNotaCompetencia:DECIMAL#
      </isNotNull>
      <isNotNull prepend="," property="codBorradoLogico">
        #codBorradoLogico:CHAR#
      </isNotNull>
      <isNotNull prepend="," property="fecRegistro">
        #fecRegistro:TIMESTAMP#
      </isNotNull>
      <isNotNull prepend="," property="codUsuario">
        #codUsuario:CHAR#
      </isNotNull>
      <isNotNull prepend="," property="desObserv">
        #desObserv:CHAR#
      </isNotNull>
      )
    </dynamic>
  </insert>
  
  
  <select id="listByParameter" resultMap="BaseResultMap" parameterClass="pe.gob.sunat.recurso2.humano.evaluacion.model.Rendimiento">
    select 'false' as QUERYID, t110periodo, t110cod_pers, t110tip_eval, t110reg_eval, t110f_eval,
		t110cod_factor, t110nota_fact, t110flag, t110f_graba, t110cod_user,des_observ
	from t110rendi
	<dynamic prepend="where">
		<isNotNull prepend=" and " property="codPeriodo">t110periodo = #codPeriodo:CHAR#</isNotNull>
		<isNotNull prepend=" and " property="codPersonal">t110cod_pers = #codPersonal:CHAR#</isNotNull>
		<isNotNull prepend=" and " property="codTipEvaluador">t110tip_eval = #codTipEvaluador:CHAR#</isNotNull>
		<isNotNull prepend=" and " property="codCompetencia">t110cod_factor = #codCompetencia:CHAR#</isNotNull>
		<isNotNull prepend=" and " property="codRegistroEvaluador">t110reg_eval = #codRegistroEvaluador:CHAR#</isNotNull>
	</dynamic>
    order by t110periodo 
  </select>

</sqlMap>