<?xml version="1.0" encoding="UTF-8" ?>
<!DOCTYPE sqlMap PUBLIC "-//ibatis.apache.org//DTD SQL Map 2.0//EN" "http://ibatis.apache.org/dtd/sql-map-2.dtd" >
<sqlMap namespace="T110notaind" >

  <resultMap id="BaseResultMap" class="pe.gob.sunat.recurso2.humano.evaluacion.model.RendimientoDetalle" >
    <result column="t110periodo" property="codPeriodo" jdbcType="CHAR" />
    <result column="t110cod_pers" property="codPersonal" jdbcType="CHAR" />
    <result column="t110tip_eval" property="codTipEvaluador" jdbcType="CHAR" />
    <result column="t110grupo" property="codGrupo" jdbcType="CHAR" />
    <result column="t110cod_factor" property="codCompetencia" jdbcType="CHAR" />
    <result column="t110cod_indica" property="codComportamiento" jdbcType="CHAR" />
    <result column="t110nota_indica" property="cntNotaComportamiento" jdbcType="CHAR" />
    <result column="t110flag" property="codBorradoLogico" jdbcType="CHAR" />
    <result column="t110reg_eval" property="codRegistroEvaluador" jdbcType="CHAR" />
    <result column="t110f_eval" property="fecEvaluacion" jdbcType="DATE" />
    <result column="t110f_graba" property="fecRegistro" jdbcType="TIMESTAMP" />
    <result column="t110cod_user" property="codUsuario" jdbcType="CHAR" />
  </resultMap>

  <select id="selectByPrimaryKey" resultMap="BaseResultMap" parameterClass="pe.gob.sunat.recurso2.humano.evaluacion.model.RendimientoDetalle">
	select 'false' as QUERYID, t110periodo, t110cod_pers,
		t110tip_eval, t110grupo, t110cod_factor, t110cod_indica, t110nota_indica,
		t110flag, t110reg_eval, t110f_eval, t110f_graba, t110cod_user 
	from t110notaind
	where t110periodo=#codPeriodo# and 
		  t110cod_pers=#codPersonal# and 
		  t110tip_eval=#codTipEvaluador# and
		  t110reg_eval=#codRegistroEvaluador# and
		  t110cod_factor=#codCompetencia# and
		  t110cod_indica=#codComportamiento# 
  </select>
 
  
  <update id="updateByPrimaryKeySelective" parameterClass="pe.gob.sunat.recurso2.humano.evaluacion.model.RendimientoDetalle" >
    update t110notaind 
    <dynamic prepend="set" >
      <isNotNull prepend="," property="cntNotaComportamiento">
        t110nota_indica = #cntNotaComportamiento:DECIMAL#
      </isNotNull>
      <isNotNull prepend="," property="codBorradoLogico">
        t110flag = #codBorradoLogico:CHAR#
      </isNotNull>
      <isNotNull prepend="," property="fecEvaluacion">
        t110f_eval = #fecEvaluacion:DATE#
      </isNotNull>
      <isNotNull prepend="," property="fecRegistro">
        t110f_graba = #fecRegistro:TIMESTAMP#
      </isNotNull>
      <isNotNull prepend="," property="codUsuario">
        t110cod_user = #codUsuario:CHAR#
      </isNotNull>
    </dynamic>
    where t110periodo=#codPeriodo# and 
		  t110cod_pers=#codPersonal# and 
		  t110tip_eval=#codTipEvaluador# and
		  t110reg_eval=#codRegistroEvaluador# and
		  t110cod_factor=#codCompetencia# and
		  t110cod_indica=#codComportamiento#
  </update>
  
  <insert id="insertSelective" parameterClass="pe.gob.sunat.recurso2.humano.evaluacion.model.RendimientoDetalle" >
    insert into t110notaind
    <dynamic prepend="(" >
      <isNotNull prepend="," property="codPeriodo">
        t110periodo
      </isNotNull>
      <isNotNull prepend="," property="codPersonal">
        t110cod_pers
      </isNotNull>
      <isNotNull prepend="," property="codTipEvaluador">
        t110tip_eval
      </isNotNull>
      <isNotNull prepend="," property="codGrupo">
        t110grupo
      </isNotNull>
      <isNotNull prepend="," property="codCompetencia">
        t110cod_factor
      </isNotNull>
      <isNotNull prepend="," property="codComportamiento">
        t110cod_indica
      </isNotNull>
      <isNotNull prepend="," property="cntNotaComportamiento">
        t110nota_indica
      </isNotNull>
      <isNotNull prepend="," property="codBorradoLogico">
        t110flag
      </isNotNull>
      <isNotNull prepend="," property="codRegistroEvaluador">
        t110reg_eval
      </isNotNull>
      <isNotNull prepend="," property="fecEvaluacion">
        t110f_eval
      </isNotNull>
      <isNotNull prepend="," property="fecRegistro">
        t110f_graba
      </isNotNull>
      <isNotNull prepend="," property="codUsuario">
        t110cod_user
      </isNotNull>
      )
    </dynamic>
    values
    <dynamic prepend="(" >
      <isNotNull prepend="," property="codPeriodo">
        #codPeriodo:CHAR#
      </isNotNull>
      <isNotNull prepend="," property="codPersonal">
        #codPersonal:CHAR#
      </isNotNull>
      <isNotNull prepend="," property="codTipEvaluador">
        #codTipEvaluador:CHAR#
      </isNotNull>
      <isNotNull prepend="," property="codGrupo">
        #codGrupo:CHAR#
      </isNotNull>
      <isNotNull prepend="," property="codCompetencia">
        #codCompetencia:CHAR#
      </isNotNull>
      <isNotNull prepend="," property="codComportamiento">
        #codComportamiento:CHAR#
      </isNotNull>
      <isNotNull prepend="," property="cntNotaComportamiento">
        #cntNotaComportamiento:DECIMAL#
      </isNotNull>
      <isNotNull prepend="," property="codBorradoLogico">
        #codBorradoLogico:CHAR#
      </isNotNull>
      <isNotNull prepend="," property="codRegistroEvaluador">
        #codRegistroEvaluador:CHAR#
      </isNotNull>
      <isNotNull prepend="," property="fecEvaluacion">
        #fecEvaluacion:DATE#
      </isNotNull>
      <isNotNull prepend="," property="fecRegistro">
        #fecRegistro:TIMESTAMP#
      </isNotNull>
      <isNotNull prepend="," property="codUsuario">
        #codUsuario:CHAR#
      </isNotNull>
      )
    </dynamic>
  </insert>
  
  
  <select id="listByParameter" resultMap="BaseResultMap" parameterClass="pe.gob.sunat.recurso2.humano.evaluacion.model.RendimientoDetalle">
    select 'false' as QUERYID, t110periodo, t110cod_pers,
		t110tip_eval, t110grupo, t110cod_factor, t110cod_indica, t110nota_indica,
		t110flag, t110reg_eval, t110f_eval, t110f_graba, t110cod_user 
	from t110notaind
	<dynamic prepend="where">
		<isNotNull prepend=" and " property="codPeriodo">t110periodo = #codPeriodo:CHAR#</isNotNull>
		<isNotNull prepend=" and " property="codPersonal">t110cod_pers = #codPersonal:CHAR#</isNotNull>
		<isNotNull prepend=" and " property="codTipEvaluador">t110tip_eval = #codTipEvaluador:CHAR#</isNotNull>
		<isNotNull prepend=" and " property="codRegistroEvaluador">t110reg_eval = #codRegistroEvaluador:CHAR#</isNotNull>
		<isNotNull prepend=" and " property="codCompetencia">t110cod_factor = #codCompetencia:CHAR#</isNotNull>
		<isNotNull prepend=" and " property="codComportamiento">t110cod_indica = #codComportamiento:CHAR#</isNotNull>
	</dynamic>
    order by t110periodo desc 
  </select>

</sqlMap>