<?xml version="1.0" encoding="UTF-8" ?>
<!DOCTYPE sqlMap PUBLIC "-//ibatis.apache.org//DTD SQL Map 2.0//EN" "http://ibatis.apache.org/dtd/sql-map-2.dtd" >
<sqlMap namespace="T114evuorg" >

<typeAlias alias="ReporteMonitoreoUnidad" type="pe.gob.sunat.recurso2.humano.evaluacion.bean.ReporteMonitoreoUnidad" />

 <resultMap id="BaseResultMap" class="pe.gob.sunat.recurso2.humano.evaluacion.model.Evaluado" >
    <result column="t114periodo" property="codPeriodo" jdbcType="CHAR" />
    <result column="t114uo_evalua" property="codUnidadOrganizacional" jdbcType="CHAR" />
    <result column="t114cod_uorg" property="codUnidadOrganizacionalPersonal" jdbcType="CHAR" />
    <result column="t114cod_pers" property="codPersonal" jdbcType="CHAR" />
    <result column="t114flag" property="indCondicion" jdbcType="CHAR" />
    <result column="t114control" property="indControl" jdbcType="CHAR" />
    <result column="t114cate_evalua" property="codCategoria" jdbcType="CHAR" />
    <result column="t114grupo" property="codGrupo" jdbcType="CHAR" />
    <result column="t114estado" property="codEstado" jdbcType="CHAR" />
    <result column="nombreCompleto" property="desNombreCompleto" jdbcType="CHAR" />
    <result column="t114ind_accion" property="indAccion" jdbcType="CHAR" />
    <result column="t114ind_acc_hist" property="indAccionHist" jdbcType="CHAR" />
    <result column="t43ind_acept_id" property="indEvaluacionComunicada" jdbcType="CHAR" />
    <result column="t43observ1" property="desObservacionEvaluador" jdbcType="CHAR" />
    <result column="t02lib_elec" property="numDni" jdbcType="CHAR" />
    <result column="ind_directivo" property="esDirectivo" jdbcType="CHAR" />
    <result column="codPersonalEvaluador" property="codPersonalEvaluador" jdbcType="CHAR" />
    <result column="fecConsultaEvaluacion" property="fecConsultaEvaluacion" jdbcType="CHAR" />
  </resultMap>
  
  <select id="listarEvaluados" resultMap="BaseResultMap" parameterClass="pe.gob.sunat.recurso2.humano.evaluacion.model.Evaluado" >
    select 
    	'false' as QUERYID, 
    	t114periodo,
    	t114uo_evalua,
    	t114cod_uorg,
    	t114cod_pers,
    	t114flag, 
    	t114control,
    	t114cate_evalua,
    	t114grupo,
    	t114estado,  
    	trim(t02ap_pate)||' '||trim(t02ap_mate)||' '|| trim(t02nombres) as nombreCompleto,
    	t114ind_accion,
    	t114ind_acc_hist,
    	t43ind_acept_id,
    	nvl(t43observ1,'') t43observ1, 
    	t02lib_elec,
    	ind_directivo
    	<isNotNull property="codPersonal">
    	    ,(select max(t110reg_eval) from t110rendi where t110periodo=#codPeriodo:CHAR# and t110cod_pers = #codPersonal:CHAR#) as codPersonalEvaluador
    	</isNotNull>
    	<isNull property="codPersonal">
    	    ,'' as codPersonalEvaluador 
    	</isNull>  
    	, nvl((select TO_CHAR(fec_graba, '%Y-%m-%d %H:%M:%S')  from t1536seg_eval where per_evalua=#codPeriodo:CHAR# and cod_pers=t114cod_pers),'') as fecConsultaEvaluacion 
	from t114evuorg left join t02perdp on(t02cod_pers=t114cod_pers) 
					left join t43evper on(t43periodo=t114periodo and t43cod_uorg=t114uo_evalua and t43cod_pers=t114cod_pers) 
    <dynamic prepend="where"> 
      <isNotNull prepend=" and " property="indAccion">t114ind_accion = #indAccion:CHAR#</isNotNull>
	  <isNotNull prepend=" and " property="codPeriodo">t114periodo = #codPeriodo:CHAR#</isNotNull>
	  <isNotNull prepend=" and " property="codPersonal">t114cod_pers = #codPersonal:CHAR#</isNotNull>
	  <isNotNull prepend=" and " property="codUnidadOrganizacional">t114uo_evalua = #codUnidadOrganizacional:CHAR#</isNotNull>
	  <isNotNull prepend=" and " property="codUnidadOrganizacionalLike">t114uo_evalua like #codUnidadOrganizacionalLike:CHAR#</isNotNull>
	  <isNotNull prepend=" and " property="indCondicion">t114flag = #indCondicion:CHAR#</isNotNull>
	  <isNotNull prepend=" and " property="indControl">t114control = #indControl:CHAR#</isNotNull>
	  <isNotNull prepend=" and " property="codEstado">t114estado = #codEstado:CHAR#</isNotNull>
	  <isNotNull property="condiciones">
          	<iterate property="condiciones" open="and (" conjunction=" or " close=")">t114flag=#condiciones[]#</iterate>
	  </isNotNull>
	  and t114grupo is not null 
	</dynamic>
    order by t114cod_pers    
  </select>
  
  <update id="updateByPrimaryKeySelective" parameterClass="pe.gob.sunat.recurso2.humano.evaluacion.model.Evaluado" >
    update t114evuorg
    <dynamic prepend="set" >
      <isNotNull prepend="," property="indCondicion">
        t114flag = #indCondicion:CHAR#
      </isNotNull>
      <isNotNull prepend="," property="indControl">
        t114control = #indControl:CHAR#
      </isNotNull>
    </dynamic>
    where t114periodo=#codPeriodo# and 
    	  t114cod_uorg=#codUnidadOrganizacionalPersonal# and
    	  t114cod_pers=#codPersonal#   
  </update>
  
  
  <resultMap id="BaseResultMapMonitoreo" class="pe.gob.sunat.recurso2.humano.evaluacion.bean.ReporteMonitoreo" >
    <result column="t12cod_uorga" property="codUnidadOrganizacional" jdbcType="CHAR" />
    <result column="t12des_uorga" property="desUnidadOrganizacional" jdbcType="CHAR" />
    <result column="totalEvaluar" property="totalEvaluar" jdbcType="DECIMAL" />
    <result column="totalTransferidos" property="totalTransferidos" jdbcType="DECIMAL" />
    <result column="totalSinTransferir" property="totalSinTransferir" jdbcType="DECIMAL" />
    <result column="totalNoEvaluados" property="totalNoEvaluados" jdbcType="DECIMAL" />
  </resultMap>
  
  <select id="reporteMonitoreoInstitucional" resultMap="BaseResultMapMonitoreo" parameterClass="java.util.HashMap" >
  	select trim(a.t12cod_uorga) as t12cod_uorga,a.t12des_uorga,
		count(b.t114periodo) as totalEvaluar,
		sum(case when b.t114flag='T' then 1 else 0 end) as totalTransferidos,
		sum(case when b.t114flag not in('0','T','I') then 1 else 0 end)  as totalSinTransferir,
		sum(case when b.t114flag in ('0','I') then 1 else 0 end) as totalNoEvaluados 
	from t12uorga a left join t114evuorg b on(a.t12cod_uorga[1,1]=b.t114uo_evalua[1,1] and b.t114periodo=#codPeriodo#)
	where a.t12cod_uorga[2,6]='00000' and a.t12ind_estad='1' 					and a.t12cod_uorga[1,1]&lt;&gt;'0' and len(a.t12cod_uorga)='6'
	group by t12cod_uorga,a.t12des_uorga
	order by t12cod_uorga;
  </select>
  
  <select id="reporteMonitoreoAdjunta" resultMap="BaseResultMapMonitoreo" parameterClass="java.util.HashMap" >
  	select trim(a.t12cod_uorga) as t12cod_uorga,a.t12des_uorga,
		count(b.t114periodo) as totalEvaluar,
		sum(case when b.t114flag='T' then 1 else 0 end) as totalTransferidos,
		sum(case when b.t114flag not in('0','T','I') then 1 else 0 end)  as totalSinTransferir,
		sum(case when b.t114flag in ('0','I') then 1 else 0 end) as totalNoEvaluados 
	from t12uorga a join t114evuorg b on(a.t12cod_uorga[1,2]=b.t114uo_evalua[1,2] and b.t114periodo=#codPeriodo#)
	where t12cod_uorga[1,1]=#codAdjunta# and t12cod_uorga[3,6]='0000' 		and a.t12cod_uorga[1,1]&lt;&gt;'0' and len(a.t12cod_uorga)='6'
	group by t12cod_uorga,a.t12des_uorga
	order by t12cod_uorga;
  </select>
  
  
  <select id="reporteMonitoreoOrgano" resultMap="BaseResultMapMonitoreo" parameterClass="java.util.HashMap" >
  	select trim(a.t12cod_uorga) as t12cod_uorga,a.t12des_uorga,
		count(b.t114periodo) as totalEvaluar,
		sum(case when b.t114flag='T' then 1 else 0 end) as totalTransferidos,
		sum(case when b.t114flag not in('0','T','I') then 1 else 0 end)  as totalSinTransferir,
		sum(case when b.t114flag in ('0','I') then 1 else 0 end) as totalNoEvaluados 
		from t12uorga a join t114evuorg b on(a.t12cod_uorga[1,3]=b.t114uo_evalua[1,3] and b.t114periodo=#codPeriodo#)
		where t12cod_uorga[1,2]=#codOrgano# and t12cod_uorga[4,6]='000' 	and a.t12cod_uorga[1,1]&lt;&gt;'0' and len(a.t12cod_uorga)='6'
	group by t12cod_uorga,a.t12des_uorga
	order by t12cod_uorga;
  </select>
  
  <select id="reporteByJerarquiaUnidad" resultMap="BaseResultMapMonitoreo" parameterClass="java.util.HashMap" >
  	select 
  		trim(a.t12cod_uorga) as t12cod_uorga,
  		a.t12des_uorga,
		count(b.t114periodo) as totalEvaluar,
		sum(case when b.t114flag='T' then 1 else 0 end) as totalTransferidos,
		sum(case when b.t114flag not in('0','T','I') then 1 else 0 end)  as totalSinTransferir,
		sum(case when b.t114flag in ('0','I') then 1 else 0 end) as totalNoEvaluados 
	from 
		t12uorga a 
		join t114evuorg b on 
			<isEqual property="codNivel" compareValue="N3"><!-- ~gerencia -->
			a.t12cod_uorga[1,4]=b.t114uo_evalua[1,4] 
			</isEqual>
			<isEqual property="codNivel" compareValue="N4"><!-- ~división - debe ser 5-->
			a.t12cod_uorga[1,6]=b.t114uo_evalua[1,6] 
			</isEqual>
			and b.t114periodo=#codPeriodo#
	where 
		<isEqual property="codNivel" compareValue="N3"><!-- ~gerencia -->
		t12cod_uorga[1,3]=#codJerarquia# and t12cod_uorga[5,6]='00' 
		</isEqual>
		<isEqual property="codNivel" compareValue="N4"><!-- ~división -->
		t12cod_uorga[1,4]=#codJerarquia# <!-- and t12cod_uorga[6,6]='0'--> 
		</isEqual>
		and a.t12cod_uorga[1,1]&lt;&gt;'0' 
		and len(a.t12cod_uorga)='6'
	group by 
		t12cod_uorga,
		a.t12des_uorga
	order by 
		t12cod_uorga;
  </select>
  
  
  
  
  <select id="reporteCompetenciasInstitucional" resultClass="java.util.HashMap" parameterClass="java.util.HashMap" >
  	select sum(case when x.promedio>=100 then 1 else 0 end) altacompetencia,
		sum(case when x.promedio&lt;100 and x.promedio>=75 then 1 else 0 end) competente,
		sum(case when x.promedio&lt;75 and x.promedio>=50 then 1 else 0 end) competenciadesarrollo,
		sum(case when x.promedio&lt;50 then 1 else 0 end) bajacompetencia,
		sum(1) total
	from (
		select a.t114periodo as periodo,a.t114uo_evalua as uo,a.t114cod_pers as persona,avg(b.t110nota_fact) as promedio
		from t114evuorg a left join t12uorga c on(c.t12cod_uorga[1,1]=a.t114uo_evalua[1,1]), t110rendi b
		where a.t114periodo=b.t110periodo and a.t114cod_pers=b.t110cod_pers and a.t114periodo=#codPeriodo# and
		c.t12cod_uorga[2,6]='00000' and c.t12ind_estad='1' and c.t12cod_uorga[1,1]&lt;&gt;'0' and a.t114flag&lt;&gt;'I' 
		<isNotNull property="transferidos">
    		and a.t114flag='T' 
		</isNotNull>
		<isNotNull property="sinTransferir">
    		and a.t114flag not in ('0','T')  
		</isNotNull>
		group by a.t114periodo,a.t114uo_evalua,a.t114cod_pers
		<!--order by a.t114periodo, a.t114uo_evalua, a.t114cod_pers  -->
	) x;
  </select>
  
  <select id="reporteCompetenciasAdjunta" resultClass="java.util.HashMap" parameterClass="java.util.HashMap" >
  	select sum(case when x.promedio>=100 then 1 else 0 end) altacompetencia,
		sum(case when x.promedio&lt;100 and x.promedio>=75 then 1 else 0 end) competente,
		sum(case when x.promedio&lt;75 and x.promedio>=50 then 1 else 0 end) competenciadesarrollo,
		sum(case when x.promedio&lt;50 then 1 else 0 end) bajacompetencia,
		sum(1) total
	from (
		select a.t114periodo as periodo,a.t114uo_evalua as uo,a.t114cod_pers as persona,avg(b.t110nota_fact) as promedio
		from t114evuorg a left join t12uorga c on(c.t12cod_uorga[1,2]=a.t114uo_evalua[1,2]), t110rendi b
		where a.t114periodo=b.t110periodo and a.t114cod_pers=b.t110cod_pers and a.t114periodo=#codPeriodo# and
		c.t12cod_uorga[1,1]=#codAdjunta# and c.t12cod_uorga[3,6]='0000' and c.t12cod_uorga[1,1]&lt;&gt;'0' and a.t114flag&lt;&gt;'I' and len(c.t12cod_uorga)='6' 
		<isNotNull property="transferidos">
    		and a.t114flag='T' 
		</isNotNull>
		<isNotNull property="sinTransferir">
    		and a.t114flag not in ('0','T')  
		</isNotNull>
		group by a.t114periodo,a.t114uo_evalua,a.t114cod_pers
		<!--order by a.t114periodo, a.t114uo_evalua, a.t114cod_pers  -->
	) x;
  </select>
  
  
  <select id="reporteCompetenciasOrgano" resultClass="java.util.HashMap" parameterClass="java.util.HashMap" >
  	select sum(case when x.promedio>=100 then 1 else 0 end) altacompetencia,
		sum(case when x.promedio&lt;100 and x.promedio>=75 then 1 else 0 end) competente,
		sum(case when x.promedio&lt;75 and x.promedio>=50 then 1 else 0 end) competenciadesarrollo,
		sum(case when x.promedio&lt;50 then 1 else 0 end) bajacompetencia,
		sum(1) total
	from (
		select a.t114periodo as periodo,a.t114uo_evalua as uo,a.t114cod_pers as persona,avg(b.t110nota_fact) as promedio
		from t114evuorg a left join t12uorga c on(c.t12cod_uorga[1,3]=a.t114uo_evalua[1,3]), t110rendi b
		where a.t114periodo=b.t110periodo and a.t114cod_pers=b.t110cod_pers and a.t114periodo=#codPeriodo# and 
		c.t12cod_uorga[1,2]=#codOrgano# and c.t12cod_uorga[4,6]='000' and c.t12cod_uorga[1,1]&lt;&gt;'0' and a.t114flag&lt;&gt;'I' and len(c.t12cod_uorga)='6'
		<isNotNull property="transferidos">
    		and a.t114flag='T' 
		</isNotNull>
		<isNotNull property="sinTransferir">
    		and a.t114flag not in ('0','T')  
		</isNotNull>
		group by a.t114periodo,a.t114uo_evalua,a.t114cod_pers
		<!--order by a.t114periodo, a.t114uo_evalua, a.t114cod_pers  -->
	) x;
  </select>
  
    <select id="reporteCompetenciasJerarquiaUnidad" resultClass="java.util.HashMap" parameterClass="java.util.HashMap" >
  	select sum(case when x.promedio>=100 then 1 else 0 end) altacompetencia,
		sum(case when x.promedio&lt;100 and x.promedio>=75 then 1 else 0 end) competente,
		sum(case when x.promedio&lt;75 and x.promedio>=50 then 1 else 0 end) competenciadesarrollo,
		sum(case when x.promedio&lt;50 then 1 else 0 end) bajacompetencia,
		sum(1) total
	from (
		select 
			a.t114periodo as periodo,
			a.t114uo_evalua as uo,
			a.t114cod_pers as persona,
			avg(b.t110nota_fact) as promedio
		from 
			t114evuorg a 
			left join t12uorga c on 
				<isEqual property="codNivel" compareValue="N3"><!-- ~gerencia -->
				c.t12cod_uorga[1,4]=a.t114uo_evalua[1,4] 
				</isEqual>
				<isEqual property="codNivel" compareValue="N4"><!-- ~división - debe ser 5 -->
				c.t12cod_uorga[1,6]=a.t114uo_evalua[1,6] 
				</isEqual>
				<isEqual property="codNivel" compareValue="N5"><!-- ~sección -->
				c.t12cod_uorga[1,6]=a.t114uo_evalua[1,6] 
				</isEqual>
			,t110rendi b
		where 
			a.t114periodo=b.t110periodo 
			and a.t114cod_pers=b.t110cod_pers 
			and a.t114periodo=#codPeriodo# 
			<isEqual prepend=" and " property="codNivel" compareValue="N3"><!-- ~gerencia -->
			c.t12cod_uorga[1,3]=#codJerarquia# and c.t12cod_uorga[5,6]='00' 
			</isEqual>
			<isEqual prepend=" and " property="codNivel" compareValue="N4"><!-- ~división -->
			c.t12cod_uorga[1,4]=#codJerarquia# <!-- and c.t12cod_uorga[6,6]='0'--> 
			</isEqual>
			<isEqual prepend=" and " property="codNivel" compareValue="N5"><!-- ~sección -->
			c.t12cod_uorga[1,5]=#codJerarquia# 
			</isEqual>
			
			and c.t12cod_uorga[1,1]&lt;&gt;'0' 
			and a.t114flag&lt;&gt;'I' 
			and len(c.t12cod_uorga)='6'
			<isNotNull property="transferidos">
    		and a.t114flag='T' 
			</isNotNull>
			<isNotNull property="sinTransferir">
    		and a.t114flag not in ('0','T')  
			</isNotNull>
		group by 
			a.t114periodo,
			a.t114uo_evalua,
			a.t114cod_pers
	) x;
  </select>
  

  <select id="reporteMonitoreoUnidades" resultClass="ReporteMonitoreoUnidad" parameterClass="java.util.HashMap" >
		select 
		    b.t114uo_evalua as unidadCodigo, 
		    nvl(a.t12des_uorga, (select t12des_uorga from t12uorga where t12cod_uorga = b.t114uo_evalua[1,6])) as unidadNombre, 
		    c.t116cod_pers as evaluadorRegistro, 
	        trim(nvl(e.t02nombres,''))||' '||trim(nvl(e.t02ap_pate,''))||' '||trim(nvl(e.t02ap_mate,'')) as evaluadorNombre,
	        g.smtp as evaluadorCorreo,
		    nvl(d.t116cod_pers,'') as revisorRegistro, 
	        trim(nvl(f.t02nombres,''))||' '||trim(nvl(f.t02ap_pate,''))||' '||trim(nvl(f.t02ap_mate,'')) as revisorNombre,
	        h.smtp as revisorCorreo,
		    count(b.t114cod_pers) as totalEvaluar,
		    sum(case when (b.t114ind_accion not in ('4','5')) then 1 else 0 end) as totalNoEnviadosValidarLista,
		    sum(case when (b.t114ind_accion in ('4')) then 1 else 0 end) as totalEnviadosValidarLista,
		    sum(case when (b.t114ind_accion in ('5')) then 1 else 0 end) as totalValidadosLista,
		    sum(case when b.t114control in ('E') then 1 else 0 end) as totalBandejaEvaluador,
		    sum(case when b.t114control in ('EE') then 1 else 0 end) as totalBandejaRevisor,
		    sum(case when b.t114flag in ('T') and b.t114control in ('E') then 1 else 0 end) as totalBandejaTransferidos, 
		    sum(case when b.t114flag in ('0','I') and b.t114control in ('E') then 1 else 0 end) as totalPendientesEvaluar,
		    sum(case when b.t114flag in ('E','O') and b.t114control in ('E') then 1 else 0 end) as totalPendientesEnviarARevisor,
		    sum(case when b.t114flag in ('V') and b.t114control in ('EE') then 1 else 0 end) as totalPendientesRevisar,
		    sum(case when b.t114flag in ('C','O') and b.t114control in ('EE') then 1 else 0 end) as totalPendientesDevolverAEvaluador,
		    sum(case when b.t114flag in ('C') and b.t114control in ('E') then 1 else 0 end) as totalPendientesTransferir
		from  
		    t114evuorg b 
		    left join t12uorga a on a.t12cod_uorga = b.t114uo_evalua   
		    join t116jefuorg c on b.t114uo_evalua = c.t116cod_uorg and  b.t114periodo = c.t116periodo and c.t116tip_eval = '01'     
		    left join t116jefuorg d on b.t114uo_evalua = d.t116cod_uorg and  b.t114periodo = d.t116periodo and d.t116tip_eval = '02'  
            left join t02perdp e on e.t02cod_pers = c.t116cod_pers 
            left join t02perdp f on f.t02cod_pers = d.t116cod_pers
            left join correos g on g.cod_pers = c.t116cod_pers 
            left join correos h on h.cod_pers = d.t116cod_pers 
		where    
		    b.t114estado = '1' 
		    and  b.t114periodo = #codPeriodo# 
		    and b.t114ind_accion != '2' 
		    and b.t114grupo is not null 
		group by  
		    b.t114uo_evalua, 
		    unidadNombre, 
		    c.t116cod_pers,
		    d.t116cod_pers,
            evaluadorNombre,
            revisorNombre,
            evaluadorCorreo,
            revisorCorreo
		order by  
		    b.t114uo_evalua;  	
  </select>
  
  <select id="reporteMonitoreoUnidadesTotales" resultClass="ReporteMonitoreoUnidad" parameterClass="java.util.HashMap" >
		select 
			'TOTAL' as unidadCodigo,
		    count(b.t114cod_pers) as totalEvaluar,
		    sum(case when (b.t114ind_accion not in ('4','5')) then 1 else 0 end) as totalNoEnviadosValidarLista,
		    sum(case when (b.t114ind_accion in ('4')) then 1 else 0 end) as totalEnviadosValidarLista,
		    sum(case when (b.t114ind_accion in ('5')) then 1 else 0 end) as totalValidadosLista,
		    sum(case when b.t114control in ('E') then 1 else 0 end) as totalBandejaEvaluador,
		    sum(case when b.t114control in ('EE') then 1 else 0 end) as totalBandejaRevisor,
		    sum(case when b.t114flag in ('T') and b.t114control in ('E') then 1 else 0 end) as totalBandejaTransferidos, 
		    sum(case when b.t114flag in ('0','I') and b.t114control in ('E') then 1 else 0 end) as totalPendientesEvaluar,
		    sum(case when b.t114flag in ('E','O') and b.t114control in ('E') then 1 else 0 end) as totalPendientesEnviarARevisor,
		    sum(case when b.t114flag in ('V') and b.t114control in ('EE') then 1 else 0 end) as totalPendientesRevisar,
		    sum(case when b.t114flag in ('C','O') and b.t114control in ('EE') then 1 else 0 end) as totalPendientesDevolverAEvaluador,
		    sum(case when b.t114flag in ('C') and b.t114control in ('E') then 1 else 0 end) as totalPendientesTransferir
		from  
		    t114evuorg b 
		where    
            b.t114periodo = '201512'
		    and b.t114estado = '1' 
		    and b.t114ind_accion != '2' 
		    and b.t114grupo is not null;	
  </select>
  
  <!-- evaluacion devuelta -->
  
  <select id="obtenerEvaluado" resultClass="pe.gob.sunat.recurso2.humano.evaluacion.model.Evaluado" parameterClass="pe.gob.sunat.recurso2.humano.evaluacion.model.Evaluado" >
	    select 
	    	t114cod_uorg as codUnidadOrganizacionalPersonal,
	    	t114uo_evalua as codUnidadOrganizacional,
	    	trim(t02ap_pate)||' '||trim(t02ap_mate)||' '|| trim(t02nombres) as desNombreCompleto, 
	    	t114flag as indCondicion   
		from t114evuorg left join t02perdp on(t02cod_pers=t114cod_pers) 
	    <dynamic prepend="where">
	      <isNotNull prepend=" and " property="indAccion">t114ind_accion = #indAccion:CHAR#</isNotNull>
		  <isNotNull prepend=" and " property="codPeriodo">t114periodo = #codPeriodo:CHAR#</isNotNull>
		  <isNotNull prepend=" and " property="codPersonal">t114cod_pers = #codPersonal:CHAR#</isNotNull>
		  <isNotNull prepend=" and " property="indCondicion">t114flag = #indCondicion:CHAR#</isNotNull>
		  <isNotNull prepend=" and " property="indControl">t114control = #indControl:CHAR#</isNotNull>
		  <isNotNull prepend=" and " property="codEstado">t114estado = #codEstado:CHAR#</isNotNull>
		</dynamic>
  </select>
  
    <select id="contarEvaluados" resultClass="integer" parameterClass="pe.gob.sunat.recurso2.humano.evaluacion.model.Evaluado" >
	    select 
	    	count (t114cod_pers)
		from t114evuorg 
	    <dynamic prepend="where">
	      <isNotNull prepend=" and " property="indAccion">t114ind_accion = #indAccion:CHAR#</isNotNull>
		  <isNotNull prepend=" and " property="codPeriodo">t114periodo = #codPeriodo:CHAR#</isNotNull>
		  <isNotNull prepend=" and " property="codPersonal">t114cod_pers = #codPersonal:CHAR#</isNotNull>
		  <isNotNull prepend=" and " property="codUnidadOrganizacionalLike">t114uo_evalua like #codUnidadOrganizacionalLike:CHAR#</isNotNull>
		  <isNotNull prepend=" and " property="indCondicion">t114flag = #indCondicion:CHAR#</isNotNull>
		  <isNotNull prepend=" and " property="indControl">t114control = #indControl:CHAR#</isNotNull>
		  <isNotNull prepend=" and " property="codEstado">t114estado = #codEstado:CHAR#</isNotNull>
		  <isNotNull property="condiciones">
	          	<iterate property="condiciones" open="and (" conjunction=" or " close=")">t114flag=#condiciones[]#</iterate>
		  </isNotNull>
		  and t114grupo is not null 
		</dynamic>
  </select>
  
    <select id="listarEvaluadosDevueltos" resultClass="pe.gob.sunat.recurso2.humano.evaluacion.model.Evaluado" parameterClass="pe.gob.sunat.recurso2.humano.evaluacion.model.Evaluado" >
	    select 
	    	'false' as QUERYID,
	    	t114periodo as codPeriodo,
	    	t114uo_evalua as codUnidadOrganizacional,
	    	t114cod_pers as codPersonal,
	    	t114flag as indCondicion,
	    	t114grupo as codGrupo, 
	    	trim(t02ap_pate)||' '||trim(t02ap_mate)||' '|| trim(t02nombres) as desNombreCompleto, 
	    	count(t110cod_pers) as estLista     
		from t114evuorg left join t02perdp on(t02cod_pers=t114cod_pers) 
			 left join t110rendi on(t110periodo=t114periodo and t110tip_eval='01' and t110cod_pers=t114cod_pers) 
	    <dynamic prepend="where">
	      <isNotNull prepend=" and " property="indAccion">t114ind_accion = #indAccion:CHAR#</isNotNull>
		  <isNotNull prepend=" and " property="codPeriodo">t114periodo = #codPeriodo:CHAR#</isNotNull>
		  <isNotNull prepend=" and " property="codPersonal">t114cod_pers = #codPersonal:CHAR#</isNotNull>
		  <isNotNull prepend=" and " property="codUnidadOrganizacional">t114uo_evalua = #codUnidadOrganizacional:CHAR#</isNotNull>
		  <isNotNull prepend=" and " property="codUnidadOrganizacionalLike">t114uo_evalua like #codUnidadOrganizacionalLike:CHAR#</isNotNull>
		  <isNotNull prepend=" and " property="indCondicion">t114flag = #indCondicion:CHAR#</isNotNull>
		  <isNotNull prepend=" and " property="codEstado">t114estado = #codEstado:CHAR#</isNotNull>
		  <isNotNull property="condiciones">
	          	<iterate property="condiciones" open="and (" conjunction=" or " close=")">t114flag=#condiciones[]#</iterate>
		  </isNotNull>
		  and t114grupo is not null 
		  and nvl(t114uo_evalua,'') != ''  
		</dynamic> 
		group by t114periodo, t114uo_evalua, t114cod_pers, t114flag, t114grupo, desNombreCompleto 
	    order by t114cod_pers    
  </select>
  <!-- evaluacion devuelta fin -->
  
  <!-- reporte distribución -->
  
  <select id="reporteDistribucionByGrupo" resultClass="pe.gob.sunat.recurso2.humano.evaluacion.bean.ReporteDistribucion" parameterClass="java.util.HashMap" >
		select 
		    r.t110cod_factor as codCompetencia,
		    sum(case when r.t110nota_fact>=100 then 1 else 0 end) cntAltacompetencia,
		    sum(case when r.t110nota_fact&lt;100 and r.t110nota_fact>=75 then 1 else 0 end) cntCompetente,
		    sum(case when r.t110nota_fact&lt;75 and r.t110nota_fact>=50 then 1 else 0 end) cntCompetenciadesarrollo,
		    sum(case when r.t110nota_fact&lt;50 then 1 else 0 end) cntBajacompetencia,
		    sum(1) cntTotal
		from 
		    t110rendi r, 
		    t114evuorg e 
		<dynamic prepend="where"> 
		    r.t110periodo = #codPeriodo# 
		    and r.t110flag = '0' 
		    and r.t110periodo = e.t114periodo
		    and r.t110cod_pers = e.t114cod_pers 
		    and e.t114flag = 'T' 
		    and e.t114grupo = #codGrupo# 
		    <isNotNull property="codUnidadOrganizacionalLike"> and e.t114uo_evalua like #codUnidadOrganizacionalLike# </isNotNull>
		</dynamic>
		group by 
		    r.t110periodo, 
		    r.t110cod_factor  
		order by 
		    r.t110cod_factor 
  </select>
  
  <!-- reporte distribución fin -->
  
  

</sqlMap>