<?xml version="1.0" encoding="UTF-8" ?>
<!DOCTYPE sqlMap PUBLIC "-//ibatis.apache.org//DTD SQL Map 2.0//EN" "http://ibatis.apache.org/dtd/sql-map-2.dtd" >
<sqlMap namespace="T114jefuorg" >

  <!-- Relación de unidades organizacionales por jefes -->
  <select id="listarUnidadesOrganizacionales" resultClass="java.lang.String" parameterClass="java.util.HashMap" >
    select distinct t114cod_uorg from t114jefuorg 
    <dynamic prepend="where">
	  <isNotNull prepend=" and " property="codPeriodo">t114periodo = #codPeriodo:CHAR#</isNotNull>
	  <isNotNull prepend=" and " property="codPersonal">t114cod_pers = #codPersonal:CHAR#</isNotNull>
	  <isNotNull prepend=" and " property="codTipEvaluador">t114evaluador = #codTipEvaluador:CHAR#</isNotNull>
	</dynamic>
    order by t114cod_uorg
  </select>

</sqlMap>