<?xml version="1.0" encoding="UTF-8" ?>
<!DOCTYPE sqlMap PUBLIC "-//ibatis.apache.org//DTD SQL Map 2.0//EN" "http://ibatis.apache.org/dtd/sql-map-2.dtd" >
<sqlMap namespace="T115histeva" >

 <resultMap id="BaseResultMap" class="pe.gob.sunat.recurso2.humano.evaluacion.model.Periodo" >
    <result column="t115periodo" property="codPeriodo" jdbcType="CHAR" />
    <result column="t115rige_del" property="fecInicioAlcance" jdbcType="DATE" />
    <result column="t115rige_al" property="fecFinAlcance" jdbcType="DATE" />
    <result column="t115f_inicio" property="fecInicioEvaluacion" jdbcType="DATE" />
    <result column="t115f_fin" property="fecFinEvaluacion" jdbcType="DATE" />
    <result column="t115n_personal" property="cntInicioEvaluacion" jdbcType="INTEGER" />
    <result column="t115n_evaluados" property="cntEvaluar" jdbcType="INTEGER" />
    <result column="t115n_meses" property="cntMesesEvaluacion" jdbcType="INTEGER" />
    <result column="t115ctd_meses_y" property="cntMinMesesInstitucion" jdbcType="INTEGER" />
    <result column="t115ctd_meses_x" property="cntMinMesesUnidad" jdbcType="INTEGER" />
    <result column="t115observa" property="desTituloEvaluacion" jdbcType="CHAR" />
    <result column="t115estado" property="codEstado" jdbcType="CHAR" />
    <result column="t115f_graba" property="fecRegistro" jdbcType="TIMESTAMP" />
    <result column="t115cod_user" property="codUsuario" jdbcType="CHAR" />
    <result column="t115flag" property="indBono" jdbcType="CHAR" />
    <result column="ind_visual" property="indVisualizasHoja" jdbcType="CHAR" />
    <result column="ind_visual_jefes" property="indVisualizasHojaEval" jdbcType="CHAR" />
  </resultMap>
  
  <select id="selectByPrimaryKey" resultMap="BaseResultMap" parameterClass="pe.gob.sunat.recurso2.humano.evaluacion.model.Periodo" >
    select 'false' as QUERYID, 
    	t115periodo, t115rige_del, t115rige_al, t115f_inicio, t115f_fin, t115n_personal, t115n_evaluados,
    	t115n_meses, t115ctd_meses_y, t115ctd_meses_x, t115observa, t115estado, t115f_graba, t115cod_user,
		t115flag, ind_visual, ind_visual_jefes 
    from t115histev
    where t115periodo = #codPeriodo#
  </select>
  
  <select id="listByParameter" resultMap="BaseResultMap" parameterClass="pe.gob.sunat.recurso2.humano.evaluacion.model.Periodo" >
    select 'false' as QUERYID, 
    	t115periodo, t115rige_del, t115rige_al, t115f_inicio, t115f_fin, t115n_personal, t115n_evaluados,
    	t115n_meses, t115ctd_meses_y, t115ctd_meses_x, t115observa, t115estado, t115f_graba, t115cod_user,
		t115flag, ind_visual, ind_visual_jefes 
    from t115histev 
    <dynamic prepend="where">
	  <isNotNull prepend=" and " property="codPeriodo">t115periodo = #codPeriodo:CHAR#</isNotNull>
	  <isNotNull prepend=" and " property="codEstado">t115estado = #codEstado:CHAR#</isNotNull>
	</dynamic>
    order by t115periodo desc    
  </select>
  
  <select id="listByEstados" parameterClass="HashMap" resultMap="BaseResultMap">
    select 'false' as QUERYID, 
    	t115periodo, t115rige_del, t115rige_al, t115f_inicio, t115f_fin, t115n_personal, t115n_evaluados,
    	t115n_meses, t115ctd_meses_y, t115ctd_meses_x, t115observa, t115estado, t115f_graba, t115cod_user,
		t115flag, ind_visual, ind_visual_jefes 
    from t115histev 
    <dynamic prepend="where">
    	<isNotNull prepend=" and " property="lstEstados">
          	<iterate property="lstEstados" open="(" conjunction=" or " close=")">t115estado=#lstEstados[]#</iterate>
	  	</isNotNull>
     <isNotNull prepend=" and " property="codPeriodoMinimo">t115periodo &gt;= #codPeriodoMinimo:CHAR#</isNotNull>
     </dynamic>
     order by t115periodo desc 
</select>
 

</sqlMap>