<?xml version="1.0" encoding="UTF-8" ?>
<!DOCTYPE sqlMap PUBLIC "-//ibatis.apache.org//DTD SQL Map 2.0//EN" "http://ibatis.apache.org/dtd/sql-map-2.dtd" >
<sqlMap namespace="T116jefuorg" >


  <!-- Relación de unidades organizacionales por evaluadores -->
  <select id="listarUnidadesOrganizacionales" resultClass="java.lang.String" parameterClass="java.util.HashMap" >
    select distinct t116cod_uorg from t116jefuorg 
    <dynamic prepend="where">
	  <isNotNull prepend=" and " property="codPeriodo">t116periodo = #codPeriodo:CHAR#</isNotNull>
	  <isNotNull prepend=" and " property="codPersonal">t116cod_pers = #codPersonal:CHAR#</isNotNull>
	  <isNotNull prepend=" and " property="codTipEvaluador">t116tip_eval = #codTipEvaluador:CHAR#</isNotNull>
	</dynamic>
    order by t116cod_uorg
  </select>
  
  <select id="listarPersonal" resultClass="java.lang.String" parameterClass="java.util.HashMap" >
    select distinct t116cod_pers from t116jefuorg 
    <dynamic prepend="where">
	  <isNotNull prepend=" and " property="codPeriodo">t116periodo = #codPeriodo:CHAR#</isNotNull>
	  <isNotNull prepend=" and " property="codUnidadOrganizacional">t116cod_uorg = #codUnidadOrganizacional:CHAR#</isNotNull>
	  <isNotNull prepend=" and " property="codTipEvaluador">t116tip_eval = #codTipEvaluador:CHAR#</isNotNull>
	</dynamic>
    order by t116cod_pers
  </select>
 

</sqlMap>