<?xml version="1.0" encoding="UTF-8" ?>
<!DOCTYPE sqlMap PUBLIC "-//ibatis.apache.org//DTD SQL Map 2.0//EN" "http://ibatis.apache.org/dtd/sql-map-2.dtd" >
<sqlMap namespace="t11histo" >
  <resultMap id="BaseResultMap" class="pe.gob.sunat.recurso2.humano.evaluacion.model.Accion" >
    <result column="t11anho" property="anho" jdbcType="CHAR" />
    <result column="t11num_acc" property="numAcc" jdbcType="CHAR" />
    <result column="t11tipo_acc" property="tipoAcc" jdbcType="CHAR" />
    <result column="t11cod_pers" property="codPers" jdbcType="CHAR" />
    <result column="t11cod_uorg" property="codUorg" jdbcType="CHAR" />
    <result column="t11cod_uorg_ante" property="codUorgAnte" jdbcType="CHAR" />
    <result column="t11cod_cate" property="codCate" jdbcType="CHAR" />
    <result column="t11cod_cate_ante" property="codCateAnte" jdbcType="CHAR" />
    <result column="t11cod_carg" property="codCarg" jdbcType="CHAR" />
    <result column="t11f_inicio" property="finicio" jdbcType="DATE" />
    <result column="t11f_fin" property="ffin" jdbcType="DATE" />
    <result column="t11observa" property="observa" jdbcType="CHAR" />
    <result column="t11f_emision" property="femision" jdbcType="DATE" />
    <result column="t11cod_cont" property="codCont" jdbcType="CHAR" />
    <result column="t11lib_elec" property="libElec" jdbcType="CHAR" />
    <result column="t11estado" property="estado" jdbcType="CHAR" />
    <result column="t11accion_permuta" property="accionPermuta" jdbcType="CHAR" />
    <result column="t11f_graba" property="fgraba" jdbcType="TIMESTAMP" />
    <result column="t11cod_user" property="codUser" jdbcType="CHAR" />
  </resultMap>
  
  <sql id="Example_Where_Clause" >
    <iterate property="oredCriteria" conjunction="or" prepend="where" removeFirstPrepend="iterate" >
      <isEqual property="oredCriteria[].valid" compareValue="true" >
        (
        <iterate prepend="and" property="oredCriteria[].criteriaWithoutValue" conjunction="and" >
          $oredCriteria[].criteriaWithoutValue[]$
        </iterate>
        <iterate prepend="and" property="oredCriteria[].criteriaWithSingleValue" conjunction="and" >
          $oredCriteria[].criteriaWithSingleValue[].condition$
            #oredCriteria[].criteriaWithSingleValue[].value#
        </iterate>
        <iterate prepend="and" property="oredCriteria[].criteriaWithListValue" conjunction="and" >
          $oredCriteria[].criteriaWithListValue[].condition$
          <iterate property="oredCriteria[].criteriaWithListValue[].values" open="(" close=")" conjunction="," >
            #oredCriteria[].criteriaWithListValue[].values[]#
          </iterate>
        </iterate>
        <iterate prepend="and" property="oredCriteria[].criteriaWithBetweenValue" conjunction="and" >
          $oredCriteria[].criteriaWithBetweenValue[].condition$
          #oredCriteria[].criteriaWithBetweenValue[].values[0]# and
          #oredCriteria[].criteriaWithBetweenValue[].values[1]#
        </iterate>
        )
      </isEqual>
    </iterate>
  </sql>
  
  <select id="selectByExample" resultMap="BaseResultMap" parameterClass="pe.gob.sunat.recurso2.humano.evaluacion.model.AccionExample" >
    select t11anho, t11num_acc, t11tipo_acc, t11cod_pers, t11cod_uorg, t11cod_uorg_ante,
      t11cod_cate, t11cod_cate_ante, t11cod_carg, t11f_inicio, t11f_fin, t11observa, t11f_emision,
      t11cod_cont, t11lib_elec, t11estado, t11accion_permuta, t11f_graba, t11cod_user
    from t11histo
    <isParameterPresent >
      <include refid="t11histo.Example_Where_Clause" />
      <isNotNull property="orderByClause" >
        order by $orderByClause$
      </isNotNull>
    </isParameterPresent>
  </select>
  
  <delete id="deleteByExample" parameterClass="pe.gob.sunat.recurso2.humano.evaluacion.model.AccionExample" >
    delete from t11histo
    <include refid="t11histo.Example_Where_Clause" />
  </delete>
  
  <insert id="insert" parameterClass="pe.gob.sunat.recurso2.humano.evaluacion.model.Accion" >
    insert into t11histo (t11anho, t11num_acc, t11tipo_acc, t11cod_pers, t11cod_uorg,
      t11cod_uorg_ante, t11cod_cate, t11cod_cate_ante, t11cod_carg, t11f_inicio, t11f_fin,
      t11observa, t11f_emision, t11cod_cont, t11lib_elec, t11estado, t11accion_permuta, t11f_graba,
      t11cod_user)
    values (#anho:CHAR#, #numAcc:CHAR#, #tipoAcc:CHAR#, #codPers:CHAR#,
      #codUorg:CHAR#, #codUorgAnte:CHAR#, #codCate:CHAR#, #codCateAnte:CHAR#,
      #codCarg:CHAR#, #finicio:DATE#, #ffin:DATE#, #observa:CHAR#, #femision:DATE#,
      #codCont:CHAR#, #libElec:CHAR#, #estado:CHAR#, #accionPermuta:CHAR#,
      #fgraba:TIMESTAMP#, #codUser:CHAR#)
  </insert>
  
  <insert id="insertSelective" parameterClass="pe.gob.sunat.recurso2.humano.evaluacion.model.Accion" >
    insert into t11histo
    <dynamic prepend="(" >
      <isNotNull prepend="," property="anho" >
        t11anho
      </isNotNull>
      <isNotNull prepend="," property="numAcc" >
        t11num_acc
      </isNotNull>
      <isNotNull prepend="," property="tipoAcc" >
        t11tipo_acc
      </isNotNull>
      <isNotNull prepend="," property="codPers" >
        t11cod_pers
      </isNotNull>
      <isNotNull prepend="," property="codUorg" >
        t11cod_uorg
      </isNotNull>
      <isNotNull prepend="," property="codUorgAnte" >
        t11cod_uorg_ante
      </isNotNull>
      <isNotNull prepend="," property="codCate" >
        t11cod_cate
      </isNotNull>
      <isNotNull prepend="," property="codCateAnte" >
        t11cod_cate_ante
      </isNotNull>
      <isNotNull prepend="," property="codCarg" >
        t11cod_carg
      </isNotNull>
      <isNotNull prepend="," property="finicio" >
        t11f_inicio
      </isNotNull>
      <isNotNull prepend="," property="ffin" >
        t11f_fin
      </isNotNull>
      <isNotNull prepend="," property="observa" >
        t11observa
      </isNotNull>
      <isNotNull prepend="," property="femision" >
        t11f_emision
      </isNotNull>
      <isNotNull prepend="," property="codCont" >
        t11cod_cont
      </isNotNull>
      <isNotNull prepend="," property="libElec" >
        t11lib_elec
      </isNotNull>
      <isNotNull prepend="," property="estado" >
        t11estado
      </isNotNull>
      <isNotNull prepend="," property="accionPermuta" >
        t11accion_permuta
      </isNotNull>
      <isNotNull prepend="," property="fgraba" >
        t11f_graba
      </isNotNull>
      <isNotNull prepend="," property="codUser" >
        t11cod_user
      </isNotNull>
      )
    </dynamic>
    values
    <dynamic prepend="(" >
      <isNotNull prepend="," property="anho" >
        #anho:CHAR#
      </isNotNull>
      <isNotNull prepend="," property="numAcc" >
        #numAcc:CHAR#
      </isNotNull>
      <isNotNull prepend="," property="tipoAcc" >
        #tipoAcc:CHAR#
      </isNotNull>
      <isNotNull prepend="," property="codPers" >
        #codPers:CHAR#
      </isNotNull>
      <isNotNull prepend="," property="codUorg" >
        #codUorg:CHAR#
      </isNotNull>
      <isNotNull prepend="," property="codUorgAnte" >
        #codUorgAnte:CHAR#
      </isNotNull>
      <isNotNull prepend="," property="codCate" >
        #codCate:CHAR#
      </isNotNull>
      <isNotNull prepend="," property="codCateAnte" >
        #codCateAnte:CHAR#
      </isNotNull>
      <isNotNull prepend="," property="codCarg" >
        #codCarg:CHAR#
      </isNotNull>
      <isNotNull prepend="," property="finicio" >
        #finicio:DATE#
      </isNotNull>
      <isNotNull prepend="," property="ffin" >
        #ffin:DATE#
      </isNotNull>
      <isNotNull prepend="," property="observa" >
        #observa:CHAR#
      </isNotNull>
      <isNotNull prepend="," property="femision" >
        #femision:DATE#
      </isNotNull>
      <isNotNull prepend="," property="codCont" >
        #codCont:CHAR#
      </isNotNull>
      <isNotNull prepend="," property="libElec" >
        #libElec:CHAR#
      </isNotNull>
      <isNotNull prepend="," property="estado" >
        #estado:CHAR#
      </isNotNull>
      <isNotNull prepend="," property="accionPermuta" >
        #accionPermuta:CHAR#
      </isNotNull>
      <isNotNull prepend="," property="fgraba" >
        #fgraba:TIMESTAMP#
      </isNotNull>
      <isNotNull prepend="," property="codUser" >
        #codUser:CHAR#
      </isNotNull>
      )
    </dynamic>
  </insert>
  
  <select id="countByExample" parameterClass="pe.gob.sunat.recurso2.humano.evaluacion.model.AccionExample" resultClass="java.lang.Integer" >
    select count(*) from t11histo
    <include refid="t11histo.Example_Where_Clause" />
  </select>
  
  <update id="updateByExampleSelective" >
    update t11histo
    <dynamic prepend="set" >
      <isNotNull prepend="," property="record.t11anho" >
        t11anho = #record.anho:CHAR#
      </isNotNull>
      <isNotNull prepend="," property="record.t11numAcc" >
        t11num_acc = #record.numAcc:CHAR#
      </isNotNull>
      <isNotNull prepend="," property="record.t11tipoAcc" >
        t11tipo_acc = #record.tipoAcc:CHAR#
      </isNotNull>
      <isNotNull prepend="," property="record.t11codPers" >
        t11cod_pers = #record.codPers:CHAR#
      </isNotNull>
      <isNotNull prepend="," property="record.t11codUorg" >
        t11cod_uorg = #record.codUorg:CHAR#
      </isNotNull>
      <isNotNull prepend="," property="record.t11codUorgAnte" >
        t11cod_uorg_ante = #record.codUorgAnte:CHAR#
      </isNotNull>
      <isNotNull prepend="," property="record.t11codCate" >
        t11cod_cate = #record.codCate:CHAR#
      </isNotNull>
      <isNotNull prepend="," property="record.t11codCateAnte" >
        t11cod_cate_ante = #record.codCateAnte:CHAR#
      </isNotNull>
      <isNotNull prepend="," property="record.t11codCarg" >
        t11cod_carg = #record.codCarg:CHAR#
      </isNotNull>
      <isNotNull prepend="," property="record.t11finicio" >
        t11f_inicio = #record.finicio:DATE#
      </isNotNull>
      <isNotNull prepend="," property="record.t11ffin" >
        t11f_fin = #record.ffin:DATE#
      </isNotNull>
      <isNotNull prepend="," property="record.t11observa" >
        t11observa = #record.observa:CHAR#
      </isNotNull>
      <isNotNull prepend="," property="record.t11femision" >
        t11f_emision = #record.femision:DATE#
      </isNotNull>
      <isNotNull prepend="," property="record.t11codCont" >
        t11cod_cont = #record.codCont:CHAR#
      </isNotNull>
      <isNotNull prepend="," property="record.t11libElec" >
        t11lib_elec = #record.libElec:CHAR#
      </isNotNull>
      <isNotNull prepend="," property="record.t11estado" >
        t11estado = #record.estado:CHAR#
      </isNotNull>
      <isNotNull prepend="," property="record.t11accionPermuta" >
        t11accion_permuta = #record.accionPermuta:CHAR#
      </isNotNull>
      <isNotNull prepend="," property="record.t11fgraba" >
        t11f_graba = #record.fgraba:TIMESTAMP#
      </isNotNull>
      <isNotNull prepend="," property="record.t11codUser" >
        t11cod_user = #record.codUser:CHAR#
      </isNotNull>
    </dynamic>
    <isParameterPresent >
      <include refid="t11histo.Example_Where_Clause" />
    </isParameterPresent>
  </update>
  
  <update id="updateByExample" >
    update t11histo
    set t11anho = #record.anho:CHAR#,
      t11num_acc = #record.numAcc:CHAR#,
      t11tipo_acc = #record.tipoAcc:CHAR#,
      t11cod_pers = #record.codPers:CHAR#,
      t11cod_uorg = #record.codUorg:CHAR#,
      t11cod_uorg_ante = #record.codUorgAnte:CHAR#,
      t11cod_cate = #record.codCate:CHAR#,
      t11cod_cate_ante = #record.codCateAnte:CHAR#,
      t11cod_carg = #record.codCarg:CHAR#,
      t11f_inicio = #record.finicio:DATE#,
      t11f_fin = #record.ffin:DATE#,
      t11observa = #record.observa:CHAR#,
      t11f_emision = #record.femision:DATE#,
      t11cod_cont = #record.codCont:CHAR#,
      t11lib_elec = #record.libElec:CHAR#,
      t11estado = #record.estado:CHAR#,
      t11accion_permuta = #record.accionPermuta:CHAR#,
      t11f_graba = #record.fgraba:TIMESTAMP#,
      t11cod_user = #record.codUser:CHAR#
    <isParameterPresent >
      <include refid="t11histo.Example_Where_Clause" />
    </isParameterPresent>
  </update>
  
</sqlMap>