<?xml version="1.0" encoding="UTF-8" ?>
<!DOCTYPE sqlMap PUBLIC "-//ibatis.apache.org//DTD SQL Map 2.0//EN" "http://ibatis.apache.org/dtd/sql-map-2.dtd" >
<sqlMap namespace="T145fact_indi" >

  <resultMap id="BaseResultMap" class="pe.gob.sunat.recurso2.humano.evaluacion.model.Comportamiento" >
    <result column="t145codigo" property="codComportamiento" jdbcType="CHAR" />
    <result column="t145tipo" property="codTipo" jdbcType="CHAR" />
    <result column="t145descripcion" property="desComportamiento" jdbcType="CHAR" />
    <result column="t145abreviatura" property="desAbreviatura" jdbcType="CHAR" />
    <result column="t145siglas" property="codSigla" jdbcType="CHAR" />
    <result column="t145puntaje" property="cntPuntaje" jdbcType="DECIMAL" />
    <result column="t145detalle" property="desDetalle" jdbcType="VARCHAR" />
    <result column="t145f_graba" property="fecRegistro" jdbcType="DATE" />
    <result column="t145cod_user" property="codRegistro" jdbcType="CHAR" />
    <result column="t145estado" property="codEstado" jdbcType="CHAR" /> 
    <result column="obs_factor1" property="desObserva1" jdbcType="VARCHAR" />
    <result column="obs_factor2" property="desObserva2" jdbcType="VARCHAR" />
    <result column="obs_factor2" property="desObserva2" jdbcType="VARCHAR" />
    <result column="des_observ" property="desObserv" jdbcType="VARCHAR" />
  </resultMap>
  
  <resultMap id="BaseResultMapCriterio" class="pe.gob.sunat.recurso2.humano.evaluacion.model.Comportamiento" extends="T145fact_indi.BaseResultMap" >
    <result column="cod_competencia" property="codCompetencia" jdbcType="CHAR" />
    <result column="cod_criterio" property="codCriterio" jdbcType="CHAR" />
  </resultMap>

  <select id="selectByPrimaryKey" resultMap="BaseResultMap" parameterClass="pe.gob.sunat.recurso2.humano.evaluacion.model.Comportamiento">
    select 'false' as QUERYID, t145codigo, t145tipo, t145descripcion, t145abreviatura, t145siglas, t145puntaje,
		   t145detalle, t145f_graba, t145cod_user, t145estado, obs_factor1, obs_factor2, '' as des_observ
	from t145fact_indi
	where t145codigo=#codComportamiento# and t145tipo=#codTipo# 
  </select>
  
  <select id="selectByParams" resultMap="BaseResultMapCriterio" parameterClass="pe.gob.sunat.recurso2.humano.evaluacion.model.Comportamiento">
    select 'false' as QUERYID, t145codigo, t145tipo, t145descripcion, t145abreviatura, t145siglas, t145puntaje,
		t145detalle, t145f_graba, t145cod_user, t145estado, obs_factor1, obs_factor2, '' as des_observ, 
		t145codigo[3,4] as cod_competencia,  
		t145codigo[5,6] as cod_criterio 
	from t145fact_indi
	<dynamic prepend="where">
	  <isNotNull prepend=" and " property="codGrupo">t145codigo like '$codGrupo$%'</isNotNull>
	  <isNotNull prepend=" and " property="codCompetencia">t145codigo like '$codCompetencia$%'</isNotNull>
	  <isNotNull prepend=" and " property="codComportamiento">t145codigo = #codComportamiento:CHAR#</isNotNull>
	  <isNotNull prepend=" and " property="codTipo">t145tipo = #codTipo:CHAR#</isNotNull>
	  <isNotNull prepend=" and " property="codEstado">t145estado = #codEstado:CHAR#</isNotNull>
	</dynamic>
    order by t145codigo 
  </select>
  
  <select id="listarPorGrupoCompetencia" resultMap="BaseResultMap" parameterClass="java.util.HashMap">
    select 'false' as QUERYID, t145codigo, t145tipo, t145descripcion, t145abreviatura, t145siglas, t145puntaje,
	t145detalle, t145f_graba, t145cod_user, t145estado, obs_factor1, obs_factor2, nvl(r.des_observ,'') as des_observ 
	from t145fact_indi left join t110rendi r on r.t110cod_factor=substr(t145codigo,3,2)
		and r.t110cod_pers = #codPers:CHAR#
	    and r.t110periodo = #codPeriodo:CHAR#
	<dynamic prepend="where">
	  <isNotNull prepend=" and " property="codGrupo">t145codigo like '$codGrupo$%'</isNotNull>
	  <isNotNull prepend=" and " property="codCompetencia">t145codigo like '$codCompetencia$%'</isNotNull>
	  <isNotNull prepend=" and " property="codTipo">t145tipo = #codTipo:CHAR#</isNotNull>
	  <isNotNull prepend=" and " property="codEstado">t145estado = #codEstado:CHAR#</isNotNull>

	</dynamic>
    order by t145codigo 
  </select>
  
  <resultMap id="BaseResultMapEvaluacion" class="pe.gob.sunat.recurso2.humano.evaluacion.model.Comportamiento" extends="BaseResultMap">
    <result column="t110nota_indica" property="cntNotaComportamiento" jdbcType="DECIMAL" />
    <result column="t110flag" property="codNotaComportamiento" jdbcType="CHAR" />
    <result column="cod_nivel" property="codNivel" jdbcType="CHAR" />   
    <result column="des_nivel_alcanlar" property="desNivelAlc" jdbcType="CHAR" /> 
  </resultMap>
  
  
  <select id="listarPorCompetencia" resultMap="BaseResultMapEvaluacion" parameterClass="java.util.HashMap">	
  	select 
  		a.t145codigo, 
  		a.t145tipo, 
  		a.t145descripcion, 
  		a.t145abreviatura, 
  		a.t145siglas, 
  		a.t145puntaje,
		a.t145detalle, 
		a.t145f_graba, 
		a.t145cod_user, 
		a.t145estado, 
		a.obs_factor1, 
		a.obs_factor2, 
		b.t110nota_indica, 
		b.t110flag,
	    n.cod_nivel,
	    n.des_nivel_alcanlar,
	    '' as des_observ
	from t145fact_indi a left join 
	t110notaind b on(a.t145codigo=b.t110grupo||b.t110cod_factor||b.t110cod_indica and 
				     b.t110cod_pers=#codPersonal# and b.t110periodo=#codPeriodo# and 
				     b.t110flag not in ('A','D'))
				     inner join t1532comen_nivel n on n.cod_criterio = a.t145codigo 
	<dynamic prepend="where">
	  <isNotNull prepend=" and " property="codCompetencia">a.t145codigo like '$codCompetencia$%'</isNotNull>
	  <isNotNull prepend=" and " property="codTipo">a.t145tipo = #codTipo:CHAR#</isNotNull>
	  <isNotNull prepend=" and " property="codEstado">a.t145estado = #codEstado:CHAR#</isNotNull>
	  <isNotNull prepend=" and " property="esDirectivo">n.cod_nivel[1,1] = #esDirectivo:CHAR#</isNotNull>	  
	</dynamic>
    order by a.t145codigo
  </select>
  
  

</sqlMap>