<?xml version="1.0" encoding="UTF-8" ?>
<!DOCTYPE sqlMap PUBLIC "-//ibatis.apache.org//DTD SQL Map 2.0//EN" "http://ibatis.apache.org/dtd/sql-map-2.dtd" >
<sqlMap namespace="T43evper" >

  <resultMap id="BaseResultMap" class="pe.gob.sunat.recurso2.humano.evaluacion.model.Evaluacion" >
    <result column="t43periodo" property="codPeriodo" jdbcType="CHAR" />
    <result column="t43cod_pers" property="codPersonal" jdbcType="CHAR" />
    <result column="t43cod_uorg" property="codUnidadOrganizacional" jdbcType="CHAR" />
    <result column="t43grupo" property="codGrupo" jdbcType="CHAR" />
    <result column="t43nota_prom" property="cntNota" jdbcType="DECIMAL" />
    <result column="t43estado" property="codEstado" jdbcType="CHAR" />
    <result column="t43comentarios" property="desComentarios" jdbcType="VARCHAR" />
    <result column="t43observ1" property="desObservacionEvaluador" jdbcType="VARCHAR" />
    <result column="t43f_graba" property="fecRegistro" jdbcType="TIMESTAMP" />
    <result column="t43cod_user" property="codUsuario" jdbcType="CHAR" />
    <result column="t43ind_acept_id" property="esEvaluacionComunicada" jdbcType="CHAR" /> <!-- N:No, S:SI -->
  </resultMap>

  
  <select id="selectByPrimaryKey" resultMap="BaseResultMap" parameterClass="pe.gob.sunat.recurso2.humano.evaluacion.model.Evaluacion">
	select 'false' as QUERYID, t43periodo,t43cod_pers,t43cod_uorg,
	t43grupo,t43nota_prom,t43estado,t43comentarios,t43observ1,t43f_graba,t43cod_user,t43ind_acept_id 
	from t43evper
	where t43periodo=#codPeriodo# and t43cod_pers=#codPersonal# and t43cod_uorg=#codUnidadOrganizacional#
  </select>
  
  
  <!-- La tabla no tiene clave primaria, actualiza por indice unico -->
  <update id="updateByPrimaryKeySelective" parameterClass="pe.gob.sunat.recurso2.humano.evaluacion.model.Evaluacion" >
    update t43evper
    <dynamic prepend="set" >
      <isNotNull prepend="," property="desObservacionEvaluador">
        t43observ1 = #desObservacionEvaluador:VARCHAR#
      </isNotNull>
      <isNotNull prepend="," property="fecRegistro">
        t43f_graba = #fecRegistro:TIMESTAMP#
      </isNotNull>
      <isNotNull prepend="," property="codUsuario">
        t43cod_user = #codUsuario:CHAR#
      </isNotNull>
      <isNotNull prepend="," property="esEvaluacionComunicada">
        t43ind_acept_id = #esEvaluacionComunicada:CHAR#
      </isNotNull>
      <isNotNull prepend="," property="codEstado">
        t43estado = #codEstado:CHAR#
      </isNotNull>
      <isNotNull prepend="," property="codEstadoConsulta">
        t43estado_per = #codEstadoConsulta:CHAR#
      </isNotNull>
    </dynamic>
    where t43periodo=#codPeriodo# and t43cod_pers=#codPersonal# and t43cod_uorg=#codUnidadOrganizacional# 
  </update>

  
  <insert id="insertSelective" parameterClass="pe.gob.sunat.recurso2.humano.evaluacion.model.Evaluacion" >
    insert into t43evper
    <dynamic prepend="(" >
      <isNotNull prepend="," property="codPeriodo">
        t43periodo
      </isNotNull>
      <isNotNull prepend="," property="codPersonal">
        t43cod_pers
      </isNotNull>
      <isNotNull prepend="," property="codUnidadOrganizacional">
        t43cod_uorg
      </isNotNull>
      <isNotNull prepend="," property="codGrupo">
        t43grupo
      </isNotNull>
      <isNotNull prepend="," property="cntNota">
        t43nota_prom
      </isNotNull>
      <isNotNull prepend="," property="codEstado">
        t43estado
      </isNotNull>
      <isNotNull prepend="," property="desComentarios">
        t43comentarios
      </isNotNull>
      <isNotNull prepend="," property="desObservacionEvaluador">
        t43observ1
      </isNotNull>
      <isNotNull prepend="," property="fecRegistro">
        t43f_graba
      </isNotNull>
      <isNotNull prepend="," property="codUsuario">
        t43cod_user
      </isNotNull>
      <isNotNull prepend="," property="esEvaluacionComunicada">
        t43ind_acept_id
      </isNotNull>
      )
    </dynamic>
    values
    <dynamic prepend="(" >
	  <isNotNull prepend="," property="codPeriodo">
        #codPeriodo:CHAR#
      </isNotNull>
      <isNotNull prepend="," property="codPersonal">
        #codPersonal:CHAR#
      </isNotNull>
      <isNotNull prepend="," property="codUnidadOrganizacional">
        #codUnidadOrganizacional:CHAR#
      </isNotNull>
      <isNotNull prepend="," property="codGrupo">
        #codGrupo:CHAR#
      </isNotNull>
      <isNotNull prepend="," property="cntNota">
        #cntNota:DECIMAL#
      </isNotNull>
      <isNotNull prepend="," property="codEstado">
        #codEstado:CHAR#
      </isNotNull>
      <isNotNull prepend="," property="desComentarios">
        #desComentarios:VARCHAR#
      </isNotNull>
      <isNotNull prepend="," property="desObservacionEvaluador">
        #desObservacionEvaluador:VARCHAR#
      </isNotNull>
      <isNotNull prepend="," property="fecRegistro">
        #fecRegistro:DATE#
      </isNotNull>
      <isNotNull prepend="," property="codUsuario">
        #codUsuario:CHAR#
      </isNotNull>
      <isNotNull prepend="," property="esEvaluacionComunicada">
        #esEvaluacionComunicada:CHAR#
      </isNotNull>
      )
    </dynamic>
  </insert>
  
  
  <select id="listByParameter" resultMap="BaseResultMap" parameterClass="pe.gob.sunat.recurso2.humano.evaluacion.model.Evaluacion">
    select 'false' as QUERYID, t43periodo,t43cod_pers,t43cod_uorg,
	t43grupo,t43nota_prom,t43estado,t43comentarios,t43observ1,t43f_graba,t43cod_user,t43ind_acept_id 
	from t43evper
	<dynamic prepend="where">
		<isNotNull prepend=" and " property="codPeriodo">t43periodo = #codPeriodo:CHAR#</isNotNull>
		<isNotNull prepend=" and " property="codPersonal">t43cod_pers = #codPersonal:CHAR#</isNotNull>
		<isNotNull prepend=" and " property="codUnidadOrganizacional">t43cod_uorg = #codUnidadOrganizacional:CHAR#</isNotNull>
	</dynamic>
    order by t43periodo 
  </select>

</sqlMap>