<?xml version="1.0" encoding="UTF-8" ?>
<!DOCTYPE sqlMap PUBLIC "-//ibatis.apache.org//DTD SQL Map 2.0//EN" "http://ibatis.apache.org/dtd/sql-map-2.dtd" >
<sqlMap namespace="t9439archivoeval" >
  <resultMap id="BaseResultMap" class="pe.gob.sunat.recurso2.humano.evaluacion.model.ArchivoEval" >
    <result column="num_archivo" property="numArchivo" jdbcType="INTEGER" />
    <result column="nom_archivo" property="nomArchivo" jdbcType="VARCHAR" />
    <result column="num_tamano" property="numTamano" jdbcType="INTEGER" />
    <result column="ind_del" property="indDel" jdbcType="CHAR" />
    <result column="cod_usuregis" property="codUsuregis" jdbcType="VARCHAR" />
    <result column="fec_regis" property="fecRegis" jdbcType="TIMESTAMP" />
    <result column="cod_usumodif" property="codUsumodif" jdbcType="VARCHAR" />
    <result column="fec_modif" property="fecModif" jdbcType="TIMESTAMP" />
  </resultMap>
  
  <resultMap id="ResultMapWithBLOBs" class="pe.gob.sunat.recurso2.humano.evaluacion.model.ArchivoEval" extends="t9439archivoeval.BaseResultMap" >
    <result column="arc_evalua" property="arcEvalua" jdbcType="BLOB" />
  </resultMap>
  
  <sql id="Example_Where_Clause" >
    <iterate property="oredCriteria" conjunction="or" prepend="where" removeFirstPrepend="iterate" >
      <isEqual property="oredCriteria[].valid" compareValue="true" >
        (
        <iterate prepend="and" property="oredCriteria[].criteriaWithoutValue" conjunction="and" >
          $oredCriteria[].criteriaWithoutValue[]$
        </iterate>
        <iterate prepend="and" property="oredCriteria[].criteriaWithSingleValue" conjunction="and" >
          $oredCriteria[].criteriaWithSingleValue[].condition$
            #oredCriteria[].criteriaWithSingleValue[].value#
        </iterate>
        <iterate prepend="and" property="oredCriteria[].criteriaWithListValue" conjunction="and" >
          $oredCriteria[].criteriaWithListValue[].condition$
          <iterate property="oredCriteria[].criteriaWithListValue[].values" open="(" close=")" conjunction="," >
            #oredCriteria[].criteriaWithListValue[].values[]#
          </iterate>
        </iterate>
        <iterate prepend="and" property="oredCriteria[].criteriaWithBetweenValue" conjunction="and" >
          $oredCriteria[].criteriaWithBetweenValue[].condition$
          #oredCriteria[].criteriaWithBetweenValue[].values[0]# and
          #oredCriteria[].criteriaWithBetweenValue[].values[1]#
        </iterate>
        )
      </isEqual>
    </iterate>
  </sql>
  
  <select id="selectByExampleWithBLOBs" resultMap="ResultMapWithBLOBs" parameterClass="pe.gob.sunat.recurso2.humano.evaluacion.model.ArchivoEvalExample" >
    select num_archivo, nom_archivo, num_tamano, ind_del, cod_usuregis, fec_regis, cod_usumodif,
      fec_modif, arc_evalua
    from t9439archivoeval
    <isParameterPresent >
      <include refid="t9439archivoeval.Example_Where_Clause" />
      <isNotNull property="orderByClause" >
        order by $orderByClause$
      </isNotNull>
    </isParameterPresent>
  </select>
  
  <select id="selectByExample" resultMap="BaseResultMap" parameterClass="pe.gob.sunat.recurso2.humano.evaluacion.model.ArchivoEvalExample" >
    select num_archivo, nom_archivo, num_tamano, ind_del, cod_usuregis, fec_regis, cod_usumodif,
      fec_modif
    from t9439archivoeval
    <isParameterPresent >
      <include refid="t9439archivoeval.Example_Where_Clause" />
      <isNotNull property="orderByClause" >
        order by $orderByClause$
      </isNotNull>
    </isParameterPresent>
  </select>
  
  <select id="selectByPrimaryKey" resultMap="ResultMapWithBLOBs" parameterClass="pe.gob.sunat.recurso2.humano.evaluacion.model.ArchivoEval" >
    select num_archivo, nom_archivo, num_tamano, ind_del, cod_usuregis, fec_regis, cod_usumodif,
      fec_modif, arc_evalua
    from t9439archivoeval
    where num_archivo = #numArchivo:INTEGER#
  </select>
  
  <delete id="deleteByPrimaryKey" parameterClass="pe.gob.sunat.recurso2.humano.evaluacion.model.ArchivoEval" >
    delete from t9439archivoeval
    where num_archivo = #numArchivo:INTEGER#
  </delete>
  
  <delete id="deleteByExample" parameterClass="pe.gob.sunat.recurso2.humano.evaluacion.model.ArchivoEvalExample" >
    delete from t9439archivoeval
    <include refid="t9439archivoeval.Example_Where_Clause" />
  </delete>
  
  <insert id="insert" parameterClass="pe.gob.sunat.recurso2.humano.evaluacion.model.ArchivoEval" >
    insert into t9439archivoeval (num_archivo, nom_archivo, num_tamano, ind_del, cod_usuregis,
      fec_regis, cod_usumodif, fec_modif, arc_evalua)
    values (#numArchivo:INTEGER#, #nomArchivo:VARCHAR#, #numTamano:INTEGER#, #indDel:CHAR#,
      #codUsuregis:VARCHAR#, #fecRegis:TIMESTAMP#, #codUsumodif:VARCHAR#, #fecModif:TIMESTAMP#,
      #arcEvalua:BLOB#)
  </insert>
  
  <insert id="insertSelective" parameterClass="pe.gob.sunat.recurso2.humano.evaluacion.model.ArchivoEval" >
    insert into t9439archivoeval
    <dynamic prepend="(" >
      <isNotNull prepend="," property="numArchivo" >
        num_archivo
      </isNotNull>
      <isNotNull prepend="," property="nomArchivo" >
        nom_archivo
      </isNotNull>
      <isNotNull prepend="," property="numTamano" >
        num_tamano
      </isNotNull>
      <isNotNull prepend="," property="indDel" >
        ind_del
      </isNotNull>
      <isNotNull prepend="," property="codUsuregis" >
        cod_usuregis
      </isNotNull>
      <isNotNull prepend="," property="fecRegis" >
        fec_regis
      </isNotNull>
      <isNotNull prepend="," property="codUsumodif" >
        cod_usumodif
      </isNotNull>
      <isNotNull prepend="," property="fecModif" >
        fec_modif
      </isNotNull>
      <isNotNull prepend="," property="arcEvalua" >
        arc_evalua
      </isNotNull>
      )
    </dynamic>
    values
    <dynamic prepend="(" >
      <isNotNull prepend="," property="numArchivo" >
        #numArchivo:INTEGER#
      </isNotNull>
      <isNotNull prepend="," property="nomArchivo" >
        #nomArchivo:VARCHAR#
      </isNotNull>
      <isNotNull prepend="," property="numTamano" >
        #numTamano:INTEGER#
      </isNotNull>
      <isNotNull prepend="," property="indDel" >
        #indDel:CHAR#
      </isNotNull>
      <isNotNull prepend="," property="codUsuregis" >
        #codUsuregis:VARCHAR#
      </isNotNull>
      <isNotNull prepend="," property="fecRegis" >
        #fecRegis:TIMESTAMP#
      </isNotNull>
      <isNotNull prepend="," property="codUsumodif" >
        #codUsumodif:VARCHAR#
      </isNotNull>
      <isNotNull prepend="," property="fecModif" >
        #fecModif:TIMESTAMP#
      </isNotNull>
      <isNotNull prepend="," property="arcEvalua" >
        #arcEvalua:BLOB#
      </isNotNull>
      )
    </dynamic>
  </insert>
  
  <select id="countByExample" parameterClass="pe.gob.sunat.recurso2.humano.evaluacion.model.ArchivoEvalExample" resultClass="java.lang.Integer" >
    select count(*) from t9439archivoeval
    <include refid="t9439archivoeval.Example_Where_Clause" />
  </select>
  
  <update id="updateByExampleSelective" >
    update t9439archivoeval
    <dynamic prepend="set" >
      <isNotNull prepend="," property="record.numArchivo" >
        num_archivo = #record.numArchivo:INTEGER#
      </isNotNull>
      <isNotNull prepend="," property="record.nomArchivo" >
        nom_archivo = #record.nomArchivo:VARCHAR#
      </isNotNull>
      <isNotNull prepend="," property="record.numTamano" >
        num_tamano = #record.numTamano:INTEGER#
      </isNotNull>
      <isNotNull prepend="," property="record.indDel" >
        ind_del = #record.indDel:CHAR#
      </isNotNull>
      <isNotNull prepend="," property="record.codUsuregis" >
        cod_usuregis = #record.codUsuregis:VARCHAR#
      </isNotNull>
      <isNotNull prepend="," property="record.fecRegis" >
        fec_regis = #record.fecRegis:TIMESTAMP#
      </isNotNull>
      <isNotNull prepend="," property="record.codUsumodif" >
        cod_usumodif = #record.codUsumodif:VARCHAR#
      </isNotNull>
      <isNotNull prepend="," property="record.fecModif" >
        fec_modif = #record.fecModif:TIMESTAMP#
      </isNotNull>
      <isNotNull prepend="," property="record.arcEvalua" >
        arc_evalua = #record.arcEvalua:BLOB#
      </isNotNull>
    </dynamic>
    <isParameterPresent >
      <include refid="t9439archivoeval.Example_Where_Clause" />
    </isParameterPresent>
  </update>
  
  <update id="updateByExampleWithBLOBs" >
    update t9439archivoeval
    set num_archivo = #record.numArchivo:INTEGER#,
      nom_archivo = #record.nomArchivo:VARCHAR#,
      num_tamano = #record.numTamano:INTEGER#,
      ind_del = #record.indDel:CHAR#,
      cod_usuregis = #record.codUsuregis:VARCHAR#,
      fec_regis = #record.fecRegis:TIMESTAMP#,
      cod_usumodif = #record.codUsumodif:VARCHAR#,
      fec_modif = #record.fecModif:TIMESTAMP#,
      arc_evalua = #record.arcEvalua:BLOB#
    <isParameterPresent >
      <include refid="t9439archivoeval.Example_Where_Clause" />
    </isParameterPresent>
  </update>
  
  <update id="updateByExample" >
    update t9439archivoeval
    set num_archivo = #record.numArchivo:INTEGER#,
      nom_archivo = #record.nomArchivo:VARCHAR#,
      num_tamano = #record.numTamano:INTEGER#,
      ind_del = #record.indDel:CHAR#,
      cod_usuregis = #record.codUsuregis:VARCHAR#,
      fec_regis = #record.fecRegis:TIMESTAMP#,
      cod_usumodif = #record.codUsumodif:VARCHAR#,
      fec_modif = #record.fecModif:TIMESTAMP#
    <isParameterPresent >
      <include refid="t9439archivoeval.Example_Where_Clause" />
    </isParameterPresent>
  </update>
  
  <update id="updateByPrimaryKeySelective" parameterClass="pe.gob.sunat.recurso2.humano.evaluacion.model.ArchivoEval" >
    update t9439archivoeval
    <dynamic prepend="set" >
      <isNotNull prepend="," property="nomArchivo" >
        nom_archivo = #nomArchivo:VARCHAR#
      </isNotNull>
      <isNotNull prepend="," property="numTamano" >
        num_tamano = #numTamano:INTEGER#
      </isNotNull>
      <isNotNull prepend="," property="indDel" >
        ind_del = #indDel:CHAR#
      </isNotNull>
      <isNotNull prepend="," property="codUsuregis" >
        cod_usuregis = #codUsuregis:VARCHAR#
      </isNotNull>
      <isNotNull prepend="," property="fecRegis" >
        fec_regis = #fecRegis:TIMESTAMP#
      </isNotNull>
      <isNotNull prepend="," property="codUsumodif" >
        cod_usumodif = #codUsumodif:VARCHAR#
      </isNotNull>
      <isNotNull prepend="," property="fecModif" >
        fec_modif = #fecModif:TIMESTAMP#
      </isNotNull>
      <isNotNull prepend="," property="arcEvalua" >
        arc_evalua = #arcEvalua:BLOB#
      </isNotNull>
    </dynamic>
    where num_archivo = #numArchivo:INTEGER#
  </update>
  
  <update id="updateByPrimaryKeyWithBLOBs" parameterClass="pe.gob.sunat.recurso2.humano.evaluacion.model.ArchivoEval" >
    update t9439archivoeval
    set nom_archivo = #nomArchivo:VARCHAR#,
      num_tamano = #numTamano:INTEGER#,
      ind_del = #indDel:CHAR#,
      cod_usuregis = #codUsuregis:VARCHAR#,
      fec_regis = #fecRegis:TIMESTAMP#,
      cod_usumodif = #codUsumodif:VARCHAR#,
      fec_modif = #fecModif:TIMESTAMP#,
      arc_evalua = #arcEvalua:BLOB#
    where num_archivo = #numArchivo:INTEGER#
  </update>
  
  <update id="updateByPrimaryKey" parameterClass="pe.gob.sunat.recurso2.humano.evaluacion.model.ArchivoEval" >
    update t9439archivoeval
    set nom_archivo = #nomArchivo:VARCHAR#,
      num_tamano = #numTamano:INTEGER#,
      ind_del = #indDel:CHAR#,
      cod_usuregis = #codUsuregis:VARCHAR#,
      fec_regis = #fecRegis:TIMESTAMP#,
      cod_usumodif = #codUsumodif:VARCHAR#,
      fec_modif = #fecModif:TIMESTAMP#
    where num_archivo = #numArchivo:INTEGER#
  </update>
  
</sqlMap>