<?xml version="1.0" encoding="UTF-8" ?>
<!DOCTYPE sqlMap PUBLIC "-//ibatis.apache.org//DTD SQL Map 2.0//EN" "http://ibatis.apache.org/dtd/sql-map-2.dtd" >
<sqlMap namespace="t9438retroalimacc" >
  <resultMap id="BaseResultMap" class="pe.gob.sunat.recurso2.humano.evaluacion.model.RetroalimAccion" >
    <result column="num_retroalim" property="numRetroalim" jdbcType="INTEGER" />
    <result column="num_accion" property="numAccion" jdbcType="INTEGER" />
    <result column="num_archivo" property="numArchivo" jdbcType="INTEGER" />
    <result column="ind_del" property="indDel" jdbcType="CHAR" />
    <result column="cod_usuregis" property="codUsuregis" jdbcType="VARCHAR" />
    <result column="fec_regis" property="fecRegis" jdbcType="TIMESTAMP" />
    <result column="cod_usumodif" property="codUsumodif" jdbcType="VARCHAR" />
    <result column="fec_modif" property="fecModif" jdbcType="TIMESTAMP" />
  </resultMap>
  
  <resultMap id="ResultMapWithBLOBs" class="pe.gob.sunat.recurso2.humano.evaluacion.model.RetroalimAccion" extends="t9438retroalimacc.BaseResultMap" >
    <result column="des_retroalim" property="desRetroalim" jdbcType="LONGVARCHAR" />
  </resultMap>
  
  <sql id="Example_Where_Clause" >
    <iterate property="oredCriteria" conjunction="or" prepend="where" removeFirstPrepend="iterate" >
      <isEqual property="oredCriteria[].valid" compareValue="true" >
        (
        <iterate prepend="and" property="oredCriteria[].criteriaWithoutValue" conjunction="and" >
          $oredCriteria[].criteriaWithoutValue[]$
        </iterate>
        <iterate prepend="and" property="oredCriteria[].criteriaWithSingleValue" conjunction="and" >
          $oredCriteria[].criteriaWithSingleValue[].condition$
            #oredCriteria[].criteriaWithSingleValue[].value#
        </iterate>
        <iterate prepend="and" property="oredCriteria[].criteriaWithListValue" conjunction="and" >
          $oredCriteria[].criteriaWithListValue[].condition$
          <iterate property="oredCriteria[].criteriaWithListValue[].values" open="(" close=")" conjunction="," >
            #oredCriteria[].criteriaWithListValue[].values[]#
          </iterate>
        </iterate>
        <iterate prepend="and" property="oredCriteria[].criteriaWithBetweenValue" conjunction="and" >
          $oredCriteria[].criteriaWithBetweenValue[].condition$
          #oredCriteria[].criteriaWithBetweenValue[].values[0]# and
          #oredCriteria[].criteriaWithBetweenValue[].values[1]#
        </iterate>
        )
      </isEqual>
    </iterate>
  </sql>
  
  <select id="selectByExampleWithBLOBs" resultMap="ResultMapWithBLOBs" parameterClass="pe.gob.sunat.recurso2.humano.evaluacion.model.RetroalimAccionExample" >
    select num_retroalim, num_accion, num_archivo, ind_del, cod_usuregis, fec_regis, cod_usumodif,
      fec_modif, des_retroalim
    from t9438retroalimacc
    <isParameterPresent >
      <include refid="t9438retroalimacc.Example_Where_Clause" />
      <isNotNull property="orderByClause" >
        order by $orderByClause$
      </isNotNull>
    </isParameterPresent>
  </select>
  
  <select id="selectByExample" resultMap="BaseResultMap" parameterClass="pe.gob.sunat.recurso2.humano.evaluacion.model.RetroalimAccionExample" >
    select num_retroalim, num_accion, num_archivo, ind_del, cod_usuregis, fec_regis, cod_usumodif,
      fec_modif
    from t9438retroalimacc
    <isParameterPresent >
      <include refid="t9438retroalimacc.Example_Where_Clause" />
      <isNotNull property="orderByClause" >
        order by $orderByClause$
      </isNotNull>
    </isParameterPresent>
  </select>
  
  <select id="selectByPrimaryKey" resultMap="ResultMapWithBLOBs" parameterClass="pe.gob.sunat.recurso2.humano.evaluacion.model.RetroalimAccion" >
    select num_retroalim, num_accion, num_archivo, ind_del, cod_usuregis, fec_regis, cod_usumodif,
      fec_modif, des_retroalim
    from t9438retroalimacc
    where num_retroalim = #numRetroalim:INTEGER#
  </select>
  
  <delete id="deleteByPrimaryKey" parameterClass="pe.gob.sunat.recurso2.humano.evaluacion.model.RetroalimAccion" >
    delete from t9438retroalimacc
    where num_retroalim = #numRetroalim:INTEGER#
  </delete>
  
  <delete id="deleteByExample" parameterClass="pe.gob.sunat.recurso2.humano.evaluacion.model.RetroalimAccionExample" >
    delete from t9438retroalimacc
    <include refid="t9438retroalimacc.Example_Where_Clause" />
  </delete>
  
  <insert id="insert" parameterClass="pe.gob.sunat.recurso2.humano.evaluacion.model.RetroalimAccion" >
    insert into t9438retroalimacc (num_retroalim, num_accion, num_archivo, ind_del, cod_usuregis,
      fec_regis, cod_usumodif, fec_modif, des_retroalim)
    values (#numRetroalim:INTEGER#, #numAccion:INTEGER#, #numArchivo:INTEGER#, #indDel:CHAR#,
      #codUsuregis:VARCHAR#, #fecRegis:TIMESTAMP#, #codUsumodif:VARCHAR#, #fecModif:TIMESTAMP#,
      #desRetroalim:LONGVARCHAR#)
  </insert>
  
  <insert id="insertSelective" parameterClass="pe.gob.sunat.recurso2.humano.evaluacion.model.RetroalimAccion" >
    insert into t9438retroalimacc
    <dynamic prepend="(" >
      <isNotNull prepend="," property="numRetroalim" >
        num_retroalim
      </isNotNull>
      <isNotNull prepend="," property="numAccion" >
        num_accion
      </isNotNull>
      <isNotNull prepend="," property="numArchivo" >
        num_archivo
      </isNotNull>
      <isNotNull prepend="," property="indDel" >
        ind_del
      </isNotNull>
      <isNotNull prepend="," property="codUsuregis" >
        cod_usuregis
      </isNotNull>
      <isNotNull prepend="," property="fecRegis" >
        fec_regis
      </isNotNull>
      <isNotNull prepend="," property="codUsumodif" >
        cod_usumodif
      </isNotNull>
      <isNotNull prepend="," property="fecModif" >
        fec_modif
      </isNotNull>
      <isNotNull prepend="," property="desRetroalim" >
        des_retroalim
      </isNotNull>
      )
    </dynamic>
    values
    <dynamic prepend="(" >
      <isNotNull prepend="," property="numRetroalim" >
        #numRetroalim:INTEGER#
      </isNotNull>
      <isNotNull prepend="," property="numAccion" >
        #numAccion:INTEGER#
      </isNotNull>
      <isNotNull prepend="," property="numArchivo" >
        #numArchivo:INTEGER#
      </isNotNull>
      <isNotNull prepend="," property="indDel" >
        #indDel:CHAR#
      </isNotNull>
      <isNotNull prepend="," property="codUsuregis" >
        #codUsuregis:VARCHAR#
      </isNotNull>
      <isNotNull prepend="," property="fecRegis" >
        #fecRegis:TIMESTAMP#
      </isNotNull>
      <isNotNull prepend="," property="codUsumodif" >
        #codUsumodif:VARCHAR#
      </isNotNull>
      <isNotNull prepend="," property="fecModif" >
        #fecModif:TIMESTAMP#
      </isNotNull>
      <isNotNull prepend="," property="desRetroalim" >
        #desRetroalim:LONGVARCHAR#
      </isNotNull>
      )
    </dynamic>
  </insert>
  
  <select id="countByExample" parameterClass="pe.gob.sunat.recurso2.humano.evaluacion.model.RetroalimAccionExample" resultClass="java.lang.Integer" >
    select count(*) from t9438retroalimacc
    <include refid="t9438retroalimacc.Example_Where_Clause" />
  </select>
  
  <update id="updateByExampleSelective" >
    update t9438retroalimacc
    <dynamic prepend="set" >
      <isNotNull prepend="," property="record.numRetroalim" >
        num_retroalim = #record.numRetroalim:INTEGER#
      </isNotNull>
      <isNotNull prepend="," property="record.numAccion" >
        num_accion = #record.numAccion:INTEGER#
      </isNotNull>
      <isNotNull prepend="," property="record.numArchivo" >
        num_archivo = #record.numArchivo:INTEGER#
      </isNotNull>
      <isNotNull prepend="," property="record.indDel" >
        ind_del = #record.indDel:CHAR#
      </isNotNull>
      <isNotNull prepend="," property="record.codUsuregis" >
        cod_usuregis = #record.codUsuregis:VARCHAR#
      </isNotNull>
      <isNotNull prepend="," property="record.fecRegis" >
        fec_regis = #record.fecRegis:TIMESTAMP#
      </isNotNull>
      <isNotNull prepend="," property="record.codUsumodif" >
        cod_usumodif = #record.codUsumodif:VARCHAR#
      </isNotNull>
      <isNotNull prepend="," property="record.fecModif" >
        fec_modif = #record.fecModif:TIMESTAMP#
      </isNotNull>
      <isNotNull prepend="," property="record.desRetroalim" >
        des_retroalim = #record.desRetroalim:LONGVARCHAR#
      </isNotNull>
    </dynamic>
    <isParameterPresent >
      <include refid="t9438retroalimacc.Example_Where_Clause" />
    </isParameterPresent>
  </update>
  
  <update id="updateByExampleWithBLOBs" >
    update t9438retroalimacc
    set num_retroalim = #record.numRetroalim:INTEGER#,
      num_accion = #record.numAccion:INTEGER#,
      num_archivo = #record.numArchivo:INTEGER#,
      ind_del = #record.indDel:CHAR#,
      cod_usuregis = #record.codUsuregis:VARCHAR#,
      fec_regis = #record.fecRegis:TIMESTAMP#,
      cod_usumodif = #record.codUsumodif:VARCHAR#,
      fec_modif = #record.fecModif:TIMESTAMP#,
      des_retroalim = #record.desRetroalim:LONGVARCHAR#
    <isParameterPresent >
      <include refid="t9438retroalimacc.Example_Where_Clause" />
    </isParameterPresent>
  </update>
  
  <update id="updateByExample" >
    update t9438retroalimacc
    set num_retroalim = #record.numRetroalim:INTEGER#,
      num_accion = #record.numAccion:INTEGER#,
      num_archivo = #record.numArchivo:INTEGER#,
      ind_del = #record.indDel:CHAR#,
      cod_usuregis = #record.codUsuregis:VARCHAR#,
      fec_regis = #record.fecRegis:TIMESTAMP#,
      cod_usumodif = #record.codUsumodif:VARCHAR#,
      fec_modif = #record.fecModif:TIMESTAMP#
    <isParameterPresent >
      <include refid="t9438retroalimacc.Example_Where_Clause" />
    </isParameterPresent>
  </update>
  
  <update id="updateByPrimaryKeySelective" parameterClass="pe.gob.sunat.recurso2.humano.evaluacion.model.RetroalimAccion" >
    update t9438retroalimacc
    <dynamic prepend="set" >
      <isNotNull prepend="," property="numAccion" >
        num_accion = #numAccion:INTEGER#
      </isNotNull>
      <isNotNull prepend="," property="numArchivo" >
        num_archivo = #numArchivo:INTEGER#
      </isNotNull>
      <isNotNull prepend="," property="indDel" >
        ind_del = #indDel:CHAR#
      </isNotNull>
      <isNotNull prepend="," property="codUsuregis" >
        cod_usuregis = #codUsuregis:VARCHAR#
      </isNotNull>
      <isNotNull prepend="," property="fecRegis" >
        fec_regis = #fecRegis:TIMESTAMP#
      </isNotNull>
      <isNotNull prepend="," property="codUsumodif" >
        cod_usumodif = #codUsumodif:VARCHAR#
      </isNotNull>
      <isNotNull prepend="," property="fecModif" >
        fec_modif = #fecModif:TIMESTAMP#
      </isNotNull>
      <isNotNull prepend="," property="desRetroalim" >
        des_retroalim = #desRetroalim:LONGVARCHAR#
      </isNotNull>
    </dynamic>
    where num_retroalim = #numRetroalim:INTEGER#
  </update>
  
  <update id="updateByPrimaryKeyWithBLOBs" parameterClass="pe.gob.sunat.recurso2.humano.evaluacion.model.RetroalimAccion" >
    update t9438retroalimacc
    set num_accion = #numAccion:INTEGER#,
      num_archivo = #numArchivo:INTEGER#,
      ind_del = #indDel:CHAR#,
      cod_usuregis = #codUsuregis:VARCHAR#,
      fec_regis = #fecRegis:TIMESTAMP#,
      cod_usumodif = #codUsumodif:VARCHAR#,
      fec_modif = #fecModif:TIMESTAMP#,
      des_retroalim = #desRetroalim:LONGVARCHAR#
    where num_retroalim = #numRetroalim:INTEGER#
  </update>
  
  <update id="updateByPrimaryKey" parameterClass="pe.gob.sunat.recurso2.humano.evaluacion.model.RetroalimAccion" >
    update t9438retroalimacc
    set num_accion = #numAccion:INTEGER#,
      num_archivo = #numArchivo:INTEGER#,
      ind_del = #indDel:CHAR#,
      cod_usuregis = #codUsuregis:VARCHAR#,
      fec_regis = #fecRegis:TIMESTAMP#,
      cod_usumodif = #codUsumodif:VARCHAR#,
      fec_modif = #fecModif:TIMESTAMP#
    where num_retroalim = #numRetroalim:INTEGER#
  </update>
  
</sqlMap>