<?xml version="1.0" encoding="UTF-8" ?>
<!DOCTYPE sqlMap PUBLIC "-//ibatis.apache.org//DTD SQL Map 2.0//EN" "http://ibatis.apache.org/dtd/sql-map-2.dtd" >
<sqlMap namespace="t9437accionseguim" >
  <resultMap id="BaseResultMap" class="pe.gob.sunat.recurso2.humano.evaluacion.model.AccionSeguim" >
    <result column="num_accion" property="numAccion" jdbcType="INTEGER" />
    <result column="num_seguim" property="numSeguim" jdbcType="INTEGER" />
    <result column="cod_competencia" property="codCompetencia" jdbcType="CHAR" />
    <result column="cod_criterio" property="codCriterio" jdbcType="CHAR" />
    <result column="cod_tip_accion" property="codTipAccion" jdbcType="CHAR" />
    <result column="num_archivo" property="numArchivo" jdbcType="INTEGER" />
    <result column="ind_del" property="indDel" jdbcType="CHAR" />
    <result column="cod_usuregis" property="codUsuregis" jdbcType="VARCHAR" />
    <result column="fec_regis" property="fecRegis" jdbcType="TIMESTAMP" />
    <result column="cod_usumodif" property="codUsumodif" jdbcType="VARCHAR" />
    <result column="fec_modif" property="fecModif" jdbcType="TIMESTAMP" />
  </resultMap>
  
  <resultMap id="ResultMapWithBLOBs" class="pe.gob.sunat.recurso2.humano.evaluacion.model.AccionSeguimWithBLOBs" extends="t9437accionseguim.BaseResultMap" >
    <result column="des_seguim" property="desSeguim" jdbcType="VARCHAR" />
    <result column="des_acc_mejora" property="desAccMejora" jdbcType="VARCHAR" />
  </resultMap>
  
  <sql id="Example_Where_Clause" >
    <iterate property="oredCriteria" conjunction="or" prepend="where" removeFirstPrepend="iterate" >
      <isEqual property="oredCriteria[].valid" compareValue="true" >
        (
        <iterate prepend="and" property="oredCriteria[].criteriaWithoutValue" conjunction="and" >
          $oredCriteria[].criteriaWithoutValue[]$
        </iterate>
        <iterate prepend="and" property="oredCriteria[].criteriaWithSingleValue" conjunction="and" >
          $oredCriteria[].criteriaWithSingleValue[].condition$
            #oredCriteria[].criteriaWithSingleValue[].value#
        </iterate>
        <iterate prepend="and" property="oredCriteria[].criteriaWithListValue" conjunction="and" >
          $oredCriteria[].criteriaWithListValue[].condition$
          <iterate property="oredCriteria[].criteriaWithListValue[].values" open="(" close=")" conjunction="," >
            #oredCriteria[].criteriaWithListValue[].values[]#
          </iterate>
        </iterate>
        <iterate prepend="and" property="oredCriteria[].criteriaWithBetweenValue" conjunction="and" >
          $oredCriteria[].criteriaWithBetweenValue[].condition$
          #oredCriteria[].criteriaWithBetweenValue[].values[0]# and
          #oredCriteria[].criteriaWithBetweenValue[].values[1]#
        </iterate>
        )
      </isEqual>
    </iterate>
  </sql>
  
  <select id="selectByExampleWithBLOBs" resultMap="ResultMapWithBLOBs" parameterClass="pe.gob.sunat.recurso2.humano.evaluacion.model.AccionSeguimExample" >
    select num_accion, num_seguim, cod_competencia, cod_criterio, cod_tip_accion, num_archivo,
      ind_del, cod_usuregis, fec_regis, cod_usumodif, fec_modif, des_seguim, des_acc_mejora
    from t9437accionseguim
    <isParameterPresent >
      <include refid="t9437accionseguim.Example_Where_Clause" />
      <isNotNull property="orderByClause" >
        order by $orderByClause$
      </isNotNull>
    </isParameterPresent>
  </select>
  
  <select id="selectByExample" resultMap="BaseResultMap" parameterClass="pe.gob.sunat.recurso2.humano.evaluacion.model.AccionSeguimExample" >
    select num_accion, num_seguim, cod_competencia, cod_criterio, cod_tip_accion, num_archivo,
      ind_del, cod_usuregis, fec_regis, cod_usumodif, fec_modif
    from t9437accionseguim
    <isParameterPresent >
      <include refid="t9437accionseguim.Example_Where_Clause" />
      <isNotNull property="orderByClause" >
        order by $orderByClause$
      </isNotNull>
    </isParameterPresent>
  </select>
  
  <select id="selectByPrimaryKey" resultMap="ResultMapWithBLOBs" parameterClass="pe.gob.sunat.recurso2.humano.evaluacion.model.AccionSeguim" >
    select num_accion, num_seguim, cod_competencia, cod_criterio, cod_tip_accion, num_archivo,
      ind_del, cod_usuregis, fec_regis, cod_usumodif, fec_modif, des_seguim, des_acc_mejora
    from t9437accionseguim
    where num_accion = #numAccion:INTEGER#
  </select>
  
  <delete id="deleteByPrimaryKey" parameterClass="pe.gob.sunat.recurso2.humano.evaluacion.model.AccionSeguim" >
    delete from t9437accionseguim
    where num_accion = #numAccion:INTEGER#
  </delete>
  
  <delete id="deleteByExample" parameterClass="pe.gob.sunat.recurso2.humano.evaluacion.model.AccionSeguimExample" >
    delete from t9437accionseguim
    <include refid="t9437accionseguim.Example_Where_Clause" />
  </delete>
  
  <insert id="insert" parameterClass="pe.gob.sunat.recurso2.humano.evaluacion.model.AccionSeguimWithBLOBs" >
    insert into t9437accionseguim (num_accion, num_seguim, cod_competencia, cod_criterio,
      cod_tip_accion, num_archivo, ind_del, cod_usuregis, fec_regis, cod_usumodif, fec_modif,
      des_seguim, des_acc_mejora)
    values (#numAccion:INTEGER#, #numSeguim:INTEGER#, #codCompetencia:CHAR#, #codCriterio:CHAR#,
      #codTipAccion:CHAR#, #numArchivo:INTEGER#, #indDel:CHAR#, #codUsuregis:VARCHAR#,
      #fecRegis:TIMESTAMP#, #codUsumodif:VARCHAR#, #fecModif:TIMESTAMP#, #desSeguim:LONGVARCHAR#,
      #desAccMejora:LONGVARCHAR#)
  </insert>
  
  <insert id="insertSelective" parameterClass="pe.gob.sunat.recurso2.humano.evaluacion.model.AccionSeguimWithBLOBs" >
    insert into t9437accionseguim
    <dynamic prepend="(" >
      <isNotNull prepend="," property="numAccion" >
        num_accion
      </isNotNull>
      <isNotNull prepend="," property="numSeguim" >
        num_seguim
      </isNotNull>
      <isNotNull prepend="," property="codCompetencia" >
        cod_competencia
      </isNotNull>
      <isNotNull prepend="," property="codCriterio" >
        cod_criterio
      </isNotNull>
      <isNotNull prepend="," property="codTipAccion" >
        cod_tip_accion
      </isNotNull>
      <isNotNull prepend="," property="numArchivo" >
        num_archivo
      </isNotNull>
      <isNotNull prepend="," property="indDel" >
        ind_del
      </isNotNull>
      <isNotNull prepend="," property="codUsuregis" >
        cod_usuregis
      </isNotNull>
      <isNotNull prepend="," property="fecRegis" >
        fec_regis
      </isNotNull>
      <isNotNull prepend="," property="codUsumodif" >
        cod_usumodif
      </isNotNull>
      <isNotNull prepend="," property="fecModif" >
        fec_modif
      </isNotNull>
      <isNotNull prepend="," property="desSeguim" >
        des_seguim
      </isNotNull>
      <isNotNull prepend="," property="desAccMejora" >
        des_acc_mejora
      </isNotNull>
      )
    </dynamic>
    values
    <dynamic prepend="(" >
      <isNotNull prepend="," property="numAccion" >
        #numAccion:INTEGER#
      </isNotNull>
      <isNotNull prepend="," property="numSeguim" >
        #numSeguim:INTEGER#
      </isNotNull>
      <isNotNull prepend="," property="codCompetencia" >
        #codCompetencia:CHAR#
      </isNotNull>
      <isNotNull prepend="," property="codCriterio" >
        #codCriterio:CHAR#
      </isNotNull>
      <isNotNull prepend="," property="codTipAccion" >
        #codTipAccion:CHAR#
      </isNotNull>
      <isNotNull prepend="," property="numArchivo" >
        #numArchivo:INTEGER#
      </isNotNull>
      <isNotNull prepend="," property="indDel" >
        #indDel:CHAR#
      </isNotNull>
      <isNotNull prepend="," property="codUsuregis" >
        #codUsuregis:VARCHAR#
      </isNotNull>
      <isNotNull prepend="," property="fecRegis" >
        #fecRegis:TIMESTAMP#
      </isNotNull>
      <isNotNull prepend="," property="codUsumodif" >
        #codUsumodif:VARCHAR#
      </isNotNull>
      <isNotNull prepend="," property="fecModif" >
        #fecModif:TIMESTAMP#
      </isNotNull>
      <isNotNull prepend="," property="desSeguim" >
        #desSeguim:LONGVARCHAR#
      </isNotNull>
      <isNotNull prepend="," property="desAccMejora" >
        #desAccMejora:LONGVARCHAR#
      </isNotNull>
      )
    </dynamic>
    <selectKey resultClass="int" keyProperty="numAccion">
      SELECT DISTINCT dbinfo('sqlca.sqlerrd1') FROM t9437accionseguim;
    </selectKey>
  </insert>
  
  <select id="countByExample" parameterClass="pe.gob.sunat.recurso2.humano.evaluacion.model.AccionSeguimExample" resultClass="java.lang.Integer" >
    select count(*) from t9437accionseguim
    <include refid="t9437accionseguim.Example_Where_Clause" />
  </select>
  
  <update id="updateByExampleSelective" >
    update t9437accionseguim
    <dynamic prepend="set" >
      <isNotNull prepend="," property="record.numAccion" >
        num_accion = #record.numAccion:INTEGER#
      </isNotNull>
      <isNotNull prepend="," property="record.numSeguim" >
        num_seguim = #record.numSeguim:INTEGER#
      </isNotNull>
      <isNotNull prepend="," property="record.codCompetencia" >
        cod_competencia = #record.codCompetencia:CHAR#
      </isNotNull>
      <isNotNull prepend="," property="record.codCriterio" >
        cod_criterio = #record.codCriterio:CHAR#
      </isNotNull>
      <isNotNull prepend="," property="record.codTipAccion" >
        cod_tip_accion = #record.codTipAccion:CHAR#
      </isNotNull>
      <isNotNull prepend="," property="record.numArchivo" >
        num_archivo = #record.numArchivo:INTEGER#
      </isNotNull>
      <isNotNull prepend="," property="record.indDel" >
        ind_del = #record.indDel:CHAR#
      </isNotNull>
      <isNotNull prepend="," property="record.codUsuregis" >
        cod_usuregis = #record.codUsuregis:VARCHAR#
      </isNotNull>
      <isNotNull prepend="," property="record.fecRegis" >
        fec_regis = #record.fecRegis:TIMESTAMP#
      </isNotNull>
      <isNotNull prepend="," property="record.codUsumodif" >
        cod_usumodif = #record.codUsumodif:VARCHAR#
      </isNotNull>
      <isNotNull prepend="," property="record.fecModif" >
        fec_modif = #record.fecModif:TIMESTAMP#
      </isNotNull>
      <isNotNull prepend="," property="record.desSeguim" >
        des_seguim = #record.desSeguim:LONGVARCHAR#
      </isNotNull>
      <isNotNull prepend="," property="record.desAccMejora" >
        des_acc_mejora = #record.desAccMejora:LONGVARCHAR#
      </isNotNull>
    </dynamic>
    <isParameterPresent >
      <include refid="t9437accionseguim.Example_Where_Clause" />
    </isParameterPresent>
  </update>
  
  <update id="updateByExampleWithBLOBs" >
    update t9437accionseguim
    set num_accion = #record.numAccion:INTEGER#,
      num_seguim = #record.numSeguim:INTEGER#,
      cod_competencia = #record.codCompetencia:CHAR#,
      cod_criterio = #record.codCriterio:CHAR#,
      cod_tip_accion = #record.codTipAccion:CHAR#,
      num_archivo = #record.numArchivo:INTEGER#,
      ind_del = #record.indDel:CHAR#,
      cod_usuregis = #record.codUsuregis:VARCHAR#,
      fec_regis = #record.fecRegis:TIMESTAMP#,
      cod_usumodif = #record.codUsumodif:VARCHAR#,
      fec_modif = #record.fecModif:TIMESTAMP#,
      des_seguim = #record.desSeguim:LONGVARCHAR#,
      des_acc_mejora = #record.desAccMejora:LONGVARCHAR#
    <isParameterPresent >
      <include refid="t9437accionseguim.Example_Where_Clause" />
    </isParameterPresent>
  </update>
  
  <update id="updateByExample" >
    update t9437accionseguim
    set num_accion = #record.numAccion:INTEGER#,
      num_seguim = #record.numSeguim:INTEGER#,
      cod_competencia = #record.codCompetencia:CHAR#,
      cod_criterio = #record.codCriterio:CHAR#,
      cod_tip_accion = #record.codTipAccion:CHAR#,
      num_archivo = #record.numArchivo:INTEGER#,
      ind_del = #record.indDel:CHAR#,
      cod_usuregis = #record.codUsuregis:VARCHAR#,
      fec_regis = #record.fecRegis:TIMESTAMP#,
      cod_usumodif = #record.codUsumodif:VARCHAR#,
      fec_modif = #record.fecModif:TIMESTAMP#
    <isParameterPresent >
      <include refid="t9437accionseguim.Example_Where_Clause" />
    </isParameterPresent>
  </update>
  
  <update id="updateByPrimaryKeySelective" parameterClass="pe.gob.sunat.recurso2.humano.evaluacion.model.AccionSeguimWithBLOBs" >
    update t9437accionseguim
    <dynamic prepend="set" >
      <isNotNull prepend="," property="numSeguim" >
        num_seguim = #numSeguim:INTEGER#
      </isNotNull>
      <isNotNull prepend="," property="codCompetencia" >
        cod_competencia = #codCompetencia:CHAR#
      </isNotNull>
      <isNotNull prepend="," property="codCriterio" >
        cod_criterio = #codCriterio:CHAR#
      </isNotNull>
      <isNotNull prepend="," property="codTipAccion" >
        cod_tip_accion = #codTipAccion:CHAR#
      </isNotNull>
      <isNotNull prepend="," property="numArchivo" >
        num_archivo = #numArchivo:INTEGER#
      </isNotNull>
      <isNotNull prepend="," property="indDel" >
        ind_del = #indDel:CHAR#
      </isNotNull>
      <isNotNull prepend="," property="codUsuregis" >
        cod_usuregis = #codUsuregis:VARCHAR#
      </isNotNull>
      <isNotNull prepend="," property="fecRegis" >
        fec_regis = #fecRegis:TIMESTAMP#
      </isNotNull>
      <isNotNull prepend="," property="codUsumodif" >
        cod_usumodif = #codUsumodif:VARCHAR#
      </isNotNull>
      <isNotNull prepend="," property="fecModif" >
        fec_modif = #fecModif:TIMESTAMP#
      </isNotNull>
      <isNotNull prepend="," property="desSeguim" >
        des_seguim = #desSeguim:LONGVARCHAR#
      </isNotNull>
      <isNotNull prepend="," property="desAccMejora" >
        des_acc_mejora = #desAccMejora:LONGVARCHAR#
      </isNotNull>
    </dynamic>
    where num_accion = #numAccion:INTEGER#
  </update>
  
  <update id="updateByPrimaryKeyWithBLOBs" parameterClass="pe.gob.sunat.recurso2.humano.evaluacion.model.AccionSeguimWithBLOBs" >
    update t9437accionseguim
    set num_seguim = #numSeguim:INTEGER#,
      cod_competencia = #codCompetencia:CHAR#,
      cod_criterio = #codCriterio:CHAR#,
      cod_tip_accion = #codTipAccion:CHAR#,
      num_archivo = #numArchivo:INTEGER#,
      ind_del = #indDel:CHAR#,
      cod_usuregis = #codUsuregis:VARCHAR#,
      fec_regis = #fecRegis:TIMESTAMP#,
      cod_usumodif = #codUsumodif:VARCHAR#,
      fec_modif = #fecModif:TIMESTAMP#,
      des_seguim = #desSeguim:LONGVARCHAR#,
      des_acc_mejora = #desAccMejora:LONGVARCHAR#
    where num_accion = #numAccion:INTEGER#
  </update>
  
  <update id="updateByPrimaryKey" parameterClass="pe.gob.sunat.recurso2.humano.evaluacion.model.AccionSeguim" >
    update t9437accionseguim
    set num_seguim = #numSeguim:INTEGER#,
      cod_competencia = #codCompetencia:CHAR#,
      cod_criterio = #codCriterio:CHAR#,
      cod_tip_accion = #codTipAccion:CHAR#,
      num_archivo = #numArchivo:INTEGER#,
      ind_del = #indDel:CHAR#,
      cod_usuregis = #codUsuregis:VARCHAR#,
      fec_regis = #fecRegis:TIMESTAMP#,
      cod_usumodif = #codUsumodif:VARCHAR#,
      fec_modif = #fecModif:TIMESTAMP#
    where num_accion = #numAccion:INTEGER#
  </update>
  
</sqlMap>