<?xml version="1.0" encoding="UTF-8" ?>
<!DOCTYPE sqlMap PUBLIC "-//ibatis.apache.org//DTD SQL Map 2.0//EN" "http://ibatis.apache.org/dtd/sql-map-2.dtd" >
<sqlMap namespace="t9435seguimeval" >
  <resultMap id="BaseResultMap" class="pe.gob.sunat.recurso2.humano.evaluacion.model.SeguimientoEval" >
    <result column="num_seguim" property="numSeguim" jdbcType="INTEGER" />
    <result column="cod_periodo" property="codPeriodo" jdbcType="CHAR" />
    <result column="cod_personal" property="codPersonal" jdbcType="CHAR" />
    <result column="cod_evaluador" property="codEvaluador" jdbcType="CHAR" />
    <result column="cod_uorga_eval" property="codUorgaEval" jdbcType="CHAR" />
    <result column="cod_grupo" property="codGrupo" jdbcType="CHAR" />
    <result column="fec_consulta" property="fecConsulta" jdbcType="TIMESTAMP" />
    <result column="ind_del" property="indDel" jdbcType="CHAR" />
    <result column="cod_usuregis" property="codUsuregis" jdbcType="VARCHAR" />
    <result column="fec_regis" property="fecRegis" jdbcType="TIMESTAMP" />
    <result column="cod_usumodif" property="codUsumodif" jdbcType="VARCHAR" />
    <result column="fec_modif" property="fecModif" jdbcType="TIMESTAMP" />
  </resultMap>
  
  <sql id="Example_Where_Clause" >
    <iterate property="oredCriteria" conjunction="or" prepend="where" removeFirstPrepend="iterate" >
      <isEqual property="oredCriteria[].valid" compareValue="true" >
        (
        <iterate prepend="and" property="oredCriteria[].criteriaWithoutValue" conjunction="and" >
          $oredCriteria[].criteriaWithoutValue[]$
        </iterate>
        <iterate prepend="and" property="oredCriteria[].criteriaWithSingleValue" conjunction="and" >
          $oredCriteria[].criteriaWithSingleValue[].condition$
            #oredCriteria[].criteriaWithSingleValue[].value#
        </iterate>
        <iterate prepend="and" property="oredCriteria[].criteriaWithListValue" conjunction="and" >
          $oredCriteria[].criteriaWithListValue[].condition$
          <iterate property="oredCriteria[].criteriaWithListValue[].values" open="(" close=")" conjunction="," >
            #oredCriteria[].criteriaWithListValue[].values[]#
          </iterate>
        </iterate>
        <iterate prepend="and" property="oredCriteria[].criteriaWithBetweenValue" conjunction="and" >
          $oredCriteria[].criteriaWithBetweenValue[].condition$
          #oredCriteria[].criteriaWithBetweenValue[].values[0]# and
          #oredCriteria[].criteriaWithBetweenValue[].values[1]#
        </iterate>
        )
      </isEqual>
    </iterate>
  </sql>
  
  <select id="selectByExample" resultMap="BaseResultMap" parameterClass="pe.gob.sunat.recurso2.humano.evaluacion.model.SeguimientoEvalExample" >
    select num_seguim, cod_periodo, cod_personal, cod_evaluador, cod_uorga_eval, cod_grupo,
      fec_consulta, ind_del, cod_usuregis, fec_regis, cod_usumodif, fec_modif
    from t9435seguimeval
    <isParameterPresent >
      <include refid="t9435seguimeval.Example_Where_Clause" />
      <isNotNull property="orderByClause" >
        order by $orderByClause$
      </isNotNull>
    </isParameterPresent>
  </select>
  
  <select id="selectByPrimaryKey" resultMap="BaseResultMap" parameterClass="pe.gob.sunat.recurso2.humano.evaluacion.model.SeguimientoEval" >
    select num_seguim, cod_periodo, cod_personal, cod_evaluador, cod_uorga_eval, cod_grupo,
      fec_consulta, ind_del, cod_usuregis, fec_regis, cod_usumodif, fec_modif
    from t9435seguimeval
    where num_seguim = #numSeguim:INTEGER#
  </select>
  
  <delete id="deleteByPrimaryKey" parameterClass="pe.gob.sunat.recurso2.humano.evaluacion.model.SeguimientoEval" >
    delete from t9435seguimeval
    where num_seguim = #numSeguim:INTEGER#
  </delete>
  
  <delete id="deleteByExample" parameterClass="pe.gob.sunat.recurso2.humano.evaluacion.model.SeguimientoEvalExample" >
    delete from t9435seguimeval
    <include refid="t9435seguimeval.Example_Where_Clause" />
  </delete>
  
  <insert id="insert" parameterClass="pe.gob.sunat.recurso2.humano.evaluacion.model.SeguimientoEval" >
    insert into t9435seguimeval (num_seguim, cod_periodo, cod_personal, cod_evaluador,
      cod_uorga_eval, cod_grupo, fec_consulta, ind_del, cod_usuregis, fec_regis, cod_usumodif,
      fec_modif)
    values (#numSeguim:INTEGER#, #codPeriodo:CHAR#, #codPersonal:CHAR#, #codEvaluador:CHAR#,
      #codUorgaEval:CHAR#, #codGrupo:CHAR#, #fecConsulta:TIMESTAMP#, #indDel:CHAR#,
      #codUsuregis:VARCHAR#, #fecRegis:TIMESTAMP#, #codUsumodif:VARCHAR#, #fecModif:TIMESTAMP#)
  </insert>
  
  <insert id="insertSelective" parameterClass="pe.gob.sunat.recurso2.humano.evaluacion.model.SeguimientoEval" >
    insert into t9435seguimeval
    <dynamic prepend="(" >
      <isNotNull prepend="," property="numSeguim" >
        num_seguim
      </isNotNull>
      <isNotNull prepend="," property="codPeriodo" >
        cod_periodo
      </isNotNull>
      <isNotNull prepend="," property="codPersonal" >
        cod_personal
      </isNotNull>
      <isNotNull prepend="," property="codEvaluador" >
        cod_evaluador
      </isNotNull>
      <isNotNull prepend="," property="codUorgaEval" >
        cod_uorga_eval
      </isNotNull>
      <isNotNull prepend="," property="codGrupo" >
        cod_grupo
      </isNotNull>
      <isNotNull prepend="," property="fecConsulta" >
        fec_consulta
      </isNotNull>
      <isNotNull prepend="," property="indDel" >
        ind_del
      </isNotNull>
      <isNotNull prepend="," property="codUsuregis" >
        cod_usuregis
      </isNotNull>
      <isNotNull prepend="," property="fecRegis" >
        fec_regis
      </isNotNull>
      <isNotNull prepend="," property="codUsumodif" >
        cod_usumodif
      </isNotNull>
      <isNotNull prepend="," property="fecModif" >
        fec_modif
      </isNotNull>
      )
    </dynamic>
    values
    <dynamic prepend="(" >
      <isNotNull prepend="," property="numSeguim" >
        #numSeguim:INTEGER#
      </isNotNull>
      <isNotNull prepend="," property="codPeriodo" >
        #codPeriodo:CHAR#
      </isNotNull>
      <isNotNull prepend="," property="codPersonal" >
        #codPersonal:CHAR#
      </isNotNull>
      <isNotNull prepend="," property="codEvaluador" >
        #codEvaluador:CHAR#
      </isNotNull>
      <isNotNull prepend="," property="codUorgaEval" >
        #codUorgaEval:CHAR#
      </isNotNull>
      <isNotNull prepend="," property="codGrupo" >
        #codGrupo:CHAR#
      </isNotNull>
      <isNotNull prepend="," property="fecConsulta" >
        #fecConsulta:TIMESTAMP#
      </isNotNull>
      <isNotNull prepend="," property="indDel" >
        #indDel:CHAR#
      </isNotNull>
      <isNotNull prepend="," property="codUsuregis" >
        #codUsuregis:VARCHAR#
      </isNotNull>
      <isNotNull prepend="," property="fecRegis" >
        #fecRegis:TIMESTAMP#
      </isNotNull>
      <isNotNull prepend="," property="codUsumodif" >
        #codUsumodif:VARCHAR#
      </isNotNull>
      <isNotNull prepend="," property="fecModif" >
        #fecModif:TIMESTAMP#
      </isNotNull>
      )
    </dynamic>
    <selectKey resultClass="int" keyProperty="numSeguim">
      SELECT DISTINCT dbinfo('sqlca.sqlerrd1') FROM t9435seguimeval;
    </selectKey>
  </insert>
  
  <select id="countByExample" parameterClass="pe.gob.sunat.recurso2.humano.evaluacion.model.SeguimientoEvalExample" resultClass="java.lang.Integer" >
    select count(*) from t9435seguimeval
    <include refid="t9435seguimeval.Example_Where_Clause" />
  </select>
  
  <update id="updateByExampleSelective" >
    update t9435seguimeval
    <dynamic prepend="set" >
      <isNotNull prepend="," property="record.numSeguim" >
        num_seguim = #record.numSeguim:INTEGER#
      </isNotNull>
      <isNotNull prepend="," property="record.codPeriodo" >
        cod_periodo = #record.codPeriodo:CHAR#
      </isNotNull>
      <isNotNull prepend="," property="record.codPersonal" >
        cod_personal = #record.codPersonal:CHAR#
      </isNotNull>
      <isNotNull prepend="," property="record.codEvaluador" >
        cod_evaluador = #record.codEvaluador:CHAR#
      </isNotNull>
      <isNotNull prepend="," property="record.codUorgaEval" >
        cod_uorga_eval = #record.codUorgaEval:CHAR#
      </isNotNull>
      <isNotNull prepend="," property="record.codGrupo" >
        cod_grupo = #record.codGrupo:CHAR#
      </isNotNull>
      <isNotNull prepend="," property="record.fecConsulta" >
        fec_consulta = #record.fecConsulta:TIMESTAMP#
      </isNotNull>
      <isNotNull prepend="," property="record.indDel" >
        ind_del = #record.indDel:CHAR#
      </isNotNull>
      <isNotNull prepend="," property="record.codUsuregis" >
        cod_usuregis = #record.codUsuregis:VARCHAR#
      </isNotNull>
      <isNotNull prepend="," property="record.fecRegis" >
        fec_regis = #record.fecRegis:TIMESTAMP#
      </isNotNull>
      <isNotNull prepend="," property="record.codUsumodif" >
        cod_usumodif = #record.codUsumodif:VARCHAR#
      </isNotNull>
      <isNotNull prepend="," property="record.fecModif" >
        fec_modif = #record.fecModif:TIMESTAMP#
      </isNotNull>
    </dynamic>
    <isParameterPresent >
      <include refid="t9435seguimeval.Example_Where_Clause" />
    </isParameterPresent>
  </update>
  
  <update id="updateByExample" >
    update t9435seguimeval
    set num_seguim = #record.numSeguim:INTEGER#,
      cod_periodo = #record.codPeriodo:CHAR#,
      cod_personal = #record.codPersonal:CHAR#,
      cod_evaluador = #record.codEvaluador:CHAR#,
      cod_uorga_eval = #record.codUorgaEval:CHAR#,
      cod_grupo = #record.codGrupo:CHAR#,
      fec_consulta = #record.fecConsulta:TIMESTAMP#,
      ind_del = #record.indDel:CHAR#,
      cod_usuregis = #record.codUsuregis:VARCHAR#,
      fec_regis = #record.fecRegis:TIMESTAMP#,
      cod_usumodif = #record.codUsumodif:VARCHAR#,
      fec_modif = #record.fecModif:TIMESTAMP#
    <isParameterPresent >
      <include refid="t9435seguimeval.Example_Where_Clause" />
    </isParameterPresent>
  </update>
  
  <update id="updateByPrimaryKeySelective" parameterClass="pe.gob.sunat.recurso2.humano.evaluacion.model.SeguimientoEval" >
    update t9435seguimeval
    <dynamic prepend="set" >
      <isNotNull prepend="," property="codPeriodo" >
        cod_periodo = #codPeriodo:CHAR#
      </isNotNull>
      <isNotNull prepend="," property="codPersonal" >
        cod_personal = #codPersonal:CHAR#
      </isNotNull>
      <isNotNull prepend="," property="codEvaluador" >
        cod_evaluador = #codEvaluador:CHAR#
      </isNotNull>
      <isNotNull prepend="," property="codUorgaEval" >
        cod_uorga_eval = #codUorgaEval:CHAR#
      </isNotNull>
      <isNotNull prepend="," property="codGrupo" >
        cod_grupo = #codGrupo:CHAR#
      </isNotNull>
      <isNotNull prepend="," property="fecConsulta" >
        fec_consulta = #fecConsulta:TIMESTAMP#
      </isNotNull>
      <isNotNull prepend="," property="indDel" >
        ind_del = #indDel:CHAR#
      </isNotNull>
      <isNotNull prepend="," property="codUsuregis" >
        cod_usuregis = #codUsuregis:VARCHAR#
      </isNotNull>
      <isNotNull prepend="," property="fecRegis" >
        fec_regis = #fecRegis:TIMESTAMP#
      </isNotNull>
      <isNotNull prepend="," property="codUsumodif" >
        cod_usumodif = #codUsumodif:VARCHAR#
      </isNotNull>
      <isNotNull prepend="," property="fecModif" >
        fec_modif = #fecModif:TIMESTAMP#
      </isNotNull>
    </dynamic>
    where num_seguim = #numSeguim:INTEGER#
  </update>
  
  <update id="updateByPrimaryKey" parameterClass="pe.gob.sunat.recurso2.humano.evaluacion.model.SeguimientoEval" >
    update t9435seguimeval
    set cod_periodo = #codPeriodo:CHAR#,
      cod_personal = #codPersonal:CHAR#,
      cod_evaluador = #codEvaluador:CHAR#,
      cod_uorga_eval = #codUorgaEval:CHAR#,
      cod_grupo = #codGrupo:CHAR#,
      fec_consulta = #fecConsulta:TIMESTAMP#,
      ind_del = #indDel:CHAR#,
      cod_usuregis = #codUsuregis:VARCHAR#,
      fec_regis = #fecRegis:TIMESTAMP#,
      cod_usumodif = #codUsumodif:VARCHAR#,
      fec_modif = #fecModif:TIMESTAMP#
    where num_seguim = #numSeguim:INTEGER#
  </update>
  
</sqlMap>