<?xml version="1.0" encoding="UTF-8" ?>
<!DOCTYPE sqlMap PUBLIC "-//ibatis.apache.org//DTD SQL Map 2.0//EN" "http://ibatis.apache.org/dtd/sql-map-2.dtd" >
<sqlMap namespace="T99codigos" >

  <resultMap id="BaseResultMap" class="pe.gob.sunat.recurso2.humano.evaluacion.model.Parametro" >
    <result column="t99cod_tab" property="codParametro" jdbcType="CHAR" />
    <result column="t99codigo" property="codDataParametro" jdbcType="VARCHAR" />
    <result column="t99descrip" property="desParametro" jdbcType="CHAR" />
  <result column="t99siglas" property="desSiglas" jdbcType="VARCHAR" />
  </resultMap>

  <select id="selectByPrimaryKey" resultMap="BaseResultMap" parameterClass="pe.gob.sunat.recurso2.humano.evaluacion.model.Parametro">
    select t99cod_tab,t99codigo,t99descrip, t99siglas 
	from t99codigos 
	where t99cod_tab = #codParametro# and 
		  t99tip_desc = 'D' and 
		  t99codigo = #codDataParametro# and t99estado='1'
  </select>

  <select id="selectByParams"  resultMap="BaseResultMap" parameterClass="HashMap">
		select
			t99cod_tab,
			t99codigo,
			t99descrip,
			t99siglas 
		from
			t99codigos
		where
			t99cod_tab = #codTab# and
			t99tip_desc = 'D'
		<isNotNull property="codParametro"> and t99cod_tab = #codParametro# </isNotNull> 
		<isNotNull property="codDataParametro"> and t99codigo = #codDataParametro# </isNotNull>
		<isNotNull property="codEstado"> and t99estado = #codEstado# </isNotNull>
		<isNotNull property="desSiglas"> and t99siglas = #desSiglas# </isNotNull>
		<isNotNull property="desAbreviatura"> and t99abrev = #desAbreviatura# </isNotNull>
	</select>

</sqlMap>