<?xml version="1.0" encoding="UTF-8"?>
<beans xmlns="http://www.springframework.org/schema/beans"
     xmlns:xsi="http://www.w3.org/2001/XMLSchema-instance"
     xmlns:context="http://www.springframework.org/schema/context"
     xmlns:jee="http://www.springframework.org/schema/jee"
     xsi:schemaLocation="http://www.springframework.org/schema/beans http://www.springframework.org/schema/beans/spring-beans-2.5.xsd
         http://www.springframework.org/schema/context http://www.springframework.org/schema/context/spring-context.xsd
         http://www.springframework.org/schema/jee http://www.springframework.org/schema/jee/spring-jee-2.5.xsd" default-lazy-init="true">

	<jee:jndi-lookup id="evaluacion.spEscritura"    jndi-name="jdbc/dgsp" />

	<bean id="sp.configlocation" class="java.lang.String" >
		<constructor-arg value="classpath:sql-map-config-sp.xml"/>
	</bean>

	<bean id="evaluacion.sp.sqlMapClientEscritura" class="org.springframework.orm.ibatis.SqlMapClientFactoryBean">
		<property name="configLocation" ref="sp.configlocation" />
		<property name="dataSource" ref="evaluacion.spEscritura" />
	</bean>

	<bean id="evaluacion.spEscrituraBaseDAO" abstract="true">
		<property name="sqlMapClient" ref="evaluacion.sp.sqlMapClientEscritura"/>
		<property name="dataSource" ref="evaluacion.spEscritura"/>
	</bean>

	<bean id="evaluacion.periodoDAO" class="pe.gob.sunat.recurso2.humano.evaluacion.model.dao.ibatis.SqlMapT115histevaDAO" parent="evaluacion.spEscrituraBaseDAO"/>
	<bean id="evaluacion.periodoUUOOEvaluadorDAO" class="pe.gob.sunat.recurso2.humano.evaluacion.model.dao.ibatis.SqlMapT116jefuorgDAO" parent="evaluacion.spEscrituraBaseDAO"/>
	<bean id="evaluacion.periodoUUOOJefeDAO" class="pe.gob.sunat.recurso2.humano.evaluacion.model.dao.ibatis.SqlMapT114jefuorgDAO" parent="evaluacion.spEscrituraBaseDAO"/>
	<bean id="evaluacion.uuooDAO" class="pe.gob.sunat.recurso2.humano.evaluacion.model.dao.ibatis.SqlMapT12uorgaDAO" parent="evaluacion.spEscrituraBaseDAO"/>
	<bean id="evaluacion.evaluacionDAO" class="pe.gob.sunat.recurso2.humano.evaluacion.model.dao.ibatis.SqlMapT114evuorgDAO" parent="evaluacion.spEscrituraBaseDAO"/>
	<bean id="evaluacion.codigosDAO" class="pe.gob.sunat.recurso2.humano.evaluacion.model.dao.ibatis.SqlMapT99codigosDAO" parent="evaluacion.spEscrituraBaseDAO"/>
	<bean id="evaluacion.comportamientoDAO" class="pe.gob.sunat.recurso2.humano.evaluacion.model.dao.ibatis.SqlMapT145factIndiDAO" parent="evaluacion.spEscrituraBaseDAO"/>	
	<bean id="evaluacion.rendimientoDAO" class="pe.gob.sunat.recurso2.humano.evaluacion.model.dao.ibatis.SqlMapT110rendiDAO" parent="evaluacion.spEscrituraBaseDAO"/>
	<bean id="evaluacion.rendimientoDetalleDAO" class="pe.gob.sunat.recurso2.humano.evaluacion.model.dao.ibatis.SqlMapT110notaindDAO" parent="evaluacion.spEscrituraBaseDAO"/>
	<bean id="evaluacion.paramDAO" class="pe.gob.sunat.recurso2.humano.evaluacion.model.dao.ibatis.SqlMapT01paramDAO" parent="evaluacion.spEscrituraBaseDAO"/>
	<bean id="evaluacion.evaluacionDetalleDAO" class="pe.gob.sunat.recurso2.humano.evaluacion.model.dao.ibatis.SqlMapT43evperDAO" parent="evaluacion.spEscrituraBaseDAO"/>
	<bean id="evaluacion.personalDAO" class="pe.gob.sunat.recurso2.humano.evaluacion.model.dao.ibatis.SqlMapT02perdpDAO" parent="evaluacion.spEscrituraBaseDAO"/>
	<bean id="evaluacion.histoDAO" class="pe.gob.sunat.recurso2.humano.evaluacion.model.dao.ibatis.SqlMapT11histoDAO" parent="evaluacion.spEscrituraBaseDAO"/>
	<bean id="evaluacion.correosDAO" class="pe.gob.sunat.recurso2.humano.evaluacion.model.dao.ibatis.SqlMapCorreosDAO" parent="evaluacion.spEscrituraBaseDAO"/>
	<bean id="evaluacion.seguimientoDAO" class="pe.gob.sunat.recurso2.humano.evaluacion.model.dao.ibatis.SqlMapT1536segEvalDAO" parent="evaluacion.spEscrituraBaseDAO"/>
	<bean id="evaluacion.SeguimientoEvalDAO" class="pe.gob.sunat.recurso2.humano.evaluacion.model.dao.ibatis.SqlMapSeguimientoEvalDAO" parent="evaluacion.spEscrituraBaseDAO"/>
	<bean id="evaluacion.AccionSeguimDAO" class="pe.gob.sunat.recurso2.humano.evaluacion.model.dao.ibatis.SqlMapAccionSeguimDAO" parent="evaluacion.spEscrituraBaseDAO"/>
	<bean id="evaluacion.RetroalimAccionDAO" class="pe.gob.sunat.recurso2.humano.evaluacion.model.dao.ibatis.SqlMapRetroalimAccionDAO" parent="evaluacion.spEscrituraBaseDAO"/>
	<bean id="evaluacion.ArchivoEvalDAO" class="pe.gob.sunat.recurso2.humano.evaluacion.model.dao.ibatis.SqlMapArchivoEvalDAO" parent="evaluacion.spEscrituraBaseDAO"/>
	
</beans>