<?xml version="1.0" encoding="UTF-8"?>

<!DOCTYPE sqlMapConfig PUBLIC "-//iBATIS.com//DTD SQL Map Config 2.0//EN" "http://www.ibatis.com/dtd/sql-map-config-2.dtd">

<sqlMapConfig>
	<settings cacheModelsEnabled="true" enhancementEnabled="true" useStatementNamespaces="true" maxSessions="64" maxTransactions="8" maxRequests="128" />

	<sqlMap resource="pe/gob/sunat/recurso2/humano/evaluacion/model/dao/ibatis/maps/T114evuorg.xml"/>
	<sqlMap resource="pe/gob/sunat/recurso2/humano/evaluacion/model/dao/ibatis/maps/T114jefuorg.xml"/>
	<sqlMap resource="pe/gob/sunat/recurso2/humano/evaluacion/model/dao/ibatis/maps/T115histev.xml"/>
	<sqlMap resource="pe/gob/sunat/recurso2/humano/evaluacion/model/dao/ibatis/maps/T116jefuorg.xml"/>
	<sqlMap resource="pe/gob/sunat/recurso2/humano/evaluacion/model/dao/ibatis/maps/T12uorga.xml"/>
	<sqlMap resource="pe/gob/sunat/recurso2/humano/evaluacion/model/dao/ibatis/maps/T99codigos.xml"/>
	<sqlMap resource="pe/gob/sunat/recurso2/humano/evaluacion/model/dao/ibatis/maps/T145fact_indi.xml"/>
	<sqlMap resource="pe/gob/sunat/recurso2/humano/evaluacion/model/dao/ibatis/maps/T110notaind.xml"/>
	<sqlMap resource="pe/gob/sunat/recurso2/humano/evaluacion/model/dao/ibatis/maps/T110rendi.xml"/>
	<sqlMap resource="pe/gob/sunat/recurso2/humano/evaluacion/model/dao/ibatis/maps/T01param.xml"/>
	<sqlMap resource="pe/gob/sunat/recurso2/humano/evaluacion/model/dao/ibatis/maps/T43evper.xml"/>
	<sqlMap resource="pe/gob/sunat/recurso2/humano/evaluacion/model/dao/ibatis/maps/T02perdp.xml"/>
	<sqlMap resource="pe/gob/sunat/recurso2/humano/evaluacion/model/dao/ibatis/maps/T11histo.xml"/>
	<sqlMap resource="pe/gob/sunat/recurso2/humano/evaluacion/model/dao/ibatis/maps/Correos.xml"/>
	<sqlMap resource="pe/gob/sunat/recurso2/humano/evaluacion/model/dao/ibatis/maps/T1536seg_eval.xml"/>
	<sqlMap resource="pe/gob/sunat/recurso2/humano/evaluacion/model/dao/ibatis/maps/t9435seguimeval.xml" />
	<sqlMap resource="pe/gob/sunat/recurso2/humano/evaluacion/model/dao/ibatis/maps/t9437accionseguim.xml" />
	<sqlMap resource="pe/gob/sunat/recurso2/humano/evaluacion/model/dao/ibatis/maps/t9438retroalimacc.xml" />
	<sqlMap resource="pe/gob/sunat/recurso2/humano/evaluacion/model/dao/ibatis/maps/t9439archivoeval.xml" />

</sqlMapConfig>