<?xml version="1.0" encoding="UTF-8" ?>
<!DOCTYPE sqlMap PUBLIC "-//ibatis.apache.org//DTD SQL Map 2.0//EN" "http://ibatis.apache.org/dtd/sql-map-2.dtd" >
<sqlMap namespace="t001persona" >
  <resultMap id="BaseResultMap" class="pe.gob.sunat.tecnologia2.servicio.ayni.model.Persona" >
    <result column="cod_persona" property="codPersona" jdbcType="INTEGER" />
    <result column="cod_usuario" property="codUsuario" jdbcType="INTEGER" />
    <result column="cod_tip_doc" property="codTipDoc" jdbcType="INTEGER" />
    <result column="num_doc" property="numDoc" jdbcType="VARCHAR" />
    <result column="des_apellidos" property="desApellidos" jdbcType="VARCHAR" />
    <result column="des_nombres" property="desNombres" jdbcType="VARCHAR" />
    <result column="cod_sexo" property="codSexo" jdbcType="INTEGER" />
    <result column="des_correo" property="desCorreo" jdbcType="VARCHAR" />
    <result column="num_telef" property="numTelef" jdbcType="VARCHAR" />
    <result column="cod_dir_ubigeo" property="codDirUbigeo" jdbcType="INTEGER" />
    <result column="des_direccion" property="desDireccion" jdbcType="VARCHAR" />
    <result column="num_lat_dir" property="numLatDir" jdbcType="DECIMAL" />
    <result column="num_lon_dir" property="numLonDir" jdbcType="DECIMAL" />
    <result column="ind_activ_posi" property="indActivPosi" jdbcType="BIT" />
    <result column="fec_nacim" property="fecNacim" jdbcType="TIMESTAMP" />
    <result column="ind_cliente" property="indCliente" jdbcType="BIT" />
    <result column="ind_espec" property="indEspec" jdbcType="BIT" />
    <result column="ind_dispon" property="indDispon" jdbcType="BIT" />
    <result column="ind_elim" property="indElim" jdbcType="BIT" />
    <result column="fec_crea" property="fecCrea" jdbcType="TIMESTAMP" />
    <result column="cod_usucrea" property="codUsucrea" jdbcType="VARCHAR" />
    <result column="fec_mod" property="fecMod" jdbcType="TIMESTAMP" />
    <result column="cod_usumod" property="codUsumod" jdbcType="VARCHAR" />
  </resultMap>
  
  <sql id="Example_Where_Clause" >
    <iterate property="oredCriteria" conjunction="or" prepend="where" removeFirstPrepend="iterate" >
      <isEqual property="oredCriteria[].valid" compareValue="true" >
        (
        <iterate prepend="and" property="oredCriteria[].criteriaWithoutValue" conjunction="and" >
          $oredCriteria[].criteriaWithoutValue[]$
        </iterate>
        <iterate prepend="and" property="oredCriteria[].criteriaWithSingleValue" conjunction="and" >
          $oredCriteria[].criteriaWithSingleValue[].condition$
            #oredCriteria[].criteriaWithSingleValue[].value#
        </iterate>
        <iterate prepend="and" property="oredCriteria[].criteriaWithListValue" conjunction="and" >
          $oredCriteria[].criteriaWithListValue[].condition$
          <iterate property="oredCriteria[].criteriaWithListValue[].values" open="(" close=")" conjunction="," >
            #oredCriteria[].criteriaWithListValue[].values[]#
          </iterate>
        </iterate>
        <iterate prepend="and" property="oredCriteria[].criteriaWithBetweenValue" conjunction="and" >
          $oredCriteria[].criteriaWithBetweenValue[].condition$
          #oredCriteria[].criteriaWithBetweenValue[].values[0]# and
          #oredCriteria[].criteriaWithBetweenValue[].values[1]#
        </iterate>
        )
      </isEqual>
    </iterate>
  </sql>
  
  <select id="selectByExample" resultMap="BaseResultMap" parameterClass="pe.gob.sunat.tecnologia2.servicio.ayni.model.PersonaExample" >
    select cod_persona, cod_usuario, cod_tip_doc, num_doc, des_apellidos, des_nombres, cod_sexo,
      des_correo, num_telef, cod_dir_ubigeo, des_direccion, num_lat_dir, num_lon_dir,
      ind_activ_posi, fec_nacim, ind_cliente, ind_espec, ind_dispon, ind_elim, fec_crea,
      cod_usucrea, fec_mod, cod_usumod
    from t001persona
    <isParameterPresent >
      <include refid="t001persona.Example_Where_Clause" />
      <isNotNull property="orderByClause" >
        order by $orderByClause$
      </isNotNull>
    </isParameterPresent>
  </select>
  
  <select id="selectByPrimaryKey" resultMap="BaseResultMap" parameterClass="pe.gob.sunat.tecnologia2.servicio.ayni.model.Persona" >
    select cod_persona, cod_usuario, cod_tip_doc, num_doc, des_apellidos, des_nombres, cod_sexo,
      des_correo, num_telef, cod_dir_ubigeo, des_direccion, num_lat_dir, num_lon_dir,
      ind_activ_posi, fec_nacim, ind_cliente, ind_espec, ind_dispon, ind_elim, fec_crea,
      cod_usucrea, fec_mod, cod_usumod
    from t001persona
    where cod_persona = #codPersona:INTEGER#
  </select>
  
  <delete id="deleteByPrimaryKey" parameterClass="pe.gob.sunat.tecnologia2.servicio.ayni.model.Persona" >
    delete from t001persona
    where cod_persona = #codPersona:INTEGER#
  </delete>
  
  <delete id="deleteByExample" parameterClass="pe.gob.sunat.tecnologia2.servicio.ayni.model.PersonaExample" >
    delete from t001persona
    <include refid="t001persona.Example_Where_Clause" />
  </delete>
  
  <insert id="insert" parameterClass="pe.gob.sunat.tecnologia2.servicio.ayni.model.Persona" >
    insert into t001persona (cod_persona, cod_usuario, cod_tip_doc, num_doc, des_apellidos,
      des_nombres, cod_sexo, des_correo, num_telef, cod_dir_ubigeo, des_direccion, num_lat_dir,
      num_lon_dir, ind_activ_posi, fec_nacim, ind_cliente, ind_espec, ind_dispon, ind_elim,
      fec_crea, cod_usucrea, fec_mod, cod_usumod)
    values (#codPersona:INTEGER#, #codUsuario:INTEGER#, #codTipDoc:INTEGER#, #numDoc:VARCHAR#,
      #desApellidos:VARCHAR#, #desNombres:VARCHAR#, #codSexo:INTEGER#, #desCorreo:VARCHAR#,
      #numTelef:VARCHAR#, #codDirUbigeo:INTEGER#, #desDireccion:VARCHAR#, #numLatDir:DECIMAL#,
      #numLonDir:DECIMAL#, #indActivPosi:BIT#, #fecNacim:TIMESTAMP#, #indCliente:BIT#,
      #indEspec:BIT#, #indDispon:BIT#, #indElim:BIT#, #fecCrea:TIMESTAMP#, #codUsucrea:VARCHAR#,
      #fecMod:TIMESTAMP#, #codUsumod:VARCHAR#)
  </insert>
  
  <insert id="insertSelective" parameterClass="pe.gob.sunat.tecnologia2.servicio.ayni.model.Persona" >
    insert into t001persona
    <dynamic prepend="(" >
      <isNotNull prepend="," property="codPersona" >
        cod_persona
      </isNotNull>
      <isNotNull prepend="," property="codUsuario" >
        cod_usuario
      </isNotNull>
      <isNotNull prepend="," property="codTipDoc" >
        cod_tip_doc
      </isNotNull>
      <isNotNull prepend="," property="numDoc" >
        num_doc
      </isNotNull>
      <isNotNull prepend="," property="desApellidos" >
        des_apellidos
      </isNotNull>
      <isNotNull prepend="," property="desNombres" >
        des_nombres
      </isNotNull>
      <isNotNull prepend="," property="codSexo" >
        cod_sexo
      </isNotNull>
      <isNotNull prepend="," property="desCorreo" >
        des_correo
      </isNotNull>
      <isNotNull prepend="," property="numTelef" >
        num_telef
      </isNotNull>
      <isNotNull prepend="," property="codDirUbigeo" >
        cod_dir_ubigeo
      </isNotNull>
      <isNotNull prepend="," property="desDireccion" >
        des_direccion
      </isNotNull>
      <isNotNull prepend="," property="numLatDir" >
        num_lat_dir
      </isNotNull>
      <isNotNull prepend="," property="numLonDir" >
        num_lon_dir
      </isNotNull>
      <isNotNull prepend="," property="indActivPosi" >
        ind_activ_posi
      </isNotNull>
      <isNotNull prepend="," property="fecNacim" >
        fec_nacim
      </isNotNull>
      <isNotNull prepend="," property="indCliente" >
        ind_cliente
      </isNotNull>
      <isNotNull prepend="," property="indEspec" >
        ind_espec
      </isNotNull>
      <isNotNull prepend="," property="indDispon" >
        ind_dispon
      </isNotNull>
      <isNotNull prepend="," property="indElim" >
        ind_elim
      </isNotNull>
      <isNotNull prepend="," property="fecCrea" >
        fec_crea
      </isNotNull>
      <isNotNull prepend="," property="codUsucrea" >
        cod_usucrea
      </isNotNull>
      <isNotNull prepend="," property="fecMod" >
        fec_mod
      </isNotNull>
      <isNotNull prepend="," property="codUsumod" >
        cod_usumod
      </isNotNull>
      )
    </dynamic>
    values
    <dynamic prepend="(" >
      <isNotNull prepend="," property="codPersona" >
        #codPersona:INTEGER#
      </isNotNull>
      <isNotNull prepend="," property="codUsuario" >
        #codUsuario:INTEGER#
      </isNotNull>
      <isNotNull prepend="," property="codTipDoc" >
        #codTipDoc:INTEGER#
      </isNotNull>
      <isNotNull prepend="," property="numDoc" >
        #numDoc:VARCHAR#
      </isNotNull>
      <isNotNull prepend="," property="desApellidos" >
        #desApellidos:VARCHAR#
      </isNotNull>
      <isNotNull prepend="," property="desNombres" >
        #desNombres:VARCHAR#
      </isNotNull>
      <isNotNull prepend="," property="codSexo" >
        #codSexo:INTEGER#
      </isNotNull>
      <isNotNull prepend="," property="desCorreo" >
        #desCorreo:VARCHAR#
      </isNotNull>
      <isNotNull prepend="," property="numTelef" >
        #numTelef:VARCHAR#
      </isNotNull>
      <isNotNull prepend="," property="codDirUbigeo" >
        #codDirUbigeo:INTEGER#
      </isNotNull>
      <isNotNull prepend="," property="desDireccion" >
        #desDireccion:VARCHAR#
      </isNotNull>
      <isNotNull prepend="," property="numLatDir" >
        #numLatDir:DECIMAL#
      </isNotNull>
      <isNotNull prepend="," property="numLonDir" >
        #numLonDir:DECIMAL#
      </isNotNull>
      <isNotNull prepend="," property="indActivPosi" >
        #indActivPosi:BIT#
      </isNotNull>
      <isNotNull prepend="," property="fecNacim" >
        #fecNacim:TIMESTAMP#
      </isNotNull>
      <isNotNull prepend="," property="indCliente" >
        #indCliente:BIT#
      </isNotNull>
      <isNotNull prepend="," property="indEspec" >
        #indEspec:BIT#
      </isNotNull>
      <isNotNull prepend="," property="indDispon" >
        #indDispon:BIT#
      </isNotNull>
      <isNotNull prepend="," property="indElim" >
        #indElim:BIT#
      </isNotNull>
      <isNotNull prepend="," property="fecCrea" >
        #fecCrea:TIMESTAMP#
      </isNotNull>
      <isNotNull prepend="," property="codUsucrea" >
        #codUsucrea:VARCHAR#
      </isNotNull>
      <isNotNull prepend="," property="fecMod" >
        #fecMod:TIMESTAMP#
      </isNotNull>
      <isNotNull prepend="," property="codUsumod" >
        #codUsumod:VARCHAR#
      </isNotNull>
      )
    </dynamic>
  </insert>
  
  <select id="countByExample" parameterClass="pe.gob.sunat.tecnologia2.servicio.ayni.model.PersonaExample" resultClass="java.lang.Integer" >
    select count(*) from t001persona
    <include refid="t001persona.Example_Where_Clause" />
  </select>
  
  <update id="updateByExampleSelective" >
    update t001persona
    <dynamic prepend="set" >
      <isNotNull prepend="," property="record.codPersona" >
        cod_persona = #record.codPersona:INTEGER#
      </isNotNull>
      <isNotNull prepend="," property="record.codUsuario" >
        cod_usuario = #record.codUsuario:INTEGER#
      </isNotNull>
      <isNotNull prepend="," property="record.codTipDoc" >
        cod_tip_doc = #record.codTipDoc:INTEGER#
      </isNotNull>
      <isNotNull prepend="," property="record.numDoc" >
        num_doc = #record.numDoc:VARCHAR#
      </isNotNull>
      <isNotNull prepend="," property="record.desApellidos" >
        des_apellidos = #record.desApellidos:VARCHAR#
      </isNotNull>
      <isNotNull prepend="," property="record.desNombres" >
        des_nombres = #record.desNombres:VARCHAR#
      </isNotNull>
      <isNotNull prepend="," property="record.codSexo" >
        cod_sexo = #record.codSexo:INTEGER#
      </isNotNull>
      <isNotNull prepend="," property="record.desCorreo" >
        des_correo = #record.desCorreo:VARCHAR#
      </isNotNull>
      <isNotNull prepend="," property="record.numTelef" >
        num_telef = #record.numTelef:VARCHAR#
      </isNotNull>
      <isNotNull prepend="," property="record.codDirUbigeo" >
        cod_dir_ubigeo = #record.codDirUbigeo:INTEGER#
      </isNotNull>
      <isNotNull prepend="," property="record.desDireccion" >
        des_direccion = #record.desDireccion:VARCHAR#
      </isNotNull>
      <isNotNull prepend="," property="record.numLatDir" >
        num_lat_dir = #record.numLatDir:DECIMAL#
      </isNotNull>
      <isNotNull prepend="," property="record.numLonDir" >
        num_lon_dir = #record.numLonDir:DECIMAL#
      </isNotNull>
      <isNotNull prepend="," property="record.indActivPosi" >
        ind_activ_posi = #record.indActivPosi:BIT#
      </isNotNull>
      <isNotNull prepend="," property="record.fecNacim" >
        fec_nacim = #record.fecNacim:TIMESTAMP#
      </isNotNull>
      <isNotNull prepend="," property="record.indCliente" >
        ind_cliente = #record.indCliente:BIT#
      </isNotNull>
      <isNotNull prepend="," property="record.indEspec" >
        ind_espec = #record.indEspec:BIT#
      </isNotNull>
      <isNotNull prepend="," property="record.indDispon" >
        ind_dispon = #record.indDispon:BIT#
      </isNotNull>
      <isNotNull prepend="," property="record.indElim" >
        ind_elim = #record.indElim:BIT#
      </isNotNull>
      <isNotNull prepend="," property="record.fecCrea" >
        fec_crea = #record.fecCrea:TIMESTAMP#
      </isNotNull>
      <isNotNull prepend="," property="record.codUsucrea" >
        cod_usucrea = #record.codUsucrea:VARCHAR#
      </isNotNull>
      <isNotNull prepend="," property="record.fecMod" >
        fec_mod = #record.fecMod:TIMESTAMP#
      </isNotNull>
      <isNotNull prepend="," property="record.codUsumod" >
        cod_usumod = #record.codUsumod:VARCHAR#
      </isNotNull>
    </dynamic>
    <isParameterPresent >
      <include refid="t001persona.Example_Where_Clause" />
    </isParameterPresent>
  </update>
  
  <update id="updateByExample" >
    update t001persona
    set cod_persona = #record.codPersona:INTEGER#,
      cod_usuario = #record.codUsuario:INTEGER#,
      cod_tip_doc = #record.codTipDoc:INTEGER#,
      num_doc = #record.numDoc:VARCHAR#,
      des_apellidos = #record.desApellidos:VARCHAR#,
      des_nombres = #record.desNombres:VARCHAR#,
      cod_sexo = #record.codSexo:INTEGER#,
      des_correo = #record.desCorreo:VARCHAR#,
      num_telef = #record.numTelef:VARCHAR#,
      cod_dir_ubigeo = #record.codDirUbigeo:INTEGER#,
      des_direccion = #record.desDireccion:VARCHAR#,
      num_lat_dir = #record.numLatDir:DECIMAL#,
      num_lon_dir = #record.numLonDir:DECIMAL#,
      ind_activ_posi = #record.indActivPosi:BIT#,
      fec_nacim = #record.fecNacim:TIMESTAMP#,
      ind_cliente = #record.indCliente:BIT#,
      ind_espec = #record.indEspec:BIT#,
      ind_dispon = #record.indDispon:BIT#,
      ind_elim = #record.indElim:BIT#,
      fec_crea = #record.fecCrea:TIMESTAMP#,
      cod_usucrea = #record.codUsucrea:VARCHAR#,
      fec_mod = #record.fecMod:TIMESTAMP#,
      cod_usumod = #record.codUsumod:VARCHAR#
    <isParameterPresent >
      <include refid="t001persona.Example_Where_Clause" />
    </isParameterPresent>
  </update>
  
  <update id="updateByPrimaryKeySelective" parameterClass="pe.gob.sunat.tecnologia2.servicio.ayni.model.Persona" >
    update t001persona
    <dynamic prepend="set" >
      <isNotNull prepend="," property="codUsuario" >
        cod_usuario = #codUsuario:INTEGER#
      </isNotNull>
      <isNotNull prepend="," property="codTipDoc" >
        cod_tip_doc = #codTipDoc:INTEGER#
      </isNotNull>
      <isNotNull prepend="," property="numDoc" >
        num_doc = #numDoc:VARCHAR#
      </isNotNull>
      <isNotNull prepend="," property="desApellidos" >
        des_apellidos = #desApellidos:VARCHAR#
      </isNotNull>
      <isNotNull prepend="," property="desNombres" >
        des_nombres = #desNombres:VARCHAR#
      </isNotNull>
      <isNotNull prepend="," property="codSexo" >
        cod_sexo = #codSexo:INTEGER#
      </isNotNull>
      <isNotNull prepend="," property="desCorreo" >
        des_correo = #desCorreo:VARCHAR#
      </isNotNull>
      <isNotNull prepend="," property="numTelef" >
        num_telef = #numTelef:VARCHAR#
      </isNotNull>
      <isNotNull prepend="," property="codDirUbigeo" >
        cod_dir_ubigeo = #codDirUbigeo:INTEGER#
      </isNotNull>
      <isNotNull prepend="," property="desDireccion" >
        des_direccion = #desDireccion:VARCHAR#
      </isNotNull>
      <isNotNull prepend="," property="numLatDir" >
        num_lat_dir = #numLatDir:DECIMAL#
      </isNotNull>
      <isNotNull prepend="," property="numLonDir" >
        num_lon_dir = #numLonDir:DECIMAL#
      </isNotNull>
      <isNotNull prepend="," property="indActivPosi" >
        ind_activ_posi = #indActivPosi:BIT#
      </isNotNull>
      <isNotNull prepend="," property="fecNacim" >
        fec_nacim = #fecNacim:TIMESTAMP#
      </isNotNull>
      <isNotNull prepend="," property="indCliente" >
        ind_cliente = #indCliente:BIT#
      </isNotNull>
      <isNotNull prepend="," property="indEspec" >
        ind_espec = #indEspec:BIT#
      </isNotNull>
      <isNotNull prepend="," property="indDispon" >
        ind_dispon = #indDispon:BIT#
      </isNotNull>
      <isNotNull prepend="," property="indElim" >
        ind_elim = #indElim:BIT#
      </isNotNull>
      <isNotNull prepend="," property="fecCrea" >
        fec_crea = #fecCrea:TIMESTAMP#
      </isNotNull>
      <isNotNull prepend="," property="codUsucrea" >
        cod_usucrea = #codUsucrea:VARCHAR#
      </isNotNull>
      <isNotNull prepend="," property="fecMod" >
        fec_mod = #fecMod:TIMESTAMP#
      </isNotNull>
      <isNotNull prepend="," property="codUsumod" >
        cod_usumod = #codUsumod:VARCHAR#
      </isNotNull>
    </dynamic>
    where cod_persona = #codPersona:INTEGER#
  </update>
  
  <update id="updateByPrimaryKey" parameterClass="pe.gob.sunat.tecnologia2.servicio.ayni.model.Persona" >
    update t001persona
    set cod_usuario = #codUsuario:INTEGER#,
      cod_tip_doc = #codTipDoc:INTEGER#,
      num_doc = #numDoc:VARCHAR#,
      des_apellidos = #desApellidos:VARCHAR#,
      des_nombres = #desNombres:VARCHAR#,
      cod_sexo = #codSexo:INTEGER#,
      des_correo = #desCorreo:VARCHAR#,
      num_telef = #numTelef:VARCHAR#,
      cod_dir_ubigeo = #codDirUbigeo:INTEGER#,
      des_direccion = #desDireccion:VARCHAR#,
      num_lat_dir = #numLatDir:DECIMAL#,
      num_lon_dir = #numLonDir:DECIMAL#,
      ind_activ_posi = #indActivPosi:BIT#,
      fec_nacim = #fecNacim:TIMESTAMP#,
      ind_cliente = #indCliente:BIT#,
      ind_espec = #indEspec:BIT#,
      ind_dispon = #indDispon:BIT#,
      ind_elim = #indElim:BIT#,
      fec_crea = #fecCrea:TIMESTAMP#,
      cod_usucrea = #codUsucrea:VARCHAR#,
      fec_mod = #fecMod:TIMESTAMP#,
      cod_usumod = #codUsumod:VARCHAR#
    where cod_persona = #codPersona:INTEGER#
  </update>
  
</sqlMap>