<?xml version="1.0" encoding="UTF-8" ?>
<!DOCTYPE sqlMap PUBLIC "-//ibatis.apache.org//DTD SQL Map 2.0//EN" "http://ibatis.apache.org/dtd/sql-map-2.dtd" >
<sqlMap namespace="t002experto" >
  <resultMap id="BaseResultMap" class="pe.gob.sunat.tecnologia2.servicio.ayni.model.Experto" >
    <result column="cod_experto" property="codExperto" jdbcType="INTEGER" />
    <result column="cod_persona" property="codPersona" jdbcType="INTEGER" />
    <result column="cod_espec" property="codEspec" jdbcType="INTEGER" />
    <result column="des_resumen" property="desResumen" jdbcType="VARCHAR" />
    <result column="des_detalle" property="desDetalle" jdbcType="VARCHAR" />
    <result column="ind_dispon" property="indDispon" jdbcType="BIT" />
    <result column="ind_activo" property="indActivo" jdbcType="BIT" />
    <result column="ind_elim" property="indElim" jdbcType="BIT" />
    <result column="fec_crea" property="fecCrea" jdbcType="TIMESTAMP" />
    <result column="cod_usucrea" property="codUsucrea" jdbcType="VARCHAR" />
    <result column="fec_mod" property="fecMod" jdbcType="TIMESTAMP" />
    <result column="cod_usumod" property="codUsumod" jdbcType="VARCHAR" />
  </resultMap>
  
  <sql id="Example_Where_Clause" >
    <iterate property="oredCriteria" conjunction="or" prepend="where" removeFirstPrepend="iterate" >
      <isEqual property="oredCriteria[].valid" compareValue="true" >
        (
        <iterate prepend="and" property="oredCriteria[].criteriaWithoutValue" conjunction="and" >
          $oredCriteria[].criteriaWithoutValue[]$
        </iterate>
        <iterate prepend="and" property="oredCriteria[].criteriaWithSingleValue" conjunction="and" >
          $oredCriteria[].criteriaWithSingleValue[].condition$
            #oredCriteria[].criteriaWithSingleValue[].value#
        </iterate>
        <iterate prepend="and" property="oredCriteria[].criteriaWithListValue" conjunction="and" >
          $oredCriteria[].criteriaWithListValue[].condition$
          <iterate property="oredCriteria[].criteriaWithListValue[].values" open="(" close=")" conjunction="," >
            #oredCriteria[].criteriaWithListValue[].values[]#
          </iterate>
        </iterate>
        <iterate prepend="and" property="oredCriteria[].criteriaWithBetweenValue" conjunction="and" >
          $oredCriteria[].criteriaWithBetweenValue[].condition$
          #oredCriteria[].criteriaWithBetweenValue[].values[0]# and
          #oredCriteria[].criteriaWithBetweenValue[].values[1]#
        </iterate>
        )
      </isEqual>
    </iterate>
  </sql>
  
  <select id="selectByExample" resultMap="BaseResultMap" parameterClass="pe.gob.sunat.tecnologia2.servicio.ayni.model.ExpertoExample" >
    select cod_experto, cod_persona, cod_espec, des_resumen, des_detalle, ind_dispon, ind_activo,
      ind_elim, fec_crea, cod_usucrea, fec_mod, cod_usumod
    from t002experto
    <isParameterPresent >
      <include refid="t002experto.Example_Where_Clause" />
      <isNotNull property="orderByClause" >
        order by $orderByClause$
      </isNotNull>
    </isParameterPresent>
  </select>
  
  <select id="selectByPrimaryKey" resultMap="BaseResultMap" parameterClass="pe.gob.sunat.tecnologia2.servicio.ayni.model.Experto" >
    select cod_experto, cod_persona, cod_espec, des_resumen, des_detalle, ind_dispon, ind_activo,
      ind_elim, fec_crea, cod_usucrea, fec_mod, cod_usumod
    from t002experto
    where cod_experto = #codExperto:INTEGER#
  </select>
  
  <delete id="deleteByPrimaryKey" parameterClass="pe.gob.sunat.tecnologia2.servicio.ayni.model.Experto" >
    delete from t002experto
    where cod_experto = #codExperto:INTEGER#
  </delete>
  
  <delete id="deleteByExample" parameterClass="pe.gob.sunat.tecnologia2.servicio.ayni.model.ExpertoExample" >
    delete from t002experto
    <include refid="t002experto.Example_Where_Clause" />
  </delete>
  
  <insert id="insert" parameterClass="pe.gob.sunat.tecnologia2.servicio.ayni.model.Experto" >
    insert into t002experto (cod_experto, cod_persona, cod_espec, des_resumen, des_detalle,
      ind_dispon, ind_activo, ind_elim, fec_crea, cod_usucrea, fec_mod, cod_usumod)
    values (#codExperto:INTEGER#, #codPersona:INTEGER#, #codEspec:INTEGER#, #desResumen:VARCHAR#,
      #desDetalle:VARCHAR#, #indDispon:BIT#, #indActivo:BIT#, #indElim:BIT#, #fecCrea:TIMESTAMP#,
      #codUsucrea:VARCHAR#, #fecMod:TIMESTAMP#, #codUsumod:VARCHAR#)
  </insert>
  
  <insert id="insertSelective" parameterClass="pe.gob.sunat.tecnologia2.servicio.ayni.model.Experto" >
    insert into t002experto
    <dynamic prepend="(" >
      <isNotNull prepend="," property="codExperto" >
        cod_experto
      </isNotNull>
      <isNotNull prepend="," property="codPersona" >
        cod_persona
      </isNotNull>
      <isNotNull prepend="," property="codEspec" >
        cod_espec
      </isNotNull>
      <isNotNull prepend="," property="desResumen" >
        des_resumen
      </isNotNull>
      <isNotNull prepend="," property="desDetalle" >
        des_detalle
      </isNotNull>
      <isNotNull prepend="," property="indDispon" >
        ind_dispon
      </isNotNull>
      <isNotNull prepend="," property="indActivo" >
        ind_activo
      </isNotNull>
      <isNotNull prepend="," property="indElim" >
        ind_elim
      </isNotNull>
      <isNotNull prepend="," property="fecCrea" >
        fec_crea
      </isNotNull>
      <isNotNull prepend="," property="codUsucrea" >
        cod_usucrea
      </isNotNull>
      <isNotNull prepend="," property="fecMod" >
        fec_mod
      </isNotNull>
      <isNotNull prepend="," property="codUsumod" >
        cod_usumod
      </isNotNull>
      )
    </dynamic>
    values
    <dynamic prepend="(" >
      <isNotNull prepend="," property="codExperto" >
        #codExperto:INTEGER#
      </isNotNull>
      <isNotNull prepend="," property="codPersona" >
        #codPersona:INTEGER#
      </isNotNull>
      <isNotNull prepend="," property="codEspec" >
        #codEspec:INTEGER#
      </isNotNull>
      <isNotNull prepend="," property="desResumen" >
        #desResumen:VARCHAR#
      </isNotNull>
      <isNotNull prepend="," property="desDetalle" >
        #desDetalle:VARCHAR#
      </isNotNull>
      <isNotNull prepend="," property="indDispon" >
        #indDispon:BIT#
      </isNotNull>
      <isNotNull prepend="," property="indActivo" >
        #indActivo:BIT#
      </isNotNull>
      <isNotNull prepend="," property="indElim" >
        #indElim:BIT#
      </isNotNull>
      <isNotNull prepend="," property="fecCrea" >
        #fecCrea:TIMESTAMP#
      </isNotNull>
      <isNotNull prepend="," property="codUsucrea" >
        #codUsucrea:VARCHAR#
      </isNotNull>
      <isNotNull prepend="," property="fecMod" >
        #fecMod:TIMESTAMP#
      </isNotNull>
      <isNotNull prepend="," property="codUsumod" >
        #codUsumod:VARCHAR#
      </isNotNull>
      )
    </dynamic>
  </insert>
  
  <select id="countByExample" parameterClass="pe.gob.sunat.tecnologia2.servicio.ayni.model.ExpertoExample" resultClass="java.lang.Integer" >
    select count(*) from t002experto
    <include refid="t002experto.Example_Where_Clause" />
  </select>
  
  <update id="updateByExampleSelective" >
    update t002experto
    <dynamic prepend="set" >
      <isNotNull prepend="," property="record.codExperto" >
        cod_experto = #record.codExperto:INTEGER#
      </isNotNull>
      <isNotNull prepend="," property="record.codPersona" >
        cod_persona = #record.codPersona:INTEGER#
      </isNotNull>
      <isNotNull prepend="," property="record.codEspec" >
        cod_espec = #record.codEspec:INTEGER#
      </isNotNull>
      <isNotNull prepend="," property="record.desResumen" >
        des_resumen = #record.desResumen:VARCHAR#
      </isNotNull>
      <isNotNull prepend="," property="record.desDetalle" >
        des_detalle = #record.desDetalle:VARCHAR#
      </isNotNull>
      <isNotNull prepend="," property="record.indDispon" >
        ind_dispon = #record.indDispon:BIT#
      </isNotNull>
      <isNotNull prepend="," property="record.indActivo" >
        ind_activo = #record.indActivo:BIT#
      </isNotNull>
      <isNotNull prepend="," property="record.indElim" >
        ind_elim = #record.indElim:BIT#
      </isNotNull>
      <isNotNull prepend="," property="record.fecCrea" >
        fec_crea = #record.fecCrea:TIMESTAMP#
      </isNotNull>
      <isNotNull prepend="," property="record.codUsucrea" >
        cod_usucrea = #record.codUsucrea:VARCHAR#
      </isNotNull>
      <isNotNull prepend="," property="record.fecMod" >
        fec_mod = #record.fecMod:TIMESTAMP#
      </isNotNull>
      <isNotNull prepend="," property="record.codUsumod" >
        cod_usumod = #record.codUsumod:VARCHAR#
      </isNotNull>
    </dynamic>
    <isParameterPresent >
      <include refid="t002experto.Example_Where_Clause" />
    </isParameterPresent>
  </update>
  
  <update id="updateByExample" >
    update t002experto
    set cod_experto = #record.codExperto:INTEGER#,
      cod_persona = #record.codPersona:INTEGER#,
      cod_espec = #record.codEspec:INTEGER#,
      des_resumen = #record.desResumen:VARCHAR#,
      des_detalle = #record.desDetalle:VARCHAR#,
      ind_dispon = #record.indDispon:BIT#,
      ind_activo = #record.indActivo:BIT#,
      ind_elim = #record.indElim:BIT#,
      fec_crea = #record.fecCrea:TIMESTAMP#,
      cod_usucrea = #record.codUsucrea:VARCHAR#,
      fec_mod = #record.fecMod:TIMESTAMP#,
      cod_usumod = #record.codUsumod:VARCHAR#
    <isParameterPresent >
      <include refid="t002experto.Example_Where_Clause" />
    </isParameterPresent>
  </update>
  
  <update id="updateByPrimaryKeySelective" parameterClass="pe.gob.sunat.tecnologia2.servicio.ayni.model.Experto" >
    update t002experto
    <dynamic prepend="set" >
      <isNotNull prepend="," property="codPersona" >
        cod_persona = #codPersona:INTEGER#
      </isNotNull>
      <isNotNull prepend="," property="codEspec" >
        cod_espec = #codEspec:INTEGER#
      </isNotNull>
      <isNotNull prepend="," property="desResumen" >
        des_resumen = #desResumen:VARCHAR#
      </isNotNull>
      <isNotNull prepend="," property="desDetalle" >
        des_detalle = #desDetalle:VARCHAR#
      </isNotNull>
      <isNotNull prepend="," property="indDispon" >
        ind_dispon = #indDispon:BIT#
      </isNotNull>
      <isNotNull prepend="," property="indActivo" >
        ind_activo = #indActivo:BIT#
      </isNotNull>
      <isNotNull prepend="," property="indElim" >
        ind_elim = #indElim:BIT#
      </isNotNull>
      <isNotNull prepend="," property="fecCrea" >
        fec_crea = #fecCrea:TIMESTAMP#
      </isNotNull>
      <isNotNull prepend="," property="codUsucrea" >
        cod_usucrea = #codUsucrea:VARCHAR#
      </isNotNull>
      <isNotNull prepend="," property="fecMod" >
        fec_mod = #fecMod:TIMESTAMP#
      </isNotNull>
      <isNotNull prepend="," property="codUsumod" >
        cod_usumod = #codUsumod:VARCHAR#
      </isNotNull>
    </dynamic>
    where cod_experto = #codExperto:INTEGER#
  </update>
  
  <update id="updateByPrimaryKey" parameterClass="pe.gob.sunat.tecnologia2.servicio.ayni.model.Experto" >
    update t002experto
    set cod_persona = #codPersona:INTEGER#,
      cod_espec = #codEspec:INTEGER#,
      des_resumen = #desResumen:VARCHAR#,
      des_detalle = #desDetalle:VARCHAR#,
      ind_dispon = #indDispon:BIT#,
      ind_activo = #indActivo:BIT#,
      ind_elim = #indElim:BIT#,
      fec_crea = #fecCrea:TIMESTAMP#,
      cod_usucrea = #codUsucrea:VARCHAR#,
      fec_mod = #fecMod:TIMESTAMP#,
      cod_usumod = #codUsumod:VARCHAR#
    where cod_experto = #codExperto:INTEGER#
  </update>
  
</sqlMap>