<?xml version="1.0" encoding="UTF-8" ?>
<!DOCTYPE sqlMap PUBLIC "-//ibatis.apache.org//DTD SQL Map 2.0//EN" "http://ibatis.apache.org/dtd/sql-map-2.dtd" >
<sqlMap namespace="t003especialidad" >
  <resultMap id="BaseResultMap" class="pe.gob.sunat.tecnologia2.servicio.ayni.model.Especialidad" >
    <result column="cod_espec" property="codEspec" jdbcType="INTEGER" />
    <result column="des_nom_espec" property="desNomEspec" jdbcType="VARCHAR" />
    <result column="des_espec" property="desEspec" jdbcType="VARCHAR" />
    <result column="ind_activo" property="indActivo" jdbcType="BIT" />
    <result column="ind_elim" property="indElim" jdbcType="BIT" />
    <result column="fec_crea" property="fecCrea" jdbcType="TIMESTAMP" />
    <result column="cod_usucrea" property="codUsucrea" jdbcType="VARCHAR" />
    <result column="fec_mod" property="fecMod" jdbcType="TIMESTAMP" />
    <result column="cod_usumod" property="codUsumod" jdbcType="VARCHAR" />
  </resultMap>
  
  <sql id="Example_Where_Clause" >
    <iterate property="oredCriteria" conjunction="or" prepend="where" removeFirstPrepend="iterate" >
      <isEqual property="oredCriteria[].valid" compareValue="true" >
        (
        <iterate prepend="and" property="oredCriteria[].criteriaWithoutValue" conjunction="and" >
          $oredCriteria[].criteriaWithoutValue[]$
        </iterate>
        <iterate prepend="and" property="oredCriteria[].criteriaWithSingleValue" conjunction="and" >
          $oredCriteria[].criteriaWithSingleValue[].condition$
            #oredCriteria[].criteriaWithSingleValue[].value#
        </iterate>
        <iterate prepend="and" property="oredCriteria[].criteriaWithListValue" conjunction="and" >
          $oredCriteria[].criteriaWithListValue[].condition$
          <iterate property="oredCriteria[].criteriaWithListValue[].values" open="(" close=")" conjunction="," >
            #oredCriteria[].criteriaWithListValue[].values[]#
          </iterate>
        </iterate>
        <iterate prepend="and" property="oredCriteria[].criteriaWithBetweenValue" conjunction="and" >
          $oredCriteria[].criteriaWithBetweenValue[].condition$
          #oredCriteria[].criteriaWithBetweenValue[].values[0]# and
          #oredCriteria[].criteriaWithBetweenValue[].values[1]#
        </iterate>
        )
      </isEqual>
    </iterate>
  </sql>
  
  <select id="selectByExample" resultMap="BaseResultMap" parameterClass="pe.gob.sunat.tecnologia2.servicio.ayni.model.EspecialidadExample" >
    select cod_espec, des_nom_espec, des_espec, ind_activo, ind_elim, fec_crea, cod_usucrea,
      fec_mod, cod_usumod
    from t003especialidad
    <isParameterPresent >
      <include refid="t003especialidad.Example_Where_Clause" />
      <isNotNull property="orderByClause" >
        order by $orderByClause$
      </isNotNull>
    </isParameterPresent>
  </select>
  
  <select id="selectByPrimaryKey" resultMap="BaseResultMap" parameterClass="pe.gob.sunat.tecnologia2.servicio.ayni.model.Especialidad" >
    select cod_espec, des_nom_espec, des_espec, ind_activo, ind_elim, fec_crea, cod_usucrea,
      fec_mod, cod_usumod
    from t003especialidad
    where cod_espec = #codEspec:INTEGER#
  </select>
  
  <delete id="deleteByPrimaryKey" parameterClass="pe.gob.sunat.tecnologia2.servicio.ayni.model.Especialidad" >
    delete from t003especialidad
    where cod_espec = #codEspec:INTEGER#
  </delete>
  
  <delete id="deleteByExample" parameterClass="pe.gob.sunat.tecnologia2.servicio.ayni.model.EspecialidadExample" >
    delete from t003especialidad
    <include refid="t003especialidad.Example_Where_Clause" />
  </delete>
  
  <insert id="insert" parameterClass="pe.gob.sunat.tecnologia2.servicio.ayni.model.Especialidad" >
    insert into t003especialidad (cod_espec, des_nom_espec, des_espec, ind_activo, ind_elim,
      fec_crea, cod_usucrea, fec_mod, cod_usumod)
    values (#codEspec:INTEGER#, #desNomEspec:VARCHAR#, #desEspec:VARCHAR#, #indActivo:BIT#,
      #indElim:BIT#, #fecCrea:TIMESTAMP#, #codUsucrea:VARCHAR#, #fecMod:TIMESTAMP#,
      #codUsumod:VARCHAR#)
  </insert>
  
  <insert id="insertSelective" parameterClass="pe.gob.sunat.tecnologia2.servicio.ayni.model.Especialidad" >
    insert into t003especialidad
    <dynamic prepend="(" >
      <isNotNull prepend="," property="codEspec" >
        cod_espec
      </isNotNull>
      <isNotNull prepend="," property="desNomEspec" >
        des_nom_espec
      </isNotNull>
      <isNotNull prepend="," property="desEspec" >
        des_espec
      </isNotNull>
      <isNotNull prepend="," property="indActivo" >
        ind_activo
      </isNotNull>
      <isNotNull prepend="," property="indElim" >
        ind_elim
      </isNotNull>
      <isNotNull prepend="," property="fecCrea" >
        fec_crea
      </isNotNull>
      <isNotNull prepend="," property="codUsucrea" >
        cod_usucrea
      </isNotNull>
      <isNotNull prepend="," property="fecMod" >
        fec_mod
      </isNotNull>
      <isNotNull prepend="," property="codUsumod" >
        cod_usumod
      </isNotNull>
      )
    </dynamic>
    values
    <dynamic prepend="(" >
      <isNotNull prepend="," property="codEspec" >
        #codEspec:INTEGER#
      </isNotNull>
      <isNotNull prepend="," property="desNomEspec" >
        #desNomEspec:VARCHAR#
      </isNotNull>
      <isNotNull prepend="," property="desEspec" >
        #desEspec:VARCHAR#
      </isNotNull>
      <isNotNull prepend="," property="indActivo" >
        #indActivo:BIT#
      </isNotNull>
      <isNotNull prepend="," property="indElim" >
        #indElim:BIT#
      </isNotNull>
      <isNotNull prepend="," property="fecCrea" >
        #fecCrea:TIMESTAMP#
      </isNotNull>
      <isNotNull prepend="," property="codUsucrea" >
        #codUsucrea:VARCHAR#
      </isNotNull>
      <isNotNull prepend="," property="fecMod" >
        #fecMod:TIMESTAMP#
      </isNotNull>
      <isNotNull prepend="," property="codUsumod" >
        #codUsumod:VARCHAR#
      </isNotNull>
      )
    </dynamic>
  </insert>
  
  <select id="countByExample" parameterClass="pe.gob.sunat.tecnologia2.servicio.ayni.model.EspecialidadExample" resultClass="java.lang.Integer" >
    select count(*) from t003especialidad
    <include refid="t003especialidad.Example_Where_Clause" />
  </select>
  
  <update id="updateByExampleSelective" >
    update t003especialidad
    <dynamic prepend="set" >
      <isNotNull prepend="," property="record.codEspec" >
        cod_espec = #record.codEspec:INTEGER#
      </isNotNull>
      <isNotNull prepend="," property="record.desNomEspec" >
        des_nom_espec = #record.desNomEspec:VARCHAR#
      </isNotNull>
      <isNotNull prepend="," property="record.desEspec" >
        des_espec = #record.desEspec:VARCHAR#
      </isNotNull>
      <isNotNull prepend="," property="record.indActivo" >
        ind_activo = #record.indActivo:BIT#
      </isNotNull>
      <isNotNull prepend="," property="record.indElim" >
        ind_elim = #record.indElim:BIT#
      </isNotNull>
      <isNotNull prepend="," property="record.fecCrea" >
        fec_crea = #record.fecCrea:TIMESTAMP#
      </isNotNull>
      <isNotNull prepend="," property="record.codUsucrea" >
        cod_usucrea = #record.codUsucrea:VARCHAR#
      </isNotNull>
      <isNotNull prepend="," property="record.fecMod" >
        fec_mod = #record.fecMod:TIMESTAMP#
      </isNotNull>
      <isNotNull prepend="," property="record.codUsumod" >
        cod_usumod = #record.codUsumod:VARCHAR#
      </isNotNull>
    </dynamic>
    <isParameterPresent >
      <include refid="t003especialidad.Example_Where_Clause" />
    </isParameterPresent>
  </update>
  
  <update id="updateByExample" >
    update t003especialidad
    set cod_espec = #record.codEspec:INTEGER#,
      des_nom_espec = #record.desNomEspec:VARCHAR#,
      des_espec = #record.desEspec:VARCHAR#,
      ind_activo = #record.indActivo:BIT#,
      ind_elim = #record.indElim:BIT#,
      fec_crea = #record.fecCrea:TIMESTAMP#,
      cod_usucrea = #record.codUsucrea:VARCHAR#,
      fec_mod = #record.fecMod:TIMESTAMP#,
      cod_usumod = #record.codUsumod:VARCHAR#
    <isParameterPresent >
      <include refid="t003especialidad.Example_Where_Clause" />
    </isParameterPresent>
  </update>
  
  <update id="updateByPrimaryKeySelective" parameterClass="pe.gob.sunat.tecnologia2.servicio.ayni.model.Especialidad" >
    update t003especialidad
    <dynamic prepend="set" >
      <isNotNull prepend="," property="desNomEspec" >
        des_nom_espec = #desNomEspec:VARCHAR#
      </isNotNull>
      <isNotNull prepend="," property="desEspec" >
        des_espec = #desEspec:VARCHAR#
      </isNotNull>
      <isNotNull prepend="," property="indActivo" >
        ind_activo = #indActivo:BIT#
      </isNotNull>
      <isNotNull prepend="," property="indElim" >
        ind_elim = #indElim:BIT#
      </isNotNull>
      <isNotNull prepend="," property="fecCrea" >
        fec_crea = #fecCrea:TIMESTAMP#
      </isNotNull>
      <isNotNull prepend="," property="codUsucrea" >
        cod_usucrea = #codUsucrea:VARCHAR#
      </isNotNull>
      <isNotNull prepend="," property="fecMod" >
        fec_mod = #fecMod:TIMESTAMP#
      </isNotNull>
      <isNotNull prepend="," property="codUsumod" >
        cod_usumod = #codUsumod:VARCHAR#
      </isNotNull>
    </dynamic>
    where cod_espec = #codEspec:INTEGER#
  </update>
  
  <update id="updateByPrimaryKey" parameterClass="pe.gob.sunat.tecnologia2.servicio.ayni.model.Especialidad" >
    update t003especialidad
    set des_nom_espec = #desNomEspec:VARCHAR#,
      des_espec = #desEspec:VARCHAR#,
      ind_activo = #indActivo:BIT#,
      ind_elim = #indElim:BIT#,
      fec_crea = #fecCrea:TIMESTAMP#,
      cod_usucrea = #codUsucrea:VARCHAR#,
      fec_mod = #fecMod:TIMESTAMP#,
      cod_usumod = #codUsumod:VARCHAR#
    where cod_espec = #codEspec:INTEGER#
  </update>
  
</sqlMap>