<?xml version="1.0" encoding="UTF-8" ?>
<!DOCTYPE sqlMap PUBLIC "-//ibatis.apache.org//DTD SQL Map 2.0//EN" "http://ibatis.apache.org/dtd/sql-map-2.dtd" >
<sqlMap namespace="t004archivo" >
  <resultMap id="BaseResultMap" class="pe.gob.sunat.tecnologia2.servicio.ayni.model.Archivo" >
    <result column="cod_archivo" property="codArchivo" jdbcType="INTEGER" />
    <result column="cod_tip_archivo" property="codTipArchivo" jdbcType="VARCHAR" />
    <result column="des_nom_archivo" property="desNomArchivo" jdbcType="VARCHAR" />
    <result column="cod_estado" property="codEstado" jdbcType="CHAR" />
    <result column="ind_elim" property="indElim" jdbcType="BIT" />
    <result column="fec_crea" property="fecCrea" jdbcType="TIMESTAMP" />
    <result column="cod_usucrea" property="codUsucrea" jdbcType="VARCHAR" />
    <result column="fec_mod" property="fecMod" jdbcType="TIMESTAMP" />
    <result column="cod_usumod" property="codUsumod" jdbcType="VARCHAR" />
  </resultMap>
  
  <resultMap id="ResultMapWithBLOBs" class="pe.gob.sunat.tecnologia2.servicio.ayni.model.Archivo" extends="t004archivo.BaseResultMap" >
    <result column="dat_archivo" property="datArchivo" jdbcType="LONGVARBINARY" />
  </resultMap>
  
  <sql id="Example_Where_Clause" >
    <iterate property="oredCriteria" conjunction="or" prepend="where" removeFirstPrepend="iterate" >
      <isEqual property="oredCriteria[].valid" compareValue="true" >
        (
        <iterate prepend="and" property="oredCriteria[].criteriaWithoutValue" conjunction="and" >
          $oredCriteria[].criteriaWithoutValue[]$
        </iterate>
        <iterate prepend="and" property="oredCriteria[].criteriaWithSingleValue" conjunction="and" >
          $oredCriteria[].criteriaWithSingleValue[].condition$
            #oredCriteria[].criteriaWithSingleValue[].value#
        </iterate>
        <iterate prepend="and" property="oredCriteria[].criteriaWithListValue" conjunction="and" >
          $oredCriteria[].criteriaWithListValue[].condition$
          <iterate property="oredCriteria[].criteriaWithListValue[].values" open="(" close=")" conjunction="," >
            #oredCriteria[].criteriaWithListValue[].values[]#
          </iterate>
        </iterate>
        <iterate prepend="and" property="oredCriteria[].criteriaWithBetweenValue" conjunction="and" >
          $oredCriteria[].criteriaWithBetweenValue[].condition$
          #oredCriteria[].criteriaWithBetweenValue[].values[0]# and
          #oredCriteria[].criteriaWithBetweenValue[].values[1]#
        </iterate>
        )
      </isEqual>
    </iterate>
  </sql>
  
  <select id="selectByExampleWithBLOBs" resultMap="ResultMapWithBLOBs" parameterClass="pe.gob.sunat.tecnologia2.servicio.ayni.model.ArchivoExample" >
    select cod_archivo, cod_tip_archivo, des_nom_archivo, cod_estado, ind_elim, fec_crea,
      cod_usucrea, fec_mod, cod_usumod, dat_archivo
    from t004archivo
    <isParameterPresent >
      <include refid="t004archivo.Example_Where_Clause" />
      <isNotNull property="orderByClause" >
        order by $orderByClause$
      </isNotNull>
    </isParameterPresent>
  </select>
  
  <select id="selectByExample" resultMap="BaseResultMap" parameterClass="pe.gob.sunat.tecnologia2.servicio.ayni.model.ArchivoExample" >
    select cod_archivo, cod_tip_archivo, des_nom_archivo, cod_estado, ind_elim, fec_crea,
      cod_usucrea, fec_mod, cod_usumod
    from t004archivo
    <isParameterPresent >
      <include refid="t004archivo.Example_Where_Clause" />
      <isNotNull property="orderByClause" >
        order by $orderByClause$
      </isNotNull>
    </isParameterPresent>
  </select>
  
  <select id="selectByPrimaryKey" resultMap="ResultMapWithBLOBs" parameterClass="pe.gob.sunat.tecnologia2.servicio.ayni.model.Archivo" >
    select cod_archivo, cod_tip_archivo, des_nom_archivo, cod_estado, ind_elim, fec_crea,
      cod_usucrea, fec_mod, cod_usumod, dat_archivo
    from t004archivo
    where cod_archivo = #codArchivo:INTEGER#
  </select>
  
  <delete id="deleteByPrimaryKey" parameterClass="pe.gob.sunat.tecnologia2.servicio.ayni.model.Archivo" >
    delete from t004archivo
    where cod_archivo = #codArchivo:INTEGER#
  </delete>
  
  <delete id="deleteByExample" parameterClass="pe.gob.sunat.tecnologia2.servicio.ayni.model.ArchivoExample" >
    delete from t004archivo
    <include refid="t004archivo.Example_Where_Clause" />
  </delete>
  
  <insert id="insert" parameterClass="pe.gob.sunat.tecnologia2.servicio.ayni.model.Archivo" >
    insert into t004archivo (cod_archivo, cod_tip_archivo, des_nom_archivo, cod_estado, ind_elim,
      fec_crea, cod_usucrea, fec_mod, cod_usumod, dat_archivo)
    values (#codArchivo:INTEGER#, #codTipArchivo:VARCHAR#, #desNomArchivo:VARCHAR#,
      #codEstado:CHAR#, #indElim:BIT#, #fecCrea:TIMESTAMP#, #codUsucrea:VARCHAR#,
      #fecMod:TIMESTAMP#, #codUsumod:VARCHAR#, #datArchivo:LONGVARBINARY#)
  </insert>
  
  <insert id="insertSelective" parameterClass="pe.gob.sunat.tecnologia2.servicio.ayni.model.Archivo" >
    insert into t004archivo
    <dynamic prepend="(" >
      <isNotNull prepend="," property="codArchivo" >
        cod_archivo
      </isNotNull>
      <isNotNull prepend="," property="codTipArchivo" >
        cod_tip_archivo
      </isNotNull>
      <isNotNull prepend="," property="desNomArchivo" >
        des_nom_archivo
      </isNotNull>
      <isNotNull prepend="," property="codEstado" >
        cod_estado
      </isNotNull>
      <isNotNull prepend="," property="indElim" >
        ind_elim
      </isNotNull>
      <isNotNull prepend="," property="fecCrea" >
        fec_crea
      </isNotNull>
      <isNotNull prepend="," property="codUsucrea" >
        cod_usucrea
      </isNotNull>
      <isNotNull prepend="," property="fecMod" >
        fec_mod
      </isNotNull>
      <isNotNull prepend="," property="codUsumod" >
        cod_usumod
      </isNotNull>
      <isNotNull prepend="," property="datArchivo" >
        dat_archivo
      </isNotNull>
      )
    </dynamic>
    values
    <dynamic prepend="(" >
      <isNotNull prepend="," property="codArchivo" >
        #codArchivo:INTEGER#
      </isNotNull>
      <isNotNull prepend="," property="codTipArchivo" >
        #codTipArchivo:VARCHAR#
      </isNotNull>
      <isNotNull prepend="," property="desNomArchivo" >
        #desNomArchivo:VARCHAR#
      </isNotNull>
      <isNotNull prepend="," property="codEstado" >
        #codEstado:CHAR#
      </isNotNull>
      <isNotNull prepend="," property="indElim" >
        #indElim:BIT#
      </isNotNull>
      <isNotNull prepend="," property="fecCrea" >
        #fecCrea:TIMESTAMP#
      </isNotNull>
      <isNotNull prepend="," property="codUsucrea" >
        #codUsucrea:VARCHAR#
      </isNotNull>
      <isNotNull prepend="," property="fecMod" >
        #fecMod:TIMESTAMP#
      </isNotNull>
      <isNotNull prepend="," property="codUsumod" >
        #codUsumod:VARCHAR#
      </isNotNull>
      <isNotNull prepend="," property="datArchivo" >
        #datArchivo:LONGVARBINARY#
      </isNotNull>
      )
    </dynamic>
  </insert>
  
  <select id="countByExample" parameterClass="pe.gob.sunat.tecnologia2.servicio.ayni.model.ArchivoExample" resultClass="java.lang.Integer" >
    select count(*) from t004archivo
    <include refid="t004archivo.Example_Where_Clause" />
  </select>
  
  <update id="updateByExampleSelective" >
    update t004archivo
    <dynamic prepend="set" >
      <isNotNull prepend="," property="record.codArchivo" >
        cod_archivo = #record.codArchivo:INTEGER#
      </isNotNull>
      <isNotNull prepend="," property="record.codTipArchivo" >
        cod_tip_archivo = #record.codTipArchivo:VARCHAR#
      </isNotNull>
      <isNotNull prepend="," property="record.desNomArchivo" >
        des_nom_archivo = #record.desNomArchivo:VARCHAR#
      </isNotNull>
      <isNotNull prepend="," property="record.codEstado" >
        cod_estado = #record.codEstado:CHAR#
      </isNotNull>
      <isNotNull prepend="," property="record.indElim" >
        ind_elim = #record.indElim:BIT#
      </isNotNull>
      <isNotNull prepend="," property="record.fecCrea" >
        fec_crea = #record.fecCrea:TIMESTAMP#
      </isNotNull>
      <isNotNull prepend="," property="record.codUsucrea" >
        cod_usucrea = #record.codUsucrea:VARCHAR#
      </isNotNull>
      <isNotNull prepend="," property="record.fecMod" >
        fec_mod = #record.fecMod:TIMESTAMP#
      </isNotNull>
      <isNotNull prepend="," property="record.codUsumod" >
        cod_usumod = #record.codUsumod:VARCHAR#
      </isNotNull>
      <isNotNull prepend="," property="record.datArchivo" >
        dat_archivo = #record.datArchivo:LONGVARBINARY#
      </isNotNull>
    </dynamic>
    <isParameterPresent >
      <include refid="t004archivo.Example_Where_Clause" />
    </isParameterPresent>
  </update>
  
  <update id="updateByExampleWithBLOBs" >
    update t004archivo
    set cod_archivo = #record.codArchivo:INTEGER#,
      cod_tip_archivo = #record.codTipArchivo:VARCHAR#,
      des_nom_archivo = #record.desNomArchivo:VARCHAR#,
      cod_estado = #record.codEstado:CHAR#,
      ind_elim = #record.indElim:BIT#,
      fec_crea = #record.fecCrea:TIMESTAMP#,
      cod_usucrea = #record.codUsucrea:VARCHAR#,
      fec_mod = #record.fecMod:TIMESTAMP#,
      cod_usumod = #record.codUsumod:VARCHAR#,
      dat_archivo = #record.datArchivo:LONGVARBINARY#
    <isParameterPresent >
      <include refid="t004archivo.Example_Where_Clause" />
    </isParameterPresent>
  </update>
  
  <update id="updateByExample" >
    update t004archivo
    set cod_archivo = #record.codArchivo:INTEGER#,
      cod_tip_archivo = #record.codTipArchivo:VARCHAR#,
      des_nom_archivo = #record.desNomArchivo:VARCHAR#,
      cod_estado = #record.codEstado:CHAR#,
      ind_elim = #record.indElim:BIT#,
      fec_crea = #record.fecCrea:TIMESTAMP#,
      cod_usucrea = #record.codUsucrea:VARCHAR#,
      fec_mod = #record.fecMod:TIMESTAMP#,
      cod_usumod = #record.codUsumod:VARCHAR#
    <isParameterPresent >
      <include refid="t004archivo.Example_Where_Clause" />
    </isParameterPresent>
  </update>
  
  <update id="updateByPrimaryKeySelective" parameterClass="pe.gob.sunat.tecnologia2.servicio.ayni.model.Archivo" >
    update t004archivo
    <dynamic prepend="set" >
      <isNotNull prepend="," property="codTipArchivo" >
        cod_tip_archivo = #codTipArchivo:VARCHAR#
      </isNotNull>
      <isNotNull prepend="," property="desNomArchivo" >
        des_nom_archivo = #desNomArchivo:VARCHAR#
      </isNotNull>
      <isNotNull prepend="," property="codEstado" >
        cod_estado = #codEstado:CHAR#
      </isNotNull>
      <isNotNull prepend="," property="indElim" >
        ind_elim = #indElim:BIT#
      </isNotNull>
      <isNotNull prepend="," property="fecCrea" >
        fec_crea = #fecCrea:TIMESTAMP#
      </isNotNull>
      <isNotNull prepend="," property="codUsucrea" >
        cod_usucrea = #codUsucrea:VARCHAR#
      </isNotNull>
      <isNotNull prepend="," property="fecMod" >
        fec_mod = #fecMod:TIMESTAMP#
      </isNotNull>
      <isNotNull prepend="," property="codUsumod" >
        cod_usumod = #codUsumod:VARCHAR#
      </isNotNull>
      <isNotNull prepend="," property="datArchivo" >
        dat_archivo = #datArchivo:LONGVARBINARY#
      </isNotNull>
    </dynamic>
    where cod_archivo = #codArchivo:INTEGER#
  </update>
  
  <update id="updateByPrimaryKeyWithBLOBs" parameterClass="pe.gob.sunat.tecnologia2.servicio.ayni.model.Archivo" >
    update t004archivo
    set cod_tip_archivo = #codTipArchivo:VARCHAR#,
      des_nom_archivo = #desNomArchivo:VARCHAR#,
      cod_estado = #codEstado:CHAR#,
      ind_elim = #indElim:BIT#,
      fec_crea = #fecCrea:TIMESTAMP#,
      cod_usucrea = #codUsucrea:VARCHAR#,
      fec_mod = #fecMod:TIMESTAMP#,
      cod_usumod = #codUsumod:VARCHAR#,
      dat_archivo = #datArchivo:LONGVARBINARY#
    where cod_archivo = #codArchivo:INTEGER#
  </update>
  
  <update id="updateByPrimaryKey" parameterClass="pe.gob.sunat.tecnologia2.servicio.ayni.model.Archivo" >
    update t004archivo
    set cod_tip_archivo = #codTipArchivo:VARCHAR#,
      des_nom_archivo = #desNomArchivo:VARCHAR#,
      cod_estado = #codEstado:CHAR#,
      ind_elim = #indElim:BIT#,
      fec_crea = #fecCrea:TIMESTAMP#,
      cod_usucrea = #codUsucrea:VARCHAR#,
      fec_mod = #fecMod:TIMESTAMP#,
      cod_usumod = #codUsumod:VARCHAR#
    where cod_archivo = #codArchivo:INTEGER#
  </update>
  
</sqlMap>