<?xml version="1.0" encoding="UTF-8" ?>
<!DOCTYPE sqlMap PUBLIC "-//ibatis.apache.org//DTD SQL Map 2.0//EN" "http://ibatis.apache.org/dtd/sql-map-2.dtd" >
<sqlMap namespace="t005mensaje" >
  <resultMap id="BaseResultMap" class="pe.gob.sunat.tecnologia2.servicio.ayni.model.Mensaje" >
    <result column="cod_mensaje" property="codMensaje" jdbcType="INTEGER" />
    <result column="cod_usu_emisor" property="codUsuEmisor" jdbcType="INTEGER" />
    <result column="cod_usu_recep" property="codUsuRecep" jdbcType="INTEGER" />
    <result column="fec_envio" property="fecEnvio" jdbcType="TIMESTAMP" />
    <result column="fec_recep" property="fecRecep" jdbcType="TIMESTAMP" />
    <result column="fec_lectura" property="fecLectura" jdbcType="TIMESTAMP" />
    <result column="des_mensaje" property="desMensaje" jdbcType="VARCHAR" />
    <result column="cod_archivo" property="codArchivo" jdbcType="INTEGER" />
    <result column="cod_arc_optimo" property="codArcOptimo" jdbcType="INTEGER" />
    <result column="cod_estado" property="codEstado" jdbcType="CHAR" />
    <result column="ind_visu_emisor" property="indVisuEmisor" jdbcType="BIT" />
    <result column="ind_visu_recep" property="indVisuRecep" jdbcType="BIT" />
    <result column="ind_elim" property="indElim" jdbcType="BIT" />
    <result column="fec_crea" property="fecCrea" jdbcType="TIMESTAMP" />
    <result column="cod_usucrea" property="codUsucrea" jdbcType="VARCHAR" />
    <result column="fec_mod" property="fecMod" jdbcType="TIMESTAMP" />
    <result column="cod_usumod" property="codUsumod" jdbcType="VARCHAR" />
  </resultMap>
  
  <sql id="Example_Where_Clause" >
    <iterate property="oredCriteria" conjunction="or" prepend="where" removeFirstPrepend="iterate" >
      <isEqual property="oredCriteria[].valid" compareValue="true" >
        (
        <iterate prepend="and" property="oredCriteria[].criteriaWithoutValue" conjunction="and" >
          $oredCriteria[].criteriaWithoutValue[]$
        </iterate>
        <iterate prepend="and" property="oredCriteria[].criteriaWithSingleValue" conjunction="and" >
          $oredCriteria[].criteriaWithSingleValue[].condition$
            #oredCriteria[].criteriaWithSingleValue[].value#
        </iterate>
        <iterate prepend="and" property="oredCriteria[].criteriaWithListValue" conjunction="and" >
          $oredCriteria[].criteriaWithListValue[].condition$
          <iterate property="oredCriteria[].criteriaWithListValue[].values" open="(" close=")" conjunction="," >
            #oredCriteria[].criteriaWithListValue[].values[]#
          </iterate>
        </iterate>
        <iterate prepend="and" property="oredCriteria[].criteriaWithBetweenValue" conjunction="and" >
          $oredCriteria[].criteriaWithBetweenValue[].condition$
          #oredCriteria[].criteriaWithBetweenValue[].values[0]# and
          #oredCriteria[].criteriaWithBetweenValue[].values[1]#
        </iterate>
        )
      </isEqual>
    </iterate>
  </sql>
  
  <select id="selectByExample" resultMap="BaseResultMap" parameterClass="pe.gob.sunat.tecnologia2.servicio.ayni.model.MensajeExample" >
    select cod_mensaje, cod_usu_emisor, cod_usu_recep, fec_envio, fec_recep, fec_lectura,
      des_mensaje, cod_archivo, cod_arc_optimo, cod_estado, ind_visu_emisor, ind_visu_recep,
      ind_elim, fec_crea, cod_usucrea, fec_mod, cod_usumod
    from t005mensaje
    <isParameterPresent >
      <include refid="t005mensaje.Example_Where_Clause" />
      <isNotNull property="orderByClause" >
        order by $orderByClause$
      </isNotNull>
    </isParameterPresent>
  </select>
  
  <select id="selectByPrimaryKey" resultMap="BaseResultMap" parameterClass="pe.gob.sunat.tecnologia2.servicio.ayni.model.Mensaje" >
    select cod_mensaje, cod_usu_emisor, cod_usu_recep, fec_envio, fec_recep, fec_lectura,
      des_mensaje, cod_archivo, cod_arc_optimo, cod_estado, ind_visu_emisor, ind_visu_recep,
      ind_elim, fec_crea, cod_usucrea, fec_mod, cod_usumod
    from t005mensaje
    where cod_mensaje = #codMensaje:INTEGER#
  </select>
  
  <delete id="deleteByPrimaryKey" parameterClass="pe.gob.sunat.tecnologia2.servicio.ayni.model.Mensaje" >
    delete from t005mensaje
    where cod_mensaje = #codMensaje:INTEGER#
  </delete>
  
  <delete id="deleteByExample" parameterClass="pe.gob.sunat.tecnologia2.servicio.ayni.model.MensajeExample" >
    delete from t005mensaje
    <include refid="t005mensaje.Example_Where_Clause" />
  </delete>
  
  <insert id="insert" parameterClass="pe.gob.sunat.tecnologia2.servicio.ayni.model.Mensaje" >
    insert into t005mensaje (cod_mensaje, cod_usu_emisor, cod_usu_recep, fec_envio, fec_recep,
      fec_lectura, des_mensaje, cod_archivo, cod_arc_optimo, cod_estado, ind_visu_emisor,
      ind_visu_recep, ind_elim, fec_crea, cod_usucrea, fec_mod, cod_usumod)
    values (#codMensaje:INTEGER#, #codUsuEmisor:INTEGER#, #codUsuRecep:INTEGER#,
      #fecEnvio:TIMESTAMP#, #fecRecep:TIMESTAMP#, #fecLectura:TIMESTAMP#, #desMensaje:VARCHAR#,
      #codArchivo:INTEGER#, #codArcOptimo:INTEGER#, #codEstado:CHAR#, #indVisuEmisor:BIT#,
      #indVisuRecep:BIT#, #indElim:BIT#, #fecCrea:TIMESTAMP#, #codUsucrea:VARCHAR#,
      #fecMod:TIMESTAMP#, #codUsumod:VARCHAR#)
  </insert>
  
  <insert id="insertSelective" parameterClass="pe.gob.sunat.tecnologia2.servicio.ayni.model.Mensaje" >
    insert into t005mensaje
    <dynamic prepend="(" >
      <isNotNull prepend="," property="codMensaje" >
        cod_mensaje
      </isNotNull>
      <isNotNull prepend="," property="codUsuEmisor" >
        cod_usu_emisor
      </isNotNull>
      <isNotNull prepend="," property="codUsuRecep" >
        cod_usu_recep
      </isNotNull>
      <isNotNull prepend="," property="fecEnvio" >
        fec_envio
      </isNotNull>
      <isNotNull prepend="," property="fecRecep" >
        fec_recep
      </isNotNull>
      <isNotNull prepend="," property="fecLectura" >
        fec_lectura
      </isNotNull>
      <isNotNull prepend="," property="desMensaje" >
        des_mensaje
      </isNotNull>
      <isNotNull prepend="," property="codArchivo" >
        cod_archivo
      </isNotNull>
      <isNotNull prepend="," property="codArcOptimo" >
        cod_arc_optimo
      </isNotNull>
      <isNotNull prepend="," property="codEstado" >
        cod_estado
      </isNotNull>
      <isNotNull prepend="," property="indVisuEmisor" >
        ind_visu_emisor
      </isNotNull>
      <isNotNull prepend="," property="indVisuRecep" >
        ind_visu_recep
      </isNotNull>
      <isNotNull prepend="," property="indElim" >
        ind_elim
      </isNotNull>
      <isNotNull prepend="," property="fecCrea" >
        fec_crea
      </isNotNull>
      <isNotNull prepend="," property="codUsucrea" >
        cod_usucrea
      </isNotNull>
      <isNotNull prepend="," property="fecMod" >
        fec_mod
      </isNotNull>
      <isNotNull prepend="," property="codUsumod" >
        cod_usumod
      </isNotNull>
      )
    </dynamic>
    values
    <dynamic prepend="(" >
      <isNotNull prepend="," property="codMensaje" >
        #codMensaje:INTEGER#
      </isNotNull>
      <isNotNull prepend="," property="codUsuEmisor" >
        #codUsuEmisor:INTEGER#
      </isNotNull>
      <isNotNull prepend="," property="codUsuRecep" >
        #codUsuRecep:INTEGER#
      </isNotNull>
      <isNotNull prepend="," property="fecEnvio" >
        #fecEnvio:TIMESTAMP#
      </isNotNull>
      <isNotNull prepend="," property="fecRecep" >
        #fecRecep:TIMESTAMP#
      </isNotNull>
      <isNotNull prepend="," property="fecLectura" >
        #fecLectura:TIMESTAMP#
      </isNotNull>
      <isNotNull prepend="," property="desMensaje" >
        #desMensaje:VARCHAR#
      </isNotNull>
      <isNotNull prepend="," property="codArchivo" >
        #codArchivo:INTEGER#
      </isNotNull>
      <isNotNull prepend="," property="codArcOptimo" >
        #codArcOptimo:INTEGER#
      </isNotNull>
      <isNotNull prepend="," property="codEstado" >
        #codEstado:CHAR#
      </isNotNull>
      <isNotNull prepend="," property="indVisuEmisor" >
        #indVisuEmisor:BIT#
      </isNotNull>
      <isNotNull prepend="," property="indVisuRecep" >
        #indVisuRecep:BIT#
      </isNotNull>
      <isNotNull prepend="," property="indElim" >
        #indElim:BIT#
      </isNotNull>
      <isNotNull prepend="," property="fecCrea" >
        #fecCrea:TIMESTAMP#
      </isNotNull>
      <isNotNull prepend="," property="codUsucrea" >
        #codUsucrea:VARCHAR#
      </isNotNull>
      <isNotNull prepend="," property="fecMod" >
        #fecMod:TIMESTAMP#
      </isNotNull>
      <isNotNull prepend="," property="codUsumod" >
        #codUsumod:VARCHAR#
      </isNotNull>
      )
    </dynamic>
  </insert>
  
  <select id="countByExample" parameterClass="pe.gob.sunat.tecnologia2.servicio.ayni.model.MensajeExample" resultClass="java.lang.Integer" >
    select count(*) from t005mensaje
    <include refid="t005mensaje.Example_Where_Clause" />
  </select>
  
  <update id="updateByExampleSelective" >
    update t005mensaje
    <dynamic prepend="set" >
      <isNotNull prepend="," property="record.codMensaje" >
        cod_mensaje = #record.codMensaje:INTEGER#
      </isNotNull>
      <isNotNull prepend="," property="record.codUsuEmisor" >
        cod_usu_emisor = #record.codUsuEmisor:INTEGER#
      </isNotNull>
      <isNotNull prepend="," property="record.codUsuRecep" >
        cod_usu_recep = #record.codUsuRecep:INTEGER#
      </isNotNull>
      <isNotNull prepend="," property="record.fecEnvio" >
        fec_envio = #record.fecEnvio:TIMESTAMP#
      </isNotNull>
      <isNotNull prepend="," property="record.fecRecep" >
        fec_recep = #record.fecRecep:TIMESTAMP#
      </isNotNull>
      <isNotNull prepend="," property="record.fecLectura" >
        fec_lectura = #record.fecLectura:TIMESTAMP#
      </isNotNull>
      <isNotNull prepend="," property="record.desMensaje" >
        des_mensaje = #record.desMensaje:VARCHAR#
      </isNotNull>
      <isNotNull prepend="," property="record.codArchivo" >
        cod_archivo = #record.codArchivo:INTEGER#
      </isNotNull>
      <isNotNull prepend="," property="record.codArcOptimo" >
        cod_arc_optimo = #record.codArcOptimo:INTEGER#
      </isNotNull>
      <isNotNull prepend="," property="record.codEstado" >
        cod_estado = #record.codEstado:CHAR#
      </isNotNull>
      <isNotNull prepend="," property="record.indVisuEmisor" >
        ind_visu_emisor = #record.indVisuEmisor:BIT#
      </isNotNull>
      <isNotNull prepend="," property="record.indVisuRecep" >
        ind_visu_recep = #record.indVisuRecep:BIT#
      </isNotNull>
      <isNotNull prepend="," property="record.indElim" >
        ind_elim = #record.indElim:BIT#
      </isNotNull>
      <isNotNull prepend="," property="record.fecCrea" >
        fec_crea = #record.fecCrea:TIMESTAMP#
      </isNotNull>
      <isNotNull prepend="," property="record.codUsucrea" >
        cod_usucrea = #record.codUsucrea:VARCHAR#
      </isNotNull>
      <isNotNull prepend="," property="record.fecMod" >
        fec_mod = #record.fecMod:TIMESTAMP#
      </isNotNull>
      <isNotNull prepend="," property="record.codUsumod" >
        cod_usumod = #record.codUsumod:VARCHAR#
      </isNotNull>
    </dynamic>
    <isParameterPresent >
      <include refid="t005mensaje.Example_Where_Clause" />
    </isParameterPresent>
  </update>
  
  <update id="updateByExample" >
    update t005mensaje
    set cod_mensaje = #record.codMensaje:INTEGER#,
      cod_usu_emisor = #record.codUsuEmisor:INTEGER#,
      cod_usu_recep = #record.codUsuRecep:INTEGER#,
      fec_envio = #record.fecEnvio:TIMESTAMP#,
      fec_recep = #record.fecRecep:TIMESTAMP#,
      fec_lectura = #record.fecLectura:TIMESTAMP#,
      des_mensaje = #record.desMensaje:VARCHAR#,
      cod_archivo = #record.codArchivo:INTEGER#,
      cod_arc_optimo = #record.codArcOptimo:INTEGER#,
      cod_estado = #record.codEstado:CHAR#,
      ind_visu_emisor = #record.indVisuEmisor:BIT#,
      ind_visu_recep = #record.indVisuRecep:BIT#,
      ind_elim = #record.indElim:BIT#,
      fec_crea = #record.fecCrea:TIMESTAMP#,
      cod_usucrea = #record.codUsucrea:VARCHAR#,
      fec_mod = #record.fecMod:TIMESTAMP#,
      cod_usumod = #record.codUsumod:VARCHAR#
    <isParameterPresent >
      <include refid="t005mensaje.Example_Where_Clause" />
    </isParameterPresent>
  </update>
  
  <update id="updateByPrimaryKeySelective" parameterClass="pe.gob.sunat.tecnologia2.servicio.ayni.model.Mensaje" >
    update t005mensaje
    <dynamic prepend="set" >
      <isNotNull prepend="," property="codUsuEmisor" >
        cod_usu_emisor = #codUsuEmisor:INTEGER#
      </isNotNull>
      <isNotNull prepend="," property="codUsuRecep" >
        cod_usu_recep = #codUsuRecep:INTEGER#
      </isNotNull>
      <isNotNull prepend="," property="fecEnvio" >
        fec_envio = #fecEnvio:TIMESTAMP#
      </isNotNull>
      <isNotNull prepend="," property="fecRecep" >
        fec_recep = #fecRecep:TIMESTAMP#
      </isNotNull>
      <isNotNull prepend="," property="fecLectura" >
        fec_lectura = #fecLectura:TIMESTAMP#
      </isNotNull>
      <isNotNull prepend="," property="desMensaje" >
        des_mensaje = #desMensaje:VARCHAR#
      </isNotNull>
      <isNotNull prepend="," property="codArchivo" >
        cod_archivo = #codArchivo:INTEGER#
      </isNotNull>
      <isNotNull prepend="," property="codArcOptimo" >
        cod_arc_optimo = #codArcOptimo:INTEGER#
      </isNotNull>
      <isNotNull prepend="," property="codEstado" >
        cod_estado = #codEstado:CHAR#
      </isNotNull>
      <isNotNull prepend="," property="indVisuEmisor" >
        ind_visu_emisor = #indVisuEmisor:BIT#
      </isNotNull>
      <isNotNull prepend="," property="indVisuRecep" >
        ind_visu_recep = #indVisuRecep:BIT#
      </isNotNull>
      <isNotNull prepend="," property="indElim" >
        ind_elim = #indElim:BIT#
      </isNotNull>
      <isNotNull prepend="," property="fecCrea" >
        fec_crea = #fecCrea:TIMESTAMP#
      </isNotNull>
      <isNotNull prepend="," property="codUsucrea" >
        cod_usucrea = #codUsucrea:VARCHAR#
      </isNotNull>
      <isNotNull prepend="," property="fecMod" >
        fec_mod = #fecMod:TIMESTAMP#
      </isNotNull>
      <isNotNull prepend="," property="codUsumod" >
        cod_usumod = #codUsumod:VARCHAR#
      </isNotNull>
    </dynamic>
    where cod_mensaje = #codMensaje:INTEGER#
  </update>
  
  <update id="updateByPrimaryKey" parameterClass="pe.gob.sunat.tecnologia2.servicio.ayni.model.Mensaje" >
    update t005mensaje
    set cod_usu_emisor = #codUsuEmisor:INTEGER#,
      cod_usu_recep = #codUsuRecep:INTEGER#,
      fec_envio = #fecEnvio:TIMESTAMP#,
      fec_recep = #fecRecep:TIMESTAMP#,
      fec_lectura = #fecLectura:TIMESTAMP#,
      des_mensaje = #desMensaje:VARCHAR#,
      cod_archivo = #codArchivo:INTEGER#,
      cod_arc_optimo = #codArcOptimo:INTEGER#,
      cod_estado = #codEstado:CHAR#,
      ind_visu_emisor = #indVisuEmisor:BIT#,
      ind_visu_recep = #indVisuRecep:BIT#,
      ind_elim = #indElim:BIT#,
      fec_crea = #fecCrea:TIMESTAMP#,
      cod_usucrea = #codUsucrea:VARCHAR#,
      fec_mod = #fecMod:TIMESTAMP#,
      cod_usumod = #codUsumod:VARCHAR#
    where cod_mensaje = #codMensaje:INTEGER#
  </update>
  
</sqlMap>