<?xml version="1.0" encoding="UTF-8" ?>
<!DOCTYPE sqlMap PUBLIC "-//ibatis.apache.org//DTD SQL Map 2.0//EN" "http://ibatis.apache.org/dtd/sql-map-2.dtd" >
<sqlMap namespace="t006notif_mensaje" >
  <resultMap id="BaseResultMap" class="pe.gob.sunat.tecnologia2.servicio.ayni.model.NotificacionMensaje" >
    <result column="cod_notimensaje" property="codNotimensaje" jdbcType="INTEGER" />
    <result column="cod_mensaje" property="codMensaje" jdbcType="INTEGER" />
    <result column="cod_noti_correo" property="codNotiCorreo" jdbcType="INTEGER" />
    <result column="ind_atendido" property="indAtendido" jdbcType="BIT" />
    <result column="ind_elim" property="indElim" jdbcType="BIT" />
    <result column="fec_crea" property="fecCrea" jdbcType="TIMESTAMP" />
    <result column="cod_usucrea" property="codUsucrea" jdbcType="VARCHAR" />
    <result column="fec_mod" property="fecMod" jdbcType="TIMESTAMP" />
    <result column="cod_usumod" property="codUsumod" jdbcType="VARCHAR" />
  </resultMap>
  
  <sql id="Example_Where_Clause" >
    <iterate property="oredCriteria" conjunction="or" prepend="where" removeFirstPrepend="iterate" >
      <isEqual property="oredCriteria[].valid" compareValue="true" >
        (
        <iterate prepend="and" property="oredCriteria[].criteriaWithoutValue" conjunction="and" >
          $oredCriteria[].criteriaWithoutValue[]$
        </iterate>
        <iterate prepend="and" property="oredCriteria[].criteriaWithSingleValue" conjunction="and" >
          $oredCriteria[].criteriaWithSingleValue[].condition$
            #oredCriteria[].criteriaWithSingleValue[].value#
        </iterate>
        <iterate prepend="and" property="oredCriteria[].criteriaWithListValue" conjunction="and" >
          $oredCriteria[].criteriaWithListValue[].condition$
          <iterate property="oredCriteria[].criteriaWithListValue[].values" open="(" close=")" conjunction="," >
            #oredCriteria[].criteriaWithListValue[].values[]#
          </iterate>
        </iterate>
        <iterate prepend="and" property="oredCriteria[].criteriaWithBetweenValue" conjunction="and" >
          $oredCriteria[].criteriaWithBetweenValue[].condition$
          #oredCriteria[].criteriaWithBetweenValue[].values[0]# and
          #oredCriteria[].criteriaWithBetweenValue[].values[1]#
        </iterate>
        )
      </isEqual>
    </iterate>
  </sql>
  
  <select id="selectByExample" resultMap="BaseResultMap" parameterClass="pe.gob.sunat.tecnologia2.servicio.ayni.model.NotificacionMensajeExample" >
    select cod_notimensaje, cod_mensaje, cod_noti_correo, ind_atendido, ind_elim, fec_crea,
      cod_usucrea, fec_mod, cod_usumod
    from t006notif_mensaje
    <isParameterPresent >
      <include refid="t006notif_mensaje.Example_Where_Clause" />
      <isNotNull property="orderByClause" >
        order by $orderByClause$
      </isNotNull>
    </isParameterPresent>
  </select>
  
  <select id="selectByPrimaryKey" resultMap="BaseResultMap" parameterClass="pe.gob.sunat.tecnologia2.servicio.ayni.model.NotificacionMensaje" >
    select cod_notimensaje, cod_mensaje, cod_noti_correo, ind_atendido, ind_elim, fec_crea,
      cod_usucrea, fec_mod, cod_usumod
    from t006notif_mensaje
    where cod_notimensaje = #codNotimensaje:INTEGER#
  </select>
  
  <delete id="deleteByPrimaryKey" parameterClass="pe.gob.sunat.tecnologia2.servicio.ayni.model.NotificacionMensaje" >
    delete from t006notif_mensaje
    where cod_notimensaje = #codNotimensaje:INTEGER#
  </delete>
  
  <delete id="deleteByExample" parameterClass="pe.gob.sunat.tecnologia2.servicio.ayni.model.NotificacionMensajeExample" >
    delete from t006notif_mensaje
    <include refid="t006notif_mensaje.Example_Where_Clause" />
  </delete>
  
  <insert id="insert" parameterClass="pe.gob.sunat.tecnologia2.servicio.ayni.model.NotificacionMensaje" >
    insert into t006notif_mensaje (cod_notimensaje, cod_mensaje, cod_noti_correo, ind_atendido,
      ind_elim, fec_crea, cod_usucrea, fec_mod, cod_usumod)
    values (#codNotimensaje:INTEGER#, #codMensaje:INTEGER#, #codNotiCorreo:INTEGER#,
      #indAtendido:BIT#, #indElim:BIT#, #fecCrea:TIMESTAMP#, #codUsucrea:VARCHAR#,
      #fecMod:TIMESTAMP#, #codUsumod:VARCHAR#)
  </insert>
  
  <insert id="insertSelective" parameterClass="pe.gob.sunat.tecnologia2.servicio.ayni.model.NotificacionMensaje" >
    insert into t006notif_mensaje
    <dynamic prepend="(" >
      <isNotNull prepend="," property="codNotimensaje" >
        cod_notimensaje
      </isNotNull>
      <isNotNull prepend="," property="codMensaje" >
        cod_mensaje
      </isNotNull>
      <isNotNull prepend="," property="codNotiCorreo" >
        cod_noti_correo
      </isNotNull>
      <isNotNull prepend="," property="indAtendido" >
        ind_atendido
      </isNotNull>
      <isNotNull prepend="," property="indElim" >
        ind_elim
      </isNotNull>
      <isNotNull prepend="," property="fecCrea" >
        fec_crea
      </isNotNull>
      <isNotNull prepend="," property="codUsucrea" >
        cod_usucrea
      </isNotNull>
      <isNotNull prepend="," property="fecMod" >
        fec_mod
      </isNotNull>
      <isNotNull prepend="," property="codUsumod" >
        cod_usumod
      </isNotNull>
      )
    </dynamic>
    values
    <dynamic prepend="(" >
      <isNotNull prepend="," property="codNotimensaje" >
        #codNotimensaje:INTEGER#
      </isNotNull>
      <isNotNull prepend="," property="codMensaje" >
        #codMensaje:INTEGER#
      </isNotNull>
      <isNotNull prepend="," property="codNotiCorreo" >
        #codNotiCorreo:INTEGER#
      </isNotNull>
      <isNotNull prepend="," property="indAtendido" >
        #indAtendido:BIT#
      </isNotNull>
      <isNotNull prepend="," property="indElim" >
        #indElim:BIT#
      </isNotNull>
      <isNotNull prepend="," property="fecCrea" >
        #fecCrea:TIMESTAMP#
      </isNotNull>
      <isNotNull prepend="," property="codUsucrea" >
        #codUsucrea:VARCHAR#
      </isNotNull>
      <isNotNull prepend="," property="fecMod" >
        #fecMod:TIMESTAMP#
      </isNotNull>
      <isNotNull prepend="," property="codUsumod" >
        #codUsumod:VARCHAR#
      </isNotNull>
      )
    </dynamic>
  </insert>
  
  <select id="countByExample" parameterClass="pe.gob.sunat.tecnologia2.servicio.ayni.model.NotificacionMensajeExample" resultClass="java.lang.Integer" >
    select count(*) from t006notif_mensaje
    <include refid="t006notif_mensaje.Example_Where_Clause" />
  </select>
  
  <update id="updateByExampleSelective" >
    update t006notif_mensaje
    <dynamic prepend="set" >
      <isNotNull prepend="," property="record.codNotimensaje" >
        cod_notimensaje = #record.codNotimensaje:INTEGER#
      </isNotNull>
      <isNotNull prepend="," property="record.codMensaje" >
        cod_mensaje = #record.codMensaje:INTEGER#
      </isNotNull>
      <isNotNull prepend="," property="record.codNotiCorreo" >
        cod_noti_correo = #record.codNotiCorreo:INTEGER#
      </isNotNull>
      <isNotNull prepend="," property="record.indAtendido" >
        ind_atendido = #record.indAtendido:BIT#
      </isNotNull>
      <isNotNull prepend="," property="record.indElim" >
        ind_elim = #record.indElim:BIT#
      </isNotNull>
      <isNotNull prepend="," property="record.fecCrea" >
        fec_crea = #record.fecCrea:TIMESTAMP#
      </isNotNull>
      <isNotNull prepend="," property="record.codUsucrea" >
        cod_usucrea = #record.codUsucrea:VARCHAR#
      </isNotNull>
      <isNotNull prepend="," property="record.fecMod" >
        fec_mod = #record.fecMod:TIMESTAMP#
      </isNotNull>
      <isNotNull prepend="," property="record.codUsumod" >
        cod_usumod = #record.codUsumod:VARCHAR#
      </isNotNull>
    </dynamic>
    <isParameterPresent >
      <include refid="t006notif_mensaje.Example_Where_Clause" />
    </isParameterPresent>
  </update>
  
  <update id="updateByExample" >
    update t006notif_mensaje
    set cod_notimensaje = #record.codNotimensaje:INTEGER#,
      cod_mensaje = #record.codMensaje:INTEGER#,
      cod_noti_correo = #record.codNotiCorreo:INTEGER#,
      ind_atendido = #record.indAtendido:BIT#,
      ind_elim = #record.indElim:BIT#,
      fec_crea = #record.fecCrea:TIMESTAMP#,
      cod_usucrea = #record.codUsucrea:VARCHAR#,
      fec_mod = #record.fecMod:TIMESTAMP#,
      cod_usumod = #record.codUsumod:VARCHAR#
    <isParameterPresent >
      <include refid="t006notif_mensaje.Example_Where_Clause" />
    </isParameterPresent>
  </update>
  
  <update id="updateByPrimaryKeySelective" parameterClass="pe.gob.sunat.tecnologia2.servicio.ayni.model.NotificacionMensaje" >
    update t006notif_mensaje
    <dynamic prepend="set" >
      <isNotNull prepend="," property="codMensaje" >
        cod_mensaje = #codMensaje:INTEGER#
      </isNotNull>
      <isNotNull prepend="," property="codNotiCorreo" >
        cod_noti_correo = #codNotiCorreo:INTEGER#
      </isNotNull>
      <isNotNull prepend="," property="indAtendido" >
        ind_atendido = #indAtendido:BIT#
      </isNotNull>
      <isNotNull prepend="," property="indElim" >
        ind_elim = #indElim:BIT#
      </isNotNull>
      <isNotNull prepend="," property="fecCrea" >
        fec_crea = #fecCrea:TIMESTAMP#
      </isNotNull>
      <isNotNull prepend="," property="codUsucrea" >
        cod_usucrea = #codUsucrea:VARCHAR#
      </isNotNull>
      <isNotNull prepend="," property="fecMod" >
        fec_mod = #fecMod:TIMESTAMP#
      </isNotNull>
      <isNotNull prepend="," property="codUsumod" >
        cod_usumod = #codUsumod:VARCHAR#
      </isNotNull>
    </dynamic>
    where cod_notimensaje = #codNotimensaje:INTEGER#
  </update>
  
  <update id="updateByPrimaryKey" parameterClass="pe.gob.sunat.tecnologia2.servicio.ayni.model.NotificacionMensaje" >
    update t006notif_mensaje
    set cod_mensaje = #codMensaje:INTEGER#,
      cod_noti_correo = #codNotiCorreo:INTEGER#,
      ind_atendido = #indAtendido:BIT#,
      ind_elim = #indElim:BIT#,
      fec_crea = #fecCrea:TIMESTAMP#,
      cod_usucrea = #codUsucrea:VARCHAR#,
      fec_mod = #fecMod:TIMESTAMP#,
      cod_usumod = #codUsumod:VARCHAR#
    where cod_notimensaje = #codNotimensaje:INTEGER#
  </update>
  
</sqlMap>