<?xml version="1.0" encoding="UTF-8" ?>
<!DOCTYPE sqlMap PUBLIC "-//ibatis.apache.org//DTD SQL Map 2.0//EN" "http://ibatis.apache.org/dtd/sql-map-2.dtd" >
<sqlMap namespace="t007archivo_expert" >
  <resultMap id="BaseResultMap" class="pe.gob.sunat.tecnologia2.servicio.ayni.model.ArchivoExperto" >
    <result column="cod_arch_expert" property="codArchExpert" jdbcType="INTEGER" />
    <result column="cod_experto" property="codExperto" jdbcType="INTEGER" />
    <result column="cod_archivo" property="codArchivo" jdbcType="INTEGER" />
    <result column="ind_activo" property="indActivo" jdbcType="BIT" />
    <result column="ind_elim" property="indElim" jdbcType="BIT" />
    <result column="fec_crea" property="fecCrea" jdbcType="TIMESTAMP" />
    <result column="cod_usucrea" property="codUsucrea" jdbcType="VARCHAR" />
    <result column="fec_mod" property="fecMod" jdbcType="TIMESTAMP" />
    <result column="cod_usumod" property="codUsumod" jdbcType="VARCHAR" />
  </resultMap>
  
  <sql id="Example_Where_Clause" >
    <iterate property="oredCriteria" conjunction="or" prepend="where" removeFirstPrepend="iterate" >
      <isEqual property="oredCriteria[].valid" compareValue="true" >
        (
        <iterate prepend="and" property="oredCriteria[].criteriaWithoutValue" conjunction="and" >
          $oredCriteria[].criteriaWithoutValue[]$
        </iterate>
        <iterate prepend="and" property="oredCriteria[].criteriaWithSingleValue" conjunction="and" >
          $oredCriteria[].criteriaWithSingleValue[].condition$
            #oredCriteria[].criteriaWithSingleValue[].value#
        </iterate>
        <iterate prepend="and" property="oredCriteria[].criteriaWithListValue" conjunction="and" >
          $oredCriteria[].criteriaWithListValue[].condition$
          <iterate property="oredCriteria[].criteriaWithListValue[].values" open="(" close=")" conjunction="," >
            #oredCriteria[].criteriaWithListValue[].values[]#
          </iterate>
        </iterate>
        <iterate prepend="and" property="oredCriteria[].criteriaWithBetweenValue" conjunction="and" >
          $oredCriteria[].criteriaWithBetweenValue[].condition$
          #oredCriteria[].criteriaWithBetweenValue[].values[0]# and
          #oredCriteria[].criteriaWithBetweenValue[].values[1]#
        </iterate>
        )
      </isEqual>
    </iterate>
  </sql>
  
  <select id="selectByExample" resultMap="BaseResultMap" parameterClass="pe.gob.sunat.tecnologia2.servicio.ayni.model.ArchivoExpertoExample" >
    select cod_arch_expert, cod_experto, cod_archivo, ind_activo, ind_elim, fec_crea, cod_usucrea,
      fec_mod, cod_usumod
    from t007archivo_expert
    <isParameterPresent >
      <include refid="t007archivo_expert.Example_Where_Clause" />
      <isNotNull property="orderByClause" >
        order by $orderByClause$
      </isNotNull>
    </isParameterPresent>
  </select>
  
  <select id="selectByPrimaryKey" resultMap="BaseResultMap" parameterClass="pe.gob.sunat.tecnologia2.servicio.ayni.model.ArchivoExperto" >
    select cod_arch_expert, cod_experto, cod_archivo, ind_activo, ind_elim, fec_crea, cod_usucrea,
      fec_mod, cod_usumod
    from t007archivo_expert
    where cod_arch_expert = #codArchExpert:INTEGER#
  </select>
  
  <delete id="deleteByPrimaryKey" parameterClass="pe.gob.sunat.tecnologia2.servicio.ayni.model.ArchivoExperto" >
    delete from t007archivo_expert
    where cod_arch_expert = #codArchExpert:INTEGER#
  </delete>
  
  <delete id="deleteByExample" parameterClass="pe.gob.sunat.tecnologia2.servicio.ayni.model.ArchivoExpertoExample" >
    delete from t007archivo_expert
    <include refid="t007archivo_expert.Example_Where_Clause" />
  </delete>
  
  <insert id="insert" parameterClass="pe.gob.sunat.tecnologia2.servicio.ayni.model.ArchivoExperto" >
    insert into t007archivo_expert (cod_arch_expert, cod_experto, cod_archivo, ind_activo, ind_elim,
      fec_crea, cod_usucrea, fec_mod, cod_usumod)
    values (#codArchExpert:INTEGER#, #codExperto:INTEGER#, #codArchivo:INTEGER#, #indActivo:BIT#,
      #indElim:BIT#, #fecCrea:TIMESTAMP#, #codUsucrea:VARCHAR#, #fecMod:TIMESTAMP#,
      #codUsumod:VARCHAR#)
  </insert>
  
  <insert id="insertSelective" parameterClass="pe.gob.sunat.tecnologia2.servicio.ayni.model.ArchivoExperto" >
    insert into t007archivo_expert
    <dynamic prepend="(" >
      <isNotNull prepend="," property="codArchExpert" >
        cod_arch_expert
      </isNotNull>
      <isNotNull prepend="," property="codExperto" >
        cod_experto
      </isNotNull>
      <isNotNull prepend="," property="codArchivo" >
        cod_archivo
      </isNotNull>
      <isNotNull prepend="," property="indActivo" >
        ind_activo
      </isNotNull>
      <isNotNull prepend="," property="indElim" >
        ind_elim
      </isNotNull>
      <isNotNull prepend="," property="fecCrea" >
        fec_crea
      </isNotNull>
      <isNotNull prepend="," property="codUsucrea" >
        cod_usucrea
      </isNotNull>
      <isNotNull prepend="," property="fecMod" >
        fec_mod
      </isNotNull>
      <isNotNull prepend="," property="codUsumod" >
        cod_usumod
      </isNotNull>
      )
    </dynamic>
    values
    <dynamic prepend="(" >
      <isNotNull prepend="," property="codArchExpert" >
        #codArchExpert:INTEGER#
      </isNotNull>
      <isNotNull prepend="," property="codExperto" >
        #codExperto:INTEGER#
      </isNotNull>
      <isNotNull prepend="," property="codArchivo" >
        #codArchivo:INTEGER#
      </isNotNull>
      <isNotNull prepend="," property="indActivo" >
        #indActivo:BIT#
      </isNotNull>
      <isNotNull prepend="," property="indElim" >
        #indElim:BIT#
      </isNotNull>
      <isNotNull prepend="," property="fecCrea" >
        #fecCrea:TIMESTAMP#
      </isNotNull>
      <isNotNull prepend="," property="codUsucrea" >
        #codUsucrea:VARCHAR#
      </isNotNull>
      <isNotNull prepend="," property="fecMod" >
        #fecMod:TIMESTAMP#
      </isNotNull>
      <isNotNull prepend="," property="codUsumod" >
        #codUsumod:VARCHAR#
      </isNotNull>
      )
    </dynamic>
  </insert>
  
  <select id="countByExample" parameterClass="pe.gob.sunat.tecnologia2.servicio.ayni.model.ArchivoExpertoExample" resultClass="java.lang.Integer" >
    select count(*) from t007archivo_expert
    <include refid="t007archivo_expert.Example_Where_Clause" />
  </select>
  
  <update id="updateByExampleSelective" >
    update t007archivo_expert
    <dynamic prepend="set" >
      <isNotNull prepend="," property="record.codArchExpert" >
        cod_arch_expert = #record.codArchExpert:INTEGER#
      </isNotNull>
      <isNotNull prepend="," property="record.codExperto" >
        cod_experto = #record.codExperto:INTEGER#
      </isNotNull>
      <isNotNull prepend="," property="record.codArchivo" >
        cod_archivo = #record.codArchivo:INTEGER#
      </isNotNull>
      <isNotNull prepend="," property="record.indActivo" >
        ind_activo = #record.indActivo:BIT#
      </isNotNull>
      <isNotNull prepend="," property="record.indElim" >
        ind_elim = #record.indElim:BIT#
      </isNotNull>
      <isNotNull prepend="," property="record.fecCrea" >
        fec_crea = #record.fecCrea:TIMESTAMP#
      </isNotNull>
      <isNotNull prepend="," property="record.codUsucrea" >
        cod_usucrea = #record.codUsucrea:VARCHAR#
      </isNotNull>
      <isNotNull prepend="," property="record.fecMod" >
        fec_mod = #record.fecMod:TIMESTAMP#
      </isNotNull>
      <isNotNull prepend="," property="record.codUsumod" >
        cod_usumod = #record.codUsumod:VARCHAR#
      </isNotNull>
    </dynamic>
    <isParameterPresent >
      <include refid="t007archivo_expert.Example_Where_Clause" />
    </isParameterPresent>
  </update>
  
  <update id="updateByExample" >
    update t007archivo_expert
    set cod_arch_expert = #record.codArchExpert:INTEGER#,
      cod_experto = #record.codExperto:INTEGER#,
      cod_archivo = #record.codArchivo:INTEGER#,
      ind_activo = #record.indActivo:BIT#,
      ind_elim = #record.indElim:BIT#,
      fec_crea = #record.fecCrea:TIMESTAMP#,
      cod_usucrea = #record.codUsucrea:VARCHAR#,
      fec_mod = #record.fecMod:TIMESTAMP#,
      cod_usumod = #record.codUsumod:VARCHAR#
    <isParameterPresent >
      <include refid="t007archivo_expert.Example_Where_Clause" />
    </isParameterPresent>
  </update>
  
  <update id="updateByPrimaryKeySelective" parameterClass="pe.gob.sunat.tecnologia2.servicio.ayni.model.ArchivoExperto" >
    update t007archivo_expert
    <dynamic prepend="set" >
      <isNotNull prepend="," property="codExperto" >
        cod_experto = #codExperto:INTEGER#
      </isNotNull>
      <isNotNull prepend="," property="codArchivo" >
        cod_archivo = #codArchivo:INTEGER#
      </isNotNull>
      <isNotNull prepend="," property="indActivo" >
        ind_activo = #indActivo:BIT#
      </isNotNull>
      <isNotNull prepend="," property="indElim" >
        ind_elim = #indElim:BIT#
      </isNotNull>
      <isNotNull prepend="," property="fecCrea" >
        fec_crea = #fecCrea:TIMESTAMP#
      </isNotNull>
      <isNotNull prepend="," property="codUsucrea" >
        cod_usucrea = #codUsucrea:VARCHAR#
      </isNotNull>
      <isNotNull prepend="," property="fecMod" >
        fec_mod = #fecMod:TIMESTAMP#
      </isNotNull>
      <isNotNull prepend="," property="codUsumod" >
        cod_usumod = #codUsumod:VARCHAR#
      </isNotNull>
    </dynamic>
    where cod_arch_expert = #codArchExpert:INTEGER#
  </update>
  
  <update id="updateByPrimaryKey" parameterClass="pe.gob.sunat.tecnologia2.servicio.ayni.model.ArchivoExperto" >
    update t007archivo_expert
    set cod_experto = #codExperto:INTEGER#,
      cod_archivo = #codArchivo:INTEGER#,
      ind_activo = #indActivo:BIT#,
      ind_elim = #indElim:BIT#,
      fec_crea = #fecCrea:TIMESTAMP#,
      cod_usucrea = #codUsucrea:VARCHAR#,
      fec_mod = #fecMod:TIMESTAMP#,
      cod_usumod = #codUsumod:VARCHAR#
    where cod_arch_expert = #codArchExpert:INTEGER#
  </update>
  
</sqlMap>