<?xml version="1.0" encoding="UTF-8" ?>
<!DOCTYPE sqlMap PUBLIC "-//ibatis.apache.org//DTD SQL Map 2.0//EN" "http://ibatis.apache.org/dtd/sql-map-2.dtd" >
<sqlMap namespace="t008comentario" >
  <resultMap id="BaseResultMap" class="pe.gob.sunat.tecnologia2.servicio.ayni.model.Comentario" >
    <result column="cod_coment" property="codComent" jdbcType="INTEGER" />
    <result column="cod_experto" property="codExperto" jdbcType="INTEGER" />
    <result column="des_coment" property="desComent" jdbcType="VARCHAR" />
    <result column="num_calif" property="numCalif" jdbcType="INTEGER" />
    <result column="ind_activo" property="indActivo" jdbcType="BIT" />
    <result column="ind_elim" property="indElim" jdbcType="BIT" />
    <result column="fec_crea" property="fecCrea" jdbcType="TIMESTAMP" />
    <result column="cod_usucrea" property="codUsucrea" jdbcType="VARCHAR" />
    <result column="fec_mod" property="fecMod" jdbcType="TIMESTAMP" />
    <result column="cod_usumod" property="codUsumod" jdbcType="VARCHAR" />
  </resultMap>
  
  <sql id="Example_Where_Clause" >
    <iterate property="oredCriteria" conjunction="or" prepend="where" removeFirstPrepend="iterate" >
      <isEqual property="oredCriteria[].valid" compareValue="true" >
        (
        <iterate prepend="and" property="oredCriteria[].criteriaWithoutValue" conjunction="and" >
          $oredCriteria[].criteriaWithoutValue[]$
        </iterate>
        <iterate prepend="and" property="oredCriteria[].criteriaWithSingleValue" conjunction="and" >
          $oredCriteria[].criteriaWithSingleValue[].condition$
            #oredCriteria[].criteriaWithSingleValue[].value#
        </iterate>
        <iterate prepend="and" property="oredCriteria[].criteriaWithListValue" conjunction="and" >
          $oredCriteria[].criteriaWithListValue[].condition$
          <iterate property="oredCriteria[].criteriaWithListValue[].values" open="(" close=")" conjunction="," >
            #oredCriteria[].criteriaWithListValue[].values[]#
          </iterate>
        </iterate>
        <iterate prepend="and" property="oredCriteria[].criteriaWithBetweenValue" conjunction="and" >
          $oredCriteria[].criteriaWithBetweenValue[].condition$
          #oredCriteria[].criteriaWithBetweenValue[].values[0]# and
          #oredCriteria[].criteriaWithBetweenValue[].values[1]#
        </iterate>
        )
      </isEqual>
    </iterate>
  </sql>
  
  <select id="selectByExample" resultMap="BaseResultMap" parameterClass="pe.gob.sunat.tecnologia2.servicio.ayni.model.ComentarioExample" >
    select cod_coment, cod_experto, des_coment, num_calif, ind_activo, ind_elim, fec_crea,
      cod_usucrea, fec_mod, cod_usumod
    from t008comentario
    <isParameterPresent >
      <include refid="t008comentario.Example_Where_Clause" />
      <isNotNull property="orderByClause" >
        order by $orderByClause$
      </isNotNull>
    </isParameterPresent>
  </select>
  
  <select id="selectByPrimaryKey" resultMap="BaseResultMap" parameterClass="pe.gob.sunat.tecnologia2.servicio.ayni.model.Comentario" >
    select cod_coment, cod_experto, des_coment, num_calif, ind_activo, ind_elim, fec_crea,
      cod_usucrea, fec_mod, cod_usumod
    from t008comentario
    where cod_coment = #codComent:INTEGER#
  </select>
  
  <delete id="deleteByPrimaryKey" parameterClass="pe.gob.sunat.tecnologia2.servicio.ayni.model.Comentario" >
    delete from t008comentario
    where cod_coment = #codComent:INTEGER#
  </delete>
  
  <delete id="deleteByExample" parameterClass="pe.gob.sunat.tecnologia2.servicio.ayni.model.ComentarioExample" >
    delete from t008comentario
    <include refid="t008comentario.Example_Where_Clause" />
  </delete>
  
  <insert id="insert" parameterClass="pe.gob.sunat.tecnologia2.servicio.ayni.model.Comentario" >
    insert into t008comentario (cod_coment, cod_experto, des_coment, num_calif, ind_activo,
      ind_elim, fec_crea, cod_usucrea, fec_mod, cod_usumod)
    values (#codComent:INTEGER#, #codExperto:INTEGER#, #desComent:VARCHAR#, #numCalif:INTEGER#,
      #indActivo:BIT#, #indElim:BIT#, #fecCrea:TIMESTAMP#, #codUsucrea:VARCHAR#, #fecMod:TIMESTAMP#,
      #codUsumod:VARCHAR#)
  </insert>
  
  <insert id="insertSelective" parameterClass="pe.gob.sunat.tecnologia2.servicio.ayni.model.Comentario" >
    insert into t008comentario
    <dynamic prepend="(" >
      <isNotNull prepend="," property="codComent" >
        cod_coment
      </isNotNull>
      <isNotNull prepend="," property="codExperto" >
        cod_experto
      </isNotNull>
      <isNotNull prepend="," property="desComent" >
        des_coment
      </isNotNull>
      <isNotNull prepend="," property="numCalif" >
        num_calif
      </isNotNull>
      <isNotNull prepend="," property="indActivo" >
        ind_activo
      </isNotNull>
      <isNotNull prepend="," property="indElim" >
        ind_elim
      </isNotNull>
      <isNotNull prepend="," property="fecCrea" >
        fec_crea
      </isNotNull>
      <isNotNull prepend="," property="codUsucrea" >
        cod_usucrea
      </isNotNull>
      <isNotNull prepend="," property="fecMod" >
        fec_mod
      </isNotNull>
      <isNotNull prepend="," property="codUsumod" >
        cod_usumod
      </isNotNull>
      )
    </dynamic>
    values
    <dynamic prepend="(" >
      <isNotNull prepend="," property="codComent" >
        #codComent:INTEGER#
      </isNotNull>
      <isNotNull prepend="," property="codExperto" >
        #codExperto:INTEGER#
      </isNotNull>
      <isNotNull prepend="," property="desComent" >
        #desComent:VARCHAR#
      </isNotNull>
      <isNotNull prepend="," property="numCalif" >
        #numCalif:INTEGER#
      </isNotNull>
      <isNotNull prepend="," property="indActivo" >
        #indActivo:BIT#
      </isNotNull>
      <isNotNull prepend="," property="indElim" >
        #indElim:BIT#
      </isNotNull>
      <isNotNull prepend="," property="fecCrea" >
        #fecCrea:TIMESTAMP#
      </isNotNull>
      <isNotNull prepend="," property="codUsucrea" >
        #codUsucrea:VARCHAR#
      </isNotNull>
      <isNotNull prepend="," property="fecMod" >
        #fecMod:TIMESTAMP#
      </isNotNull>
      <isNotNull prepend="," property="codUsumod" >
        #codUsumod:VARCHAR#
      </isNotNull>
      )
    </dynamic>
  </insert>
  
  <select id="countByExample" parameterClass="pe.gob.sunat.tecnologia2.servicio.ayni.model.ComentarioExample" resultClass="java.lang.Integer" >
    select count(*) from t008comentario
    <include refid="t008comentario.Example_Where_Clause" />
  </select>
  
  <update id="updateByExampleSelective" >
    update t008comentario
    <dynamic prepend="set" >
      <isNotNull prepend="," property="record.codComent" >
        cod_coment = #record.codComent:INTEGER#
      </isNotNull>
      <isNotNull prepend="," property="record.codExperto" >
        cod_experto = #record.codExperto:INTEGER#
      </isNotNull>
      <isNotNull prepend="," property="record.desComent" >
        des_coment = #record.desComent:VARCHAR#
      </isNotNull>
      <isNotNull prepend="," property="record.numCalif" >
        num_calif = #record.numCalif:INTEGER#
      </isNotNull>
      <isNotNull prepend="," property="record.indActivo" >
        ind_activo = #record.indActivo:BIT#
      </isNotNull>
      <isNotNull prepend="," property="record.indElim" >
        ind_elim = #record.indElim:BIT#
      </isNotNull>
      <isNotNull prepend="," property="record.fecCrea" >
        fec_crea = #record.fecCrea:TIMESTAMP#
      </isNotNull>
      <isNotNull prepend="," property="record.codUsucrea" >
        cod_usucrea = #record.codUsucrea:VARCHAR#
      </isNotNull>
      <isNotNull prepend="," property="record.fecMod" >
        fec_mod = #record.fecMod:TIMESTAMP#
      </isNotNull>
      <isNotNull prepend="," property="record.codUsumod" >
        cod_usumod = #record.codUsumod:VARCHAR#
      </isNotNull>
    </dynamic>
    <isParameterPresent >
      <include refid="t008comentario.Example_Where_Clause" />
    </isParameterPresent>
  </update>
  
  <update id="updateByExample" >
    update t008comentario
    set cod_coment = #record.codComent:INTEGER#,
      cod_experto = #record.codExperto:INTEGER#,
      des_coment = #record.desComent:VARCHAR#,
      num_calif = #record.numCalif:INTEGER#,
      ind_activo = #record.indActivo:BIT#,
      ind_elim = #record.indElim:BIT#,
      fec_crea = #record.fecCrea:TIMESTAMP#,
      cod_usucrea = #record.codUsucrea:VARCHAR#,
      fec_mod = #record.fecMod:TIMESTAMP#,
      cod_usumod = #record.codUsumod:VARCHAR#
    <isParameterPresent >
      <include refid="t008comentario.Example_Where_Clause" />
    </isParameterPresent>
  </update>
  
  <update id="updateByPrimaryKeySelective" parameterClass="pe.gob.sunat.tecnologia2.servicio.ayni.model.Comentario" >
    update t008comentario
    <dynamic prepend="set" >
      <isNotNull prepend="," property="codExperto" >
        cod_experto = #codExperto:INTEGER#
      </isNotNull>
      <isNotNull prepend="," property="desComent" >
        des_coment = #desComent:VARCHAR#
      </isNotNull>
      <isNotNull prepend="," property="numCalif" >
        num_calif = #numCalif:INTEGER#
      </isNotNull>
      <isNotNull prepend="," property="indActivo" >
        ind_activo = #indActivo:BIT#
      </isNotNull>
      <isNotNull prepend="," property="indElim" >
        ind_elim = #indElim:BIT#
      </isNotNull>
      <isNotNull prepend="," property="fecCrea" >
        fec_crea = #fecCrea:TIMESTAMP#
      </isNotNull>
      <isNotNull prepend="," property="codUsucrea" >
        cod_usucrea = #codUsucrea:VARCHAR#
      </isNotNull>
      <isNotNull prepend="," property="fecMod" >
        fec_mod = #fecMod:TIMESTAMP#
      </isNotNull>
      <isNotNull prepend="," property="codUsumod" >
        cod_usumod = #codUsumod:VARCHAR#
      </isNotNull>
    </dynamic>
    where cod_coment = #codComent:INTEGER#
  </update>
  
  <update id="updateByPrimaryKey" parameterClass="pe.gob.sunat.tecnologia2.servicio.ayni.model.Comentario" >
    update t008comentario
    set cod_experto = #codExperto:INTEGER#,
      des_coment = #desComent:VARCHAR#,
      num_calif = #numCalif:INTEGER#,
      ind_activo = #indActivo:BIT#,
      ind_elim = #indElim:BIT#,
      fec_crea = #fecCrea:TIMESTAMP#,
      cod_usucrea = #codUsucrea:VARCHAR#,
      fec_mod = #fecMod:TIMESTAMP#,
      cod_usumod = #codUsumod:VARCHAR#
    where cod_coment = #codComent:INTEGER#
  </update>
  
</sqlMap>