<?xml version="1.0" encoding="UTF-8" ?>
<!DOCTYPE sqlMap PUBLIC "-//ibatis.apache.org//DTD SQL Map 2.0//EN" "http://ibatis.apache.org/dtd/sql-map-2.dtd" >
<sqlMap namespace="t009usuario" >
  <resultMap id="BaseResultMap" class="pe.gob.sunat.tecnologia2.servicio.ayni.model.Usuario" >
    <result column="cod_usuario" property="codUsuario" jdbcType="INTEGER" />
    <result column="des_correo" property="desCorreo" jdbcType="VARCHAR" />
    <result column="num_telef" property="numTelef" jdbcType="VARCHAR" />
    <result column="num_token" property="numToken" jdbcType="INTEGER" />
    <result column="fec_gen_token" property="fecGenToken" jdbcType="TIMESTAMP" />
    <result column="des_pass" property="desPass" jdbcType="CHAR" />
    <result column="cod_estado" property="codEstado" jdbcType="CHAR" />
    <result column="fec_crea" property="fecCrea" jdbcType="TIMESTAMP" />
    <result column="cod_usucrea" property="codUsucrea" jdbcType="VARCHAR" />
    <result column="fec_mod" property="fecMod" jdbcType="TIMESTAMP" />
    <result column="cod_usumod" property="codUsumod" jdbcType="VARCHAR" />
  </resultMap>
  
  <sql id="Example_Where_Clause" >
    <iterate property="oredCriteria" conjunction="or" prepend="where" removeFirstPrepend="iterate" >
      <isEqual property="oredCriteria[].valid" compareValue="true" >
        (
        <iterate prepend="and" property="oredCriteria[].criteriaWithoutValue" conjunction="and" >
          $oredCriteria[].criteriaWithoutValue[]$
        </iterate>
        <iterate prepend="and" property="oredCriteria[].criteriaWithSingleValue" conjunction="and" >
          $oredCriteria[].criteriaWithSingleValue[].condition$
            #oredCriteria[].criteriaWithSingleValue[].value#
        </iterate>
        <iterate prepend="and" property="oredCriteria[].criteriaWithListValue" conjunction="and" >
          $oredCriteria[].criteriaWithListValue[].condition$
          <iterate property="oredCriteria[].criteriaWithListValue[].values" open="(" close=")" conjunction="," >
            #oredCriteria[].criteriaWithListValue[].values[]#
          </iterate>
        </iterate>
        <iterate prepend="and" property="oredCriteria[].criteriaWithBetweenValue" conjunction="and" >
          $oredCriteria[].criteriaWithBetweenValue[].condition$
          #oredCriteria[].criteriaWithBetweenValue[].values[0]# and
          #oredCriteria[].criteriaWithBetweenValue[].values[1]#
        </iterate>
        )
      </isEqual>
    </iterate>
  </sql>
  
  <select id="selectByExample" resultMap="BaseResultMap" parameterClass="pe.gob.sunat.tecnologia2.servicio.ayni.model.UsuarioExample" >
    select cod_usuario, des_correo, num_telef, num_token, fec_gen_token, des_pass, cod_estado,
      fec_crea, cod_usucrea, fec_mod, cod_usumod
    from t009usuario
    <isParameterPresent >
      <include refid="t009usuario.Example_Where_Clause" />
      <isNotNull property="orderByClause" >
        order by $orderByClause$
      </isNotNull>
    </isParameterPresent>
  </select>
  
  <select id="selectByPrimaryKey" resultMap="BaseResultMap" parameterClass="pe.gob.sunat.tecnologia2.servicio.ayni.model.Usuario" >
    select cod_usuario, des_correo, num_telef, num_token, fec_gen_token, des_pass, cod_estado,
      fec_crea, cod_usucrea, fec_mod, cod_usumod
    from t009usuario
    where cod_usuario = #codUsuario:INTEGER#
  </select>
  
  <delete id="deleteByPrimaryKey" parameterClass="pe.gob.sunat.tecnologia2.servicio.ayni.model.Usuario" >
    delete from t009usuario
    where cod_usuario = #codUsuario:INTEGER#
  </delete>
  
  <delete id="deleteByExample" parameterClass="pe.gob.sunat.tecnologia2.servicio.ayni.model.UsuarioExample" >
    delete from t009usuario
    <include refid="t009usuario.Example_Where_Clause" />
  </delete>
  
  <insert id="insert" parameterClass="pe.gob.sunat.tecnologia2.servicio.ayni.model.Usuario" >
    insert into t009usuario (cod_usuario, des_correo, num_telef, num_token, fec_gen_token, des_pass,
      cod_estado, fec_crea, cod_usucrea, fec_mod, cod_usumod)
    values (#codUsuario:INTEGER#, #desCorreo:VARCHAR#, #numTelef:VARCHAR#, #numToken:INTEGER#,
      #fecGenToken:TIMESTAMP#, #desPass:CHAR#, #codEstado:CHAR#, #fecCrea:TIMESTAMP#,
      #codUsucrea:VARCHAR#, #fecMod:TIMESTAMP#, #codUsumod:VARCHAR#)
  </insert>
  
  <insert id="insertSelective" parameterClass="pe.gob.sunat.tecnologia2.servicio.ayni.model.Usuario" >
    insert into t009usuario
    <dynamic prepend="(" >
      <isNotNull prepend="," property="codUsuario" >
        cod_usuario
      </isNotNull>
      <isNotNull prepend="," property="desCorreo" >
        des_correo
      </isNotNull>
      <isNotNull prepend="," property="numTelef" >
        num_telef
      </isNotNull>
      <isNotNull prepend="," property="numToken" >
        num_token
      </isNotNull>
      <isNotNull prepend="," property="fecGenToken" >
        fec_gen_token
      </isNotNull>
      <isNotNull prepend="," property="desPass" >
        des_pass
      </isNotNull>
      <isNotNull prepend="," property="codEstado" >
        cod_estado
      </isNotNull>
      <isNotNull prepend="," property="fecCrea" >
        fec_crea
      </isNotNull>
      <isNotNull prepend="," property="codUsucrea" >
        cod_usucrea
      </isNotNull>
      <isNotNull prepend="," property="fecMod" >
        fec_mod
      </isNotNull>
      <isNotNull prepend="," property="codUsumod" >
        cod_usumod
      </isNotNull>
      )
    </dynamic>
    values
    <dynamic prepend="(" >
      <isNotNull prepend="," property="codUsuario" >
        #codUsuario:INTEGER#
      </isNotNull>
      <isNotNull prepend="," property="desCorreo" >
        #desCorreo:VARCHAR#
      </isNotNull>
      <isNotNull prepend="," property="numTelef" >
        #numTelef:VARCHAR#
      </isNotNull>
      <isNotNull prepend="," property="numToken" >
        #numToken:INTEGER#
      </isNotNull>
      <isNotNull prepend="," property="fecGenToken" >
        #fecGenToken:TIMESTAMP#
      </isNotNull>
      <isNotNull prepend="," property="desPass" >
        #desPass:CHAR#
      </isNotNull>
      <isNotNull prepend="," property="codEstado" >
        #codEstado:CHAR#
      </isNotNull>
      <isNotNull prepend="," property="fecCrea" >
        #fecCrea:TIMESTAMP#
      </isNotNull>
      <isNotNull prepend="," property="codUsucrea" >
        #codUsucrea:VARCHAR#
      </isNotNull>
      <isNotNull prepend="," property="fecMod" >
        #fecMod:TIMESTAMP#
      </isNotNull>
      <isNotNull prepend="," property="codUsumod" >
        #codUsumod:VARCHAR#
      </isNotNull>
      )
    </dynamic>
  </insert>
  
  <select id="countByExample" parameterClass="pe.gob.sunat.tecnologia2.servicio.ayni.model.UsuarioExample" resultClass="java.lang.Integer" >
    select count(*) from t009usuario
    <include refid="t009usuario.Example_Where_Clause" />
  </select>
  
  <update id="updateByExampleSelective" >
    update t009usuario
    <dynamic prepend="set" >
      <isNotNull prepend="," property="record.codUsuario" >
        cod_usuario = #record.codUsuario:INTEGER#
      </isNotNull>
      <isNotNull prepend="," property="record.desCorreo" >
        des_correo = #record.desCorreo:VARCHAR#
      </isNotNull>
      <isNotNull prepend="," property="record.numTelef" >
        num_telef = #record.numTelef:VARCHAR#
      </isNotNull>
      <isNotNull prepend="," property="record.numToken" >
        num_token = #record.numToken:INTEGER#
      </isNotNull>
      <isNotNull prepend="," property="record.fecGenToken" >
        fec_gen_token = #record.fecGenToken:TIMESTAMP#
      </isNotNull>
      <isNotNull prepend="," property="record.desPass" >
        des_pass = #record.desPass:CHAR#
      </isNotNull>
      <isNotNull prepend="," property="record.codEstado" >
        cod_estado = #record.codEstado:CHAR#
      </isNotNull>
      <isNotNull prepend="," property="record.fecCrea" >
        fec_crea = #record.fecCrea:TIMESTAMP#
      </isNotNull>
      <isNotNull prepend="," property="record.codUsucrea" >
        cod_usucrea = #record.codUsucrea:VARCHAR#
      </isNotNull>
      <isNotNull prepend="," property="record.fecMod" >
        fec_mod = #record.fecMod:TIMESTAMP#
      </isNotNull>
      <isNotNull prepend="," property="record.codUsumod" >
        cod_usumod = #record.codUsumod:VARCHAR#
      </isNotNull>
    </dynamic>
    <isParameterPresent >
      <include refid="t009usuario.Example_Where_Clause" />
    </isParameterPresent>
  </update>
  
  <update id="updateByExample" >
    update t009usuario
    set cod_usuario = #record.codUsuario:INTEGER#,
      des_correo = #record.desCorreo:VARCHAR#,
      num_telef = #record.numTelef:VARCHAR#,
      num_token = #record.numToken:INTEGER#,
      fec_gen_token = #record.fecGenToken:TIMESTAMP#,
      des_pass = #record.desPass:CHAR#,
      cod_estado = #record.codEstado:CHAR#,
      fec_crea = #record.fecCrea:TIMESTAMP#,
      cod_usucrea = #record.codUsucrea:VARCHAR#,
      fec_mod = #record.fecMod:TIMESTAMP#,
      cod_usumod = #record.codUsumod:VARCHAR#
    <isParameterPresent >
      <include refid="t009usuario.Example_Where_Clause" />
    </isParameterPresent>
  </update>
  
  <update id="updateByPrimaryKeySelective" parameterClass="pe.gob.sunat.tecnologia2.servicio.ayni.model.Usuario" >
    update t009usuario
    <dynamic prepend="set" >
      <isNotNull prepend="," property="desCorreo" >
        des_correo = #desCorreo:VARCHAR#
      </isNotNull>
      <isNotNull prepend="," property="numTelef" >
        num_telef = #numTelef:VARCHAR#
      </isNotNull>
      <isNotNull prepend="," property="numToken" >
        num_token = #numToken:INTEGER#
      </isNotNull>
      <isNotNull prepend="," property="fecGenToken" >
        fec_gen_token = #fecGenToken:TIMESTAMP#
      </isNotNull>
      <isNotNull prepend="," property="desPass" >
        des_pass = #desPass:CHAR#
      </isNotNull>
      <isNotNull prepend="," property="codEstado" >
        cod_estado = #codEstado:CHAR#
      </isNotNull>
      <isNotNull prepend="," property="fecCrea" >
        fec_crea = #fecCrea:TIMESTAMP#
      </isNotNull>
      <isNotNull prepend="," property="codUsucrea" >
        cod_usucrea = #codUsucrea:VARCHAR#
      </isNotNull>
      <isNotNull prepend="," property="fecMod" >
        fec_mod = #fecMod:TIMESTAMP#
      </isNotNull>
      <isNotNull prepend="," property="codUsumod" >
        cod_usumod = #codUsumod:VARCHAR#
      </isNotNull>
    </dynamic>
    where cod_usuario = #codUsuario:INTEGER#
  </update>
  
  <update id="updateByPrimaryKey" parameterClass="pe.gob.sunat.tecnologia2.servicio.ayni.model.Usuario" >
    update t009usuario
    set des_correo = #desCorreo:VARCHAR#,
      num_telef = #numTelef:VARCHAR#,
      num_token = #numToken:INTEGER#,
      fec_gen_token = #fecGenToken:TIMESTAMP#,
      des_pass = #desPass:CHAR#,
      cod_estado = #codEstado:CHAR#,
      fec_crea = #fecCrea:TIMESTAMP#,
      cod_usucrea = #codUsucrea:VARCHAR#,
      fec_mod = #fecMod:TIMESTAMP#,
      cod_usumod = #codUsumod:VARCHAR#
    where cod_usuario = #codUsuario:INTEGER#
  </update>
  
</sqlMap>