<?xml version="1.0" encoding="UTF-8" ?>
<!DOCTYPE sqlMap PUBLIC "-//ibatis.apache.org//DTD SQL Map 2.0//EN" "http://ibatis.apache.org/dtd/sql-map-2.dtd" >
<sqlMap namespace="t010parametro" >
  <resultMap id="BaseResultMap" class="pe.gob.sunat.tecnologia2.servicio.ayni.model.Parametro" >
    <result column="cod_param" property="codParam" jdbcType="INTEGER" />
    <result column="cod_maestro" property="codMaestro" jdbcType="INTEGER" />
    <result column="des_param" property="desParam" jdbcType="VARCHAR" />
    <result column="des_abrev" property="desAbrev" jdbcType="VARCHAR" />
    <result column="ind_elim" property="indElim" jdbcType="BIT" />
    <result column="fec_crea" property="fecCrea" jdbcType="TIMESTAMP" />
    <result column="cod_usucrea" property="codUsucrea" jdbcType="VARCHAR" />
    <result column="fec_mod" property="fecMod" jdbcType="TIMESTAMP" />
    <result column="cod_usumod" property="codUsumod" jdbcType="VARCHAR" />
  </resultMap>
  
  <sql id="Example_Where_Clause" >
    <iterate property="oredCriteria" conjunction="or" prepend="where" removeFirstPrepend="iterate" >
      <isEqual property="oredCriteria[].valid" compareValue="true" >
        (
        <iterate prepend="and" property="oredCriteria[].criteriaWithoutValue" conjunction="and" >
          $oredCriteria[].criteriaWithoutValue[]$
        </iterate>
        <iterate prepend="and" property="oredCriteria[].criteriaWithSingleValue" conjunction="and" >
          $oredCriteria[].criteriaWithSingleValue[].condition$
            #oredCriteria[].criteriaWithSingleValue[].value#
        </iterate>
        <iterate prepend="and" property="oredCriteria[].criteriaWithListValue" conjunction="and" >
          $oredCriteria[].criteriaWithListValue[].condition$
          <iterate property="oredCriteria[].criteriaWithListValue[].values" open="(" close=")" conjunction="," >
            #oredCriteria[].criteriaWithListValue[].values[]#
          </iterate>
        </iterate>
        <iterate prepend="and" property="oredCriteria[].criteriaWithBetweenValue" conjunction="and" >
          $oredCriteria[].criteriaWithBetweenValue[].condition$
          #oredCriteria[].criteriaWithBetweenValue[].values[0]# and
          #oredCriteria[].criteriaWithBetweenValue[].values[1]#
        </iterate>
        )
      </isEqual>
    </iterate>
  </sql>
  
  <select id="selectByExample" resultMap="BaseResultMap" parameterClass="pe.gob.sunat.tecnologia2.servicio.ayni.model.ParametroExample" >
    select cod_param, cod_maestro, des_param, des_abrev, ind_elim, fec_crea, cod_usucrea, fec_mod,
      cod_usumod
    from t010parametro
    <isParameterPresent >
      <include refid="t010parametro.Example_Where_Clause" />
      <isNotNull property="orderByClause" >
        order by $orderByClause$
      </isNotNull>
    </isParameterPresent>
  </select>
  
  <select id="selectByPrimaryKey" resultMap="BaseResultMap" parameterClass="pe.gob.sunat.tecnologia2.servicio.ayni.model.Parametro" >
    select cod_param, cod_maestro, des_param, des_abrev, ind_elim, fec_crea, cod_usucrea, fec_mod,
      cod_usumod
    from t010parametro
    where cod_param = #codParam:INTEGER#
  </select>
  
  <delete id="deleteByPrimaryKey" parameterClass="pe.gob.sunat.tecnologia2.servicio.ayni.model.Parametro" >
    delete from t010parametro
    where cod_param = #codParam:INTEGER#
  </delete>
  
  <delete id="deleteByExample" parameterClass="pe.gob.sunat.tecnologia2.servicio.ayni.model.ParametroExample" >
    delete from t010parametro
    <include refid="t010parametro.Example_Where_Clause" />
  </delete>
  
  <insert id="insert" parameterClass="pe.gob.sunat.tecnologia2.servicio.ayni.model.Parametro" >
    insert into t010parametro (cod_param, cod_maestro, des_param, des_abrev, ind_elim, fec_crea,
      cod_usucrea, fec_mod, cod_usumod)
    values (#codParam:INTEGER#, #codMaestro:INTEGER#, #desParam:VARCHAR#, #desAbrev:VARCHAR#,
      #indElim:BIT#, #fecCrea:TIMESTAMP#, #codUsucrea:VARCHAR#, #fecMod:TIMESTAMP#,
      #codUsumod:VARCHAR#)
  </insert>
  
  <insert id="insertSelective" parameterClass="pe.gob.sunat.tecnologia2.servicio.ayni.model.Parametro" >
    insert into t010parametro
    <dynamic prepend="(" >
      <isNotNull prepend="," property="codParam" >
        cod_param
      </isNotNull>
      <isNotNull prepend="," property="codMaestro" >
        cod_maestro
      </isNotNull>
      <isNotNull prepend="," property="desParam" >
        des_param
      </isNotNull>
      <isNotNull prepend="," property="desAbrev" >
        des_abrev
      </isNotNull>
      <isNotNull prepend="," property="indElim" >
        ind_elim
      </isNotNull>
      <isNotNull prepend="," property="fecCrea" >
        fec_crea
      </isNotNull>
      <isNotNull prepend="," property="codUsucrea" >
        cod_usucrea
      </isNotNull>
      <isNotNull prepend="," property="fecMod" >
        fec_mod
      </isNotNull>
      <isNotNull prepend="," property="codUsumod" >
        cod_usumod
      </isNotNull>
      )
    </dynamic>
    values
    <dynamic prepend="(" >
      <isNotNull prepend="," property="codParam" >
        #codParam:INTEGER#
      </isNotNull>
      <isNotNull prepend="," property="codMaestro" >
        #codMaestro:INTEGER#
      </isNotNull>
      <isNotNull prepend="," property="desParam" >
        #desParam:VARCHAR#
      </isNotNull>
      <isNotNull prepend="," property="desAbrev" >
        #desAbrev:VARCHAR#
      </isNotNull>
      <isNotNull prepend="," property="indElim" >
        #indElim:BIT#
      </isNotNull>
      <isNotNull prepend="," property="fecCrea" >
        #fecCrea:TIMESTAMP#
      </isNotNull>
      <isNotNull prepend="," property="codUsucrea" >
        #codUsucrea:VARCHAR#
      </isNotNull>
      <isNotNull prepend="," property="fecMod" >
        #fecMod:TIMESTAMP#
      </isNotNull>
      <isNotNull prepend="," property="codUsumod" >
        #codUsumod:VARCHAR#
      </isNotNull>
      )
    </dynamic>
  </insert>
  
  <select id="countByExample" parameterClass="pe.gob.sunat.tecnologia2.servicio.ayni.model.ParametroExample" resultClass="java.lang.Integer" >
    select count(*) from t010parametro
    <include refid="t010parametro.Example_Where_Clause" />
  </select>
  
  <update id="updateByExampleSelective" >
    update t010parametro
    <dynamic prepend="set" >
      <isNotNull prepend="," property="record.codParam" >
        cod_param = #record.codParam:INTEGER#
      </isNotNull>
      <isNotNull prepend="," property="record.codMaestro" >
        cod_maestro = #record.codMaestro:INTEGER#
      </isNotNull>
      <isNotNull prepend="," property="record.desParam" >
        des_param = #record.desParam:VARCHAR#
      </isNotNull>
      <isNotNull prepend="," property="record.desAbrev" >
        des_abrev = #record.desAbrev:VARCHAR#
      </isNotNull>
      <isNotNull prepend="," property="record.indElim" >
        ind_elim = #record.indElim:BIT#
      </isNotNull>
      <isNotNull prepend="," property="record.fecCrea" >
        fec_crea = #record.fecCrea:TIMESTAMP#
      </isNotNull>
      <isNotNull prepend="," property="record.codUsucrea" >
        cod_usucrea = #record.codUsucrea:VARCHAR#
      </isNotNull>
      <isNotNull prepend="," property="record.fecMod" >
        fec_mod = #record.fecMod:TIMESTAMP#
      </isNotNull>
      <isNotNull prepend="," property="record.codUsumod" >
        cod_usumod = #record.codUsumod:VARCHAR#
      </isNotNull>
    </dynamic>
    <isParameterPresent >
      <include refid="t010parametro.Example_Where_Clause" />
    </isParameterPresent>
  </update>
  
  <update id="updateByExample" >
    update t010parametro
    set cod_param = #record.codParam:INTEGER#,
      cod_maestro = #record.codMaestro:INTEGER#,
      des_param = #record.desParam:VARCHAR#,
      des_abrev = #record.desAbrev:VARCHAR#,
      ind_elim = #record.indElim:BIT#,
      fec_crea = #record.fecCrea:TIMESTAMP#,
      cod_usucrea = #record.codUsucrea:VARCHAR#,
      fec_mod = #record.fecMod:TIMESTAMP#,
      cod_usumod = #record.codUsumod:VARCHAR#
    <isParameterPresent >
      <include refid="t010parametro.Example_Where_Clause" />
    </isParameterPresent>
  </update>
  
  <update id="updateByPrimaryKeySelective" parameterClass="pe.gob.sunat.tecnologia2.servicio.ayni.model.Parametro" >
    update t010parametro
    <dynamic prepend="set" >
      <isNotNull prepend="," property="codMaestro" >
        cod_maestro = #codMaestro:INTEGER#
      </isNotNull>
      <isNotNull prepend="," property="desParam" >
        des_param = #desParam:VARCHAR#
      </isNotNull>
      <isNotNull prepend="," property="desAbrev" >
        des_abrev = #desAbrev:VARCHAR#
      </isNotNull>
      <isNotNull prepend="," property="indElim" >
        ind_elim = #indElim:BIT#
      </isNotNull>
      <isNotNull prepend="," property="fecCrea" >
        fec_crea = #fecCrea:TIMESTAMP#
      </isNotNull>
      <isNotNull prepend="," property="codUsucrea" >
        cod_usucrea = #codUsucrea:VARCHAR#
      </isNotNull>
      <isNotNull prepend="," property="fecMod" >
        fec_mod = #fecMod:TIMESTAMP#
      </isNotNull>
      <isNotNull prepend="," property="codUsumod" >
        cod_usumod = #codUsumod:VARCHAR#
      </isNotNull>
    </dynamic>
    where cod_param = #codParam:INTEGER#
  </update>
  
  <update id="updateByPrimaryKey" parameterClass="pe.gob.sunat.tecnologia2.servicio.ayni.model.Parametro" >
    update t010parametro
    set cod_maestro = #codMaestro:INTEGER#,
      des_param = #desParam:VARCHAR#,
      des_abrev = #desAbrev:VARCHAR#,
      ind_elim = #indElim:BIT#,
      fec_crea = #fecCrea:TIMESTAMP#,
      cod_usucrea = #codUsucrea:VARCHAR#,
      fec_mod = #fecMod:TIMESTAMP#,
      cod_usumod = #codUsumod:VARCHAR#
    where cod_param = #codParam:INTEGER#
  </update>
  
</sqlMap>