<?xml version="1.0" encoding="UTF-8" ?>
<!DOCTYPE sqlMap PUBLIC "-//ibatis.apache.org//DTD SQL Map 2.0//EN" "http://ibatis.apache.org/dtd/sql-map-2.dtd" >
<sqlMap namespace="t011ubigeo" >
  <resultMap id="BaseResultMap" class="pe.gob.sunat.tecnologia2.servicio.ayni.model.Ubigeo" >
    <result column="cod_ubigeo" property="codUbigeo" jdbcType="INTEGER" />
    <result column="des_nombre" property="desNombre" jdbcType="VARCHAR" />
    <result column="cod_ubi_padre" property="codUbiPadre" jdbcType="INTEGER" />
    <result column="num_nivel" property="numNivel" jdbcType="INTEGER" />
    <result column="cod_estado" property="codEstado" jdbcType="CHAR" />
    <result column="ind_elim" property="indElim" jdbcType="BIT" />
    <result column="fec_crea" property="fecCrea" jdbcType="TIMESTAMP" />
    <result column="cod_usucrea" property="codUsucrea" jdbcType="VARCHAR" />
    <result column="fec_mod" property="fecMod" jdbcType="TIMESTAMP" />
    <result column="cod_usumod" property="codUsumod" jdbcType="VARCHAR" />
  </resultMap>
  
  <sql id="Example_Where_Clause" >
    <iterate property="oredCriteria" conjunction="or" prepend="where" removeFirstPrepend="iterate" >
      <isEqual property="oredCriteria[].valid" compareValue="true" >
        (
        <iterate prepend="and" property="oredCriteria[].criteriaWithoutValue" conjunction="and" >
          $oredCriteria[].criteriaWithoutValue[]$
        </iterate>
        <iterate prepend="and" property="oredCriteria[].criteriaWithSingleValue" conjunction="and" >
          $oredCriteria[].criteriaWithSingleValue[].condition$
            #oredCriteria[].criteriaWithSingleValue[].value#
        </iterate>
        <iterate prepend="and" property="oredCriteria[].criteriaWithListValue" conjunction="and" >
          $oredCriteria[].criteriaWithListValue[].condition$
          <iterate property="oredCriteria[].criteriaWithListValue[].values" open="(" close=")" conjunction="," >
            #oredCriteria[].criteriaWithListValue[].values[]#
          </iterate>
        </iterate>
        <iterate prepend="and" property="oredCriteria[].criteriaWithBetweenValue" conjunction="and" >
          $oredCriteria[].criteriaWithBetweenValue[].condition$
          #oredCriteria[].criteriaWithBetweenValue[].values[0]# and
          #oredCriteria[].criteriaWithBetweenValue[].values[1]#
        </iterate>
        )
      </isEqual>
    </iterate>
  </sql>
  
  <select id="selectByExample" resultMap="BaseResultMap" parameterClass="pe.gob.sunat.tecnologia2.servicio.ayni.model.UbigeoExample" >
    select cod_ubigeo, des_nombre, cod_ubi_padre, num_nivel, cod_estado, ind_elim, fec_crea,
      cod_usucrea, fec_mod, cod_usumod
    from t011ubigeo
    <isParameterPresent >
      <include refid="t011ubigeo.Example_Where_Clause" />
      <isNotNull property="orderByClause" >
        order by $orderByClause$
      </isNotNull>
    </isParameterPresent>
  </select>
  
  <select id="selectByPrimaryKey" resultMap="BaseResultMap" parameterClass="pe.gob.sunat.tecnologia2.servicio.ayni.model.Ubigeo" >
    select cod_ubigeo, des_nombre, cod_ubi_padre, num_nivel, cod_estado, ind_elim, fec_crea,
      cod_usucrea, fec_mod, cod_usumod
    from t011ubigeo
    where cod_ubigeo = #codUbigeo:INTEGER#
  </select>
  
  <delete id="deleteByPrimaryKey" parameterClass="pe.gob.sunat.tecnologia2.servicio.ayni.model.Ubigeo" >
    delete from t011ubigeo
    where cod_ubigeo = #codUbigeo:INTEGER#
  </delete>
  
  <delete id="deleteByExample" parameterClass="pe.gob.sunat.tecnologia2.servicio.ayni.model.UbigeoExample" >
    delete from t011ubigeo
    <include refid="t011ubigeo.Example_Where_Clause" />
  </delete>
  
  <insert id="insert" parameterClass="pe.gob.sunat.tecnologia2.servicio.ayni.model.Ubigeo" >
    insert into t011ubigeo (cod_ubigeo, des_nombre, cod_ubi_padre, num_nivel, cod_estado, ind_elim,
      fec_crea, cod_usucrea, fec_mod, cod_usumod)
    values (#codUbigeo:INTEGER#, #desNombre:VARCHAR#, #codUbiPadre:INTEGER#, #numNivel:INTEGER#,
      #codEstado:CHAR#, #indElim:BIT#, #fecCrea:TIMESTAMP#, #codUsucrea:VARCHAR#,
      #fecMod:TIMESTAMP#, #codUsumod:VARCHAR#)
  </insert>
  
  <insert id="insertSelective" parameterClass="pe.gob.sunat.tecnologia2.servicio.ayni.model.Ubigeo" >
    insert into t011ubigeo
    <dynamic prepend="(" >
      <isNotNull prepend="," property="codUbigeo" >
        cod_ubigeo
      </isNotNull>
      <isNotNull prepend="," property="desNombre" >
        des_nombre
      </isNotNull>
      <isNotNull prepend="," property="codUbiPadre" >
        cod_ubi_padre
      </isNotNull>
      <isNotNull prepend="," property="numNivel" >
        num_nivel
      </isNotNull>
      <isNotNull prepend="," property="codEstado" >
        cod_estado
      </isNotNull>
      <isNotNull prepend="," property="indElim" >
        ind_elim
      </isNotNull>
      <isNotNull prepend="," property="fecCrea" >
        fec_crea
      </isNotNull>
      <isNotNull prepend="," property="codUsucrea" >
        cod_usucrea
      </isNotNull>
      <isNotNull prepend="," property="fecMod" >
        fec_mod
      </isNotNull>
      <isNotNull prepend="," property="codUsumod" >
        cod_usumod
      </isNotNull>
      )
    </dynamic>
    values
    <dynamic prepend="(" >
      <isNotNull prepend="," property="codUbigeo" >
        #codUbigeo:INTEGER#
      </isNotNull>
      <isNotNull prepend="," property="desNombre" >
        #desNombre:VARCHAR#
      </isNotNull>
      <isNotNull prepend="," property="codUbiPadre" >
        #codUbiPadre:INTEGER#
      </isNotNull>
      <isNotNull prepend="," property="numNivel" >
        #numNivel:INTEGER#
      </isNotNull>
      <isNotNull prepend="," property="codEstado" >
        #codEstado:CHAR#
      </isNotNull>
      <isNotNull prepend="," property="indElim" >
        #indElim:BIT#
      </isNotNull>
      <isNotNull prepend="," property="fecCrea" >
        #fecCrea:TIMESTAMP#
      </isNotNull>
      <isNotNull prepend="," property="codUsucrea" >
        #codUsucrea:VARCHAR#
      </isNotNull>
      <isNotNull prepend="," property="fecMod" >
        #fecMod:TIMESTAMP#
      </isNotNull>
      <isNotNull prepend="," property="codUsumod" >
        #codUsumod:VARCHAR#
      </isNotNull>
      )
    </dynamic>
  </insert>
  
  <select id="countByExample" parameterClass="pe.gob.sunat.tecnologia2.servicio.ayni.model.UbigeoExample" resultClass="java.lang.Integer" >
    select count(*) from t011ubigeo
    <include refid="t011ubigeo.Example_Where_Clause" />
  </select>
  
  <update id="updateByExampleSelective" >
    update t011ubigeo
    <dynamic prepend="set" >
      <isNotNull prepend="," property="record.codUbigeo" >
        cod_ubigeo = #record.codUbigeo:INTEGER#
      </isNotNull>
      <isNotNull prepend="," property="record.desNombre" >
        des_nombre = #record.desNombre:VARCHAR#
      </isNotNull>
      <isNotNull prepend="," property="record.codUbiPadre" >
        cod_ubi_padre = #record.codUbiPadre:INTEGER#
      </isNotNull>
      <isNotNull prepend="," property="record.numNivel" >
        num_nivel = #record.numNivel:INTEGER#
      </isNotNull>
      <isNotNull prepend="," property="record.codEstado" >
        cod_estado = #record.codEstado:CHAR#
      </isNotNull>
      <isNotNull prepend="," property="record.indElim" >
        ind_elim = #record.indElim:BIT#
      </isNotNull>
      <isNotNull prepend="," property="record.fecCrea" >
        fec_crea = #record.fecCrea:TIMESTAMP#
      </isNotNull>
      <isNotNull prepend="," property="record.codUsucrea" >
        cod_usucrea = #record.codUsucrea:VARCHAR#
      </isNotNull>
      <isNotNull prepend="," property="record.fecMod" >
        fec_mod = #record.fecMod:TIMESTAMP#
      </isNotNull>
      <isNotNull prepend="," property="record.codUsumod" >
        cod_usumod = #record.codUsumod:VARCHAR#
      </isNotNull>
    </dynamic>
    <isParameterPresent >
      <include refid="t011ubigeo.Example_Where_Clause" />
    </isParameterPresent>
  </update>
  
  <update id="updateByExample" >
    update t011ubigeo
    set cod_ubigeo = #record.codUbigeo:INTEGER#,
      des_nombre = #record.desNombre:VARCHAR#,
      cod_ubi_padre = #record.codUbiPadre:INTEGER#,
      num_nivel = #record.numNivel:INTEGER#,
      cod_estado = #record.codEstado:CHAR#,
      ind_elim = #record.indElim:BIT#,
      fec_crea = #record.fecCrea:TIMESTAMP#,
      cod_usucrea = #record.codUsucrea:VARCHAR#,
      fec_mod = #record.fecMod:TIMESTAMP#,
      cod_usumod = #record.codUsumod:VARCHAR#
    <isParameterPresent >
      <include refid="t011ubigeo.Example_Where_Clause" />
    </isParameterPresent>
  </update>
  
  <update id="updateByPrimaryKeySelective" parameterClass="pe.gob.sunat.tecnologia2.servicio.ayni.model.Ubigeo" >
    update t011ubigeo
    <dynamic prepend="set" >
      <isNotNull prepend="," property="desNombre" >
        des_nombre = #desNombre:VARCHAR#
      </isNotNull>
      <isNotNull prepend="," property="codUbiPadre" >
        cod_ubi_padre = #codUbiPadre:INTEGER#
      </isNotNull>
      <isNotNull prepend="," property="numNivel" >
        num_nivel = #numNivel:INTEGER#
      </isNotNull>
      <isNotNull prepend="," property="codEstado" >
        cod_estado = #codEstado:CHAR#
      </isNotNull>
      <isNotNull prepend="," property="indElim" >
        ind_elim = #indElim:BIT#
      </isNotNull>
      <isNotNull prepend="," property="fecCrea" >
        fec_crea = #fecCrea:TIMESTAMP#
      </isNotNull>
      <isNotNull prepend="," property="codUsucrea" >
        cod_usucrea = #codUsucrea:VARCHAR#
      </isNotNull>
      <isNotNull prepend="," property="fecMod" >
        fec_mod = #fecMod:TIMESTAMP#
      </isNotNull>
      <isNotNull prepend="," property="codUsumod" >
        cod_usumod = #codUsumod:VARCHAR#
      </isNotNull>
    </dynamic>
    where cod_ubigeo = #codUbigeo:INTEGER#
  </update>
  
  <update id="updateByPrimaryKey" parameterClass="pe.gob.sunat.tecnologia2.servicio.ayni.model.Ubigeo" >
    update t011ubigeo
    set des_nombre = #desNombre:VARCHAR#,
      cod_ubi_padre = #codUbiPadre:INTEGER#,
      num_nivel = #numNivel:INTEGER#,
      cod_estado = #codEstado:CHAR#,
      ind_elim = #indElim:BIT#,
      fec_crea = #fecCrea:TIMESTAMP#,
      cod_usucrea = #codUsucrea:VARCHAR#,
      fec_mod = #fecMod:TIMESTAMP#,
      cod_usumod = #codUsumod:VARCHAR#
    where cod_ubigeo = #codUbigeo:INTEGER#
  </update>
  
</sqlMap>