<?xml version="1.0" encoding="UTF-8" ?>
<!DOCTYPE sqlMap PUBLIC "-//ibatis.apache.org//DTD SQL Map 2.0//EN" "http://ibatis.apache.org/dtd/sql-map-2.dtd" >
<sqlMap namespace="t013diccionario" >
  <resultMap id="BaseResultMap" class="pe.gob.sunat.tecnologia2.servicio.ayni.model.Diccionario" >
    <result column="cod_palabra" property="codPalabra" jdbcType="INTEGER" />
    <result column="des_palabra" property="desPalabra" jdbcType="VARCHAR" />
    <result column="cod_tipo" property="codTipo" jdbcType="INTEGER" />
    <result column="ind_elim" property="indElim" jdbcType="BIT" />
    <result column="fec_crea" property="fecCrea" jdbcType="TIMESTAMP" />
    <result column="cod_usucrea" property="codUsucrea" jdbcType="VARCHAR" />
    <result column="fec_mod" property="fecMod" jdbcType="TIMESTAMP" />
    <result column="cod_usumod" property="codUsumod" jdbcType="VARCHAR" />
  </resultMap>
  
  <sql id="Example_Where_Clause" >
    <iterate property="oredCriteria" conjunction="or" prepend="where" removeFirstPrepend="iterate" >
      <isEqual property="oredCriteria[].valid" compareValue="true" >
        (
        <iterate prepend="and" property="oredCriteria[].criteriaWithoutValue" conjunction="and" >
          $oredCriteria[].criteriaWithoutValue[]$
        </iterate>
        <iterate prepend="and" property="oredCriteria[].criteriaWithSingleValue" conjunction="and" >
          $oredCriteria[].criteriaWithSingleValue[].condition$
            #oredCriteria[].criteriaWithSingleValue[].value#
        </iterate>
        <iterate prepend="and" property="oredCriteria[].criteriaWithListValue" conjunction="and" >
          $oredCriteria[].criteriaWithListValue[].condition$
          <iterate property="oredCriteria[].criteriaWithListValue[].values" open="(" close=")" conjunction="," >
            #oredCriteria[].criteriaWithListValue[].values[]#
          </iterate>
        </iterate>
        <iterate prepend="and" property="oredCriteria[].criteriaWithBetweenValue" conjunction="and" >
          $oredCriteria[].criteriaWithBetweenValue[].condition$
          #oredCriteria[].criteriaWithBetweenValue[].values[0]# and
          #oredCriteria[].criteriaWithBetweenValue[].values[1]#
        </iterate>
        )
      </isEqual>
    </iterate>
  </sql>
  
  <select id="selectByExample" resultMap="BaseResultMap" parameterClass="pe.gob.sunat.tecnologia2.servicio.ayni.model.DiccionarioExample" >
    select cod_palabra, des_palabra, cod_tipo, ind_elim, fec_crea, cod_usucrea, fec_mod, cod_usumod
    from t013diccionario
    <isParameterPresent >
      <include refid="t013diccionario.Example_Where_Clause" />
      <isNotNull property="orderByClause" >
        order by $orderByClause$
      </isNotNull>
    </isParameterPresent>
  </select>
  
  <select id="selectByPrimaryKey" resultMap="BaseResultMap" parameterClass="pe.gob.sunat.tecnologia2.servicio.ayni.model.Diccionario" >
    select cod_palabra, des_palabra, cod_tipo, ind_elim, fec_crea, cod_usucrea, fec_mod, cod_usumod
    from t013diccionario
    where cod_palabra = #codPalabra:INTEGER#
  </select>
  
  <delete id="deleteByPrimaryKey" parameterClass="pe.gob.sunat.tecnologia2.servicio.ayni.model.Diccionario" >
    delete from t013diccionario
    where cod_palabra = #codPalabra:INTEGER#
  </delete>
  
  <delete id="deleteByExample" parameterClass="pe.gob.sunat.tecnologia2.servicio.ayni.model.DiccionarioExample" >
    delete from t013diccionario
    <include refid="t013diccionario.Example_Where_Clause" />
  </delete>
  
  <insert id="insert" parameterClass="pe.gob.sunat.tecnologia2.servicio.ayni.model.Diccionario" >
    insert into t013diccionario (cod_palabra, des_palabra, cod_tipo, ind_elim, fec_crea,
      cod_usucrea, fec_mod, cod_usumod)
    values (#codPalabra:INTEGER#, #desPalabra:VARCHAR#, #codTipo:INTEGER#, #indElim:BIT#,
      #fecCrea:TIMESTAMP#, #codUsucrea:VARCHAR#, #fecMod:TIMESTAMP#, #codUsumod:VARCHAR#)
  </insert>
  
  <insert id="insertSelective" parameterClass="pe.gob.sunat.tecnologia2.servicio.ayni.model.Diccionario" >
    insert into t013diccionario
    <dynamic prepend="(" >
      <isNotNull prepend="," property="codPalabra" >
        cod_palabra
      </isNotNull>
      <isNotNull prepend="," property="desPalabra" >
        des_palabra
      </isNotNull>
      <isNotNull prepend="," property="codTipo" >
        cod_tipo
      </isNotNull>
      <isNotNull prepend="," property="indElim" >
        ind_elim
      </isNotNull>
      <isNotNull prepend="," property="fecCrea" >
        fec_crea
      </isNotNull>
      <isNotNull prepend="," property="codUsucrea" >
        cod_usucrea
      </isNotNull>
      <isNotNull prepend="," property="fecMod" >
        fec_mod
      </isNotNull>
      <isNotNull prepend="," property="codUsumod" >
        cod_usumod
      </isNotNull>
      )
    </dynamic>
    values
    <dynamic prepend="(" >
      <isNotNull prepend="," property="codPalabra" >
        #codPalabra:INTEGER#
      </isNotNull>
      <isNotNull prepend="," property="desPalabra" >
        #desPalabra:VARCHAR#
      </isNotNull>
      <isNotNull prepend="," property="codTipo" >
        #codTipo:INTEGER#
      </isNotNull>
      <isNotNull prepend="," property="indElim" >
        #indElim:BIT#
      </isNotNull>
      <isNotNull prepend="," property="fecCrea" >
        #fecCrea:TIMESTAMP#
      </isNotNull>
      <isNotNull prepend="," property="codUsucrea" >
        #codUsucrea:VARCHAR#
      </isNotNull>
      <isNotNull prepend="," property="fecMod" >
        #fecMod:TIMESTAMP#
      </isNotNull>
      <isNotNull prepend="," property="codUsumod" >
        #codUsumod:VARCHAR#
      </isNotNull>
      )
    </dynamic>
  </insert>
  
  <select id="countByExample" parameterClass="pe.gob.sunat.tecnologia2.servicio.ayni.model.DiccionarioExample" resultClass="java.lang.Integer" >
    select count(*) from t013diccionario
    <include refid="t013diccionario.Example_Where_Clause" />
  </select>
  
  <update id="updateByExampleSelective" >
    update t013diccionario
    <dynamic prepend="set" >
      <isNotNull prepend="," property="record.codPalabra" >
        cod_palabra = #record.codPalabra:INTEGER#
      </isNotNull>
      <isNotNull prepend="," property="record.desPalabra" >
        des_palabra = #record.desPalabra:VARCHAR#
      </isNotNull>
      <isNotNull prepend="," property="record.codTipo" >
        cod_tipo = #record.codTipo:INTEGER#
      </isNotNull>
      <isNotNull prepend="," property="record.indElim" >
        ind_elim = #record.indElim:BIT#
      </isNotNull>
      <isNotNull prepend="," property="record.fecCrea" >
        fec_crea = #record.fecCrea:TIMESTAMP#
      </isNotNull>
      <isNotNull prepend="," property="record.codUsucrea" >
        cod_usucrea = #record.codUsucrea:VARCHAR#
      </isNotNull>
      <isNotNull prepend="," property="record.fecMod" >
        fec_mod = #record.fecMod:TIMESTAMP#
      </isNotNull>
      <isNotNull prepend="," property="record.codUsumod" >
        cod_usumod = #record.codUsumod:VARCHAR#
      </isNotNull>
    </dynamic>
    <isParameterPresent >
      <include refid="t013diccionario.Example_Where_Clause" />
    </isParameterPresent>
  </update>
  
  <update id="updateByExample" >
    update t013diccionario
    set cod_palabra = #record.codPalabra:INTEGER#,
      des_palabra = #record.desPalabra:VARCHAR#,
      cod_tipo = #record.codTipo:INTEGER#,
      ind_elim = #record.indElim:BIT#,
      fec_crea = #record.fecCrea:TIMESTAMP#,
      cod_usucrea = #record.codUsucrea:VARCHAR#,
      fec_mod = #record.fecMod:TIMESTAMP#,
      cod_usumod = #record.codUsumod:VARCHAR#
    <isParameterPresent >
      <include refid="t013diccionario.Example_Where_Clause" />
    </isParameterPresent>
  </update>
  
  <update id="updateByPrimaryKeySelective" parameterClass="pe.gob.sunat.tecnologia2.servicio.ayni.model.Diccionario" >
    update t013diccionario
    <dynamic prepend="set" >
      <isNotNull prepend="," property="desPalabra" >
        des_palabra = #desPalabra:VARCHAR#
      </isNotNull>
      <isNotNull prepend="," property="codTipo" >
        cod_tipo = #codTipo:INTEGER#
      </isNotNull>
      <isNotNull prepend="," property="indElim" >
        ind_elim = #indElim:BIT#
      </isNotNull>
      <isNotNull prepend="," property="fecCrea" >
        fec_crea = #fecCrea:TIMESTAMP#
      </isNotNull>
      <isNotNull prepend="," property="codUsucrea" >
        cod_usucrea = #codUsucrea:VARCHAR#
      </isNotNull>
      <isNotNull prepend="," property="fecMod" >
        fec_mod = #fecMod:TIMESTAMP#
      </isNotNull>
      <isNotNull prepend="," property="codUsumod" >
        cod_usumod = #codUsumod:VARCHAR#
      </isNotNull>
    </dynamic>
    where cod_palabra = #codPalabra:INTEGER#
  </update>
  
  <update id="updateByPrimaryKey" parameterClass="pe.gob.sunat.tecnologia2.servicio.ayni.model.Diccionario" >
    update t013diccionario
    set des_palabra = #desPalabra:VARCHAR#,
      cod_tipo = #codTipo:INTEGER#,
      ind_elim = #indElim:BIT#,
      fec_crea = #fecCrea:TIMESTAMP#,
      cod_usucrea = #codUsucrea:VARCHAR#,
      fec_mod = #fecMod:TIMESTAMP#,
      cod_usumod = #codUsumod:VARCHAR#
    where cod_palabra = #codPalabra:INTEGER#
  </update>
  
</sqlMap>