<?xml version="1.0" encoding="UTF-8" ?>
<!DOCTYPE sqlMap PUBLIC "-//ibatis.apache.org//DTD SQL Map 2.0//EN" "http://ibatis.apache.org/dtd/sql-map-2.dtd" >
<sqlMap namespace="t014plantilla_correo" >
  <resultMap id="BaseResultMap" class="pe.gob.sunat.tecnologia2.servicio.ayni.model.PlantillaCorreo" >
    <result column="cod_plantilla" property="codPlantilla" jdbcType="INTEGER" />
    <result column="des_asunto" property="desAsunto" jdbcType="VARCHAR" />
    <result column="des_cuerpo" property="desCuerpo" jdbcType="VARCHAR" />
    <result column="cod_estado" property="codEstado" jdbcType="INTEGER" />
    <result column="ind_elim" property="indElim" jdbcType="BIT" />
    <result column="fec_crea" property="fecCrea" jdbcType="TIMESTAMP" />
    <result column="cod_usucrea" property="codUsucrea" jdbcType="VARCHAR" />
    <result column="fec_mod" property="fecMod" jdbcType="TIMESTAMP" />
    <result column="cod_usumod" property="codUsumod" jdbcType="VARCHAR" />
  </resultMap>
  
  <sql id="Example_Where_Clause" >
    <iterate property="oredCriteria" conjunction="or" prepend="where" removeFirstPrepend="iterate" >
      <isEqual property="oredCriteria[].valid" compareValue="true" >
        (
        <iterate prepend="and" property="oredCriteria[].criteriaWithoutValue" conjunction="and" >
          $oredCriteria[].criteriaWithoutValue[]$
        </iterate>
        <iterate prepend="and" property="oredCriteria[].criteriaWithSingleValue" conjunction="and" >
          $oredCriteria[].criteriaWithSingleValue[].condition$
            #oredCriteria[].criteriaWithSingleValue[].value#
        </iterate>
        <iterate prepend="and" property="oredCriteria[].criteriaWithListValue" conjunction="and" >
          $oredCriteria[].criteriaWithListValue[].condition$
          <iterate property="oredCriteria[].criteriaWithListValue[].values" open="(" close=")" conjunction="," >
            #oredCriteria[].criteriaWithListValue[].values[]#
          </iterate>
        </iterate>
        <iterate prepend="and" property="oredCriteria[].criteriaWithBetweenValue" conjunction="and" >
          $oredCriteria[].criteriaWithBetweenValue[].condition$
          #oredCriteria[].criteriaWithBetweenValue[].values[0]# and
          #oredCriteria[].criteriaWithBetweenValue[].values[1]#
        </iterate>
        )
      </isEqual>
    </iterate>
  </sql>
  
  <select id="selectByExample" resultMap="BaseResultMap" parameterClass="pe.gob.sunat.tecnologia2.servicio.ayni.model.PlantillaCorreoExample" >
    select cod_plantilla, des_asunto, des_cuerpo, cod_estado, ind_elim, fec_crea, cod_usucrea,
      fec_mod, cod_usumod
    from t014plantilla_correo
    <isParameterPresent >
      <include refid="t014plantilla_correo.Example_Where_Clause" />
      <isNotNull property="orderByClause" >
        order by $orderByClause$
      </isNotNull>
    </isParameterPresent>
  </select>
  
  <select id="selectByPrimaryKey" resultMap="BaseResultMap" parameterClass="pe.gob.sunat.tecnologia2.servicio.ayni.model.PlantillaCorreo" >
    select cod_plantilla, des_asunto, des_cuerpo, cod_estado, ind_elim, fec_crea, cod_usucrea,
      fec_mod, cod_usumod
    from t014plantilla_correo
    where cod_plantilla = #codPlantilla:INTEGER#
  </select>
  
  <delete id="deleteByPrimaryKey" parameterClass="pe.gob.sunat.tecnologia2.servicio.ayni.model.PlantillaCorreo" >
    delete from t014plantilla_correo
    where cod_plantilla = #codPlantilla:INTEGER#
  </delete>
  
  <delete id="deleteByExample" parameterClass="pe.gob.sunat.tecnologia2.servicio.ayni.model.PlantillaCorreoExample" >
    delete from t014plantilla_correo
    <include refid="t014plantilla_correo.Example_Where_Clause" />
  </delete>
  
  <insert id="insert" parameterClass="pe.gob.sunat.tecnologia2.servicio.ayni.model.PlantillaCorreo" >
    insert into t014plantilla_correo (cod_plantilla, des_asunto, des_cuerpo, cod_estado, ind_elim,
      fec_crea, cod_usucrea, fec_mod, cod_usumod)
    values (#codPlantilla:INTEGER#, #desAsunto:VARCHAR#, #desCuerpo:VARCHAR#, #codEstado:INTEGER#,
      #indElim:BIT#, #fecCrea:TIMESTAMP#, #codUsucrea:VARCHAR#, #fecMod:TIMESTAMP#,
      #codUsumod:VARCHAR#)
  </insert>
  
  <insert id="insertSelective" parameterClass="pe.gob.sunat.tecnologia2.servicio.ayni.model.PlantillaCorreo" >
    insert into t014plantilla_correo
    <dynamic prepend="(" >
      <isNotNull prepend="," property="codPlantilla" >
        cod_plantilla
      </isNotNull>
      <isNotNull prepend="," property="desAsunto" >
        des_asunto
      </isNotNull>
      <isNotNull prepend="," property="desCuerpo" >
        des_cuerpo
      </isNotNull>
      <isNotNull prepend="," property="codEstado" >
        cod_estado
      </isNotNull>
      <isNotNull prepend="," property="indElim" >
        ind_elim
      </isNotNull>
      <isNotNull prepend="," property="fecCrea" >
        fec_crea
      </isNotNull>
      <isNotNull prepend="," property="codUsucrea" >
        cod_usucrea
      </isNotNull>
      <isNotNull prepend="," property="fecMod" >
        fec_mod
      </isNotNull>
      <isNotNull prepend="," property="codUsumod" >
        cod_usumod
      </isNotNull>
      )
    </dynamic>
    values
    <dynamic prepend="(" >
      <isNotNull prepend="," property="codPlantilla" >
        #codPlantilla:INTEGER#
      </isNotNull>
      <isNotNull prepend="," property="desAsunto" >
        #desAsunto:VARCHAR#
      </isNotNull>
      <isNotNull prepend="," property="desCuerpo" >
        #desCuerpo:VARCHAR#
      </isNotNull>
      <isNotNull prepend="," property="codEstado" >
        #codEstado:INTEGER#
      </isNotNull>
      <isNotNull prepend="," property="indElim" >
        #indElim:BIT#
      </isNotNull>
      <isNotNull prepend="," property="fecCrea" >
        #fecCrea:TIMESTAMP#
      </isNotNull>
      <isNotNull prepend="," property="codUsucrea" >
        #codUsucrea:VARCHAR#
      </isNotNull>
      <isNotNull prepend="," property="fecMod" >
        #fecMod:TIMESTAMP#
      </isNotNull>
      <isNotNull prepend="," property="codUsumod" >
        #codUsumod:VARCHAR#
      </isNotNull>
      )
    </dynamic>
  </insert>
  
  <select id="countByExample" parameterClass="pe.gob.sunat.tecnologia2.servicio.ayni.model.PlantillaCorreoExample" resultClass="java.lang.Integer" >
    select count(*) from t014plantilla_correo
    <include refid="t014plantilla_correo.Example_Where_Clause" />
  </select>
  
  <update id="updateByExampleSelective" >
    update t014plantilla_correo
    <dynamic prepend="set" >
      <isNotNull prepend="," property="record.codPlantilla" >
        cod_plantilla = #record.codPlantilla:INTEGER#
      </isNotNull>
      <isNotNull prepend="," property="record.desAsunto" >
        des_asunto = #record.desAsunto:VARCHAR#
      </isNotNull>
      <isNotNull prepend="," property="record.desCuerpo" >
        des_cuerpo = #record.desCuerpo:VARCHAR#
      </isNotNull>
      <isNotNull prepend="," property="record.codEstado" >
        cod_estado = #record.codEstado:INTEGER#
      </isNotNull>
      <isNotNull prepend="," property="record.indElim" >
        ind_elim = #record.indElim:BIT#
      </isNotNull>
      <isNotNull prepend="," property="record.fecCrea" >
        fec_crea = #record.fecCrea:TIMESTAMP#
      </isNotNull>
      <isNotNull prepend="," property="record.codUsucrea" >
        cod_usucrea = #record.codUsucrea:VARCHAR#
      </isNotNull>
      <isNotNull prepend="," property="record.fecMod" >
        fec_mod = #record.fecMod:TIMESTAMP#
      </isNotNull>
      <isNotNull prepend="," property="record.codUsumod" >
        cod_usumod = #record.codUsumod:VARCHAR#
      </isNotNull>
    </dynamic>
    <isParameterPresent >
      <include refid="t014plantilla_correo.Example_Where_Clause" />
    </isParameterPresent>
  </update>
  
  <update id="updateByExample" >
    update t014plantilla_correo
    set cod_plantilla = #record.codPlantilla:INTEGER#,
      des_asunto = #record.desAsunto:VARCHAR#,
      des_cuerpo = #record.desCuerpo:VARCHAR#,
      cod_estado = #record.codEstado:INTEGER#,
      ind_elim = #record.indElim:BIT#,
      fec_crea = #record.fecCrea:TIMESTAMP#,
      cod_usucrea = #record.codUsucrea:VARCHAR#,
      fec_mod = #record.fecMod:TIMESTAMP#,
      cod_usumod = #record.codUsumod:VARCHAR#
    <isParameterPresent >
      <include refid="t014plantilla_correo.Example_Where_Clause" />
    </isParameterPresent>
  </update>
  
  <update id="updateByPrimaryKeySelective" parameterClass="pe.gob.sunat.tecnologia2.servicio.ayni.model.PlantillaCorreo" >
    update t014plantilla_correo
    <dynamic prepend="set" >
      <isNotNull prepend="," property="desAsunto" >
        des_asunto = #desAsunto:VARCHAR#
      </isNotNull>
      <isNotNull prepend="," property="desCuerpo" >
        des_cuerpo = #desCuerpo:VARCHAR#
      </isNotNull>
      <isNotNull prepend="," property="codEstado" >
        cod_estado = #codEstado:INTEGER#
      </isNotNull>
      <isNotNull prepend="," property="indElim" >
        ind_elim = #indElim:BIT#
      </isNotNull>
      <isNotNull prepend="," property="fecCrea" >
        fec_crea = #fecCrea:TIMESTAMP#
      </isNotNull>
      <isNotNull prepend="," property="codUsucrea" >
        cod_usucrea = #codUsucrea:VARCHAR#
      </isNotNull>
      <isNotNull prepend="," property="fecMod" >
        fec_mod = #fecMod:TIMESTAMP#
      </isNotNull>
      <isNotNull prepend="," property="codUsumod" >
        cod_usumod = #codUsumod:VARCHAR#
      </isNotNull>
    </dynamic>
    where cod_plantilla = #codPlantilla:INTEGER#
  </update>
  
  <update id="updateByPrimaryKey" parameterClass="pe.gob.sunat.tecnologia2.servicio.ayni.model.PlantillaCorreo" >
    update t014plantilla_correo
    set des_asunto = #desAsunto:VARCHAR#,
      des_cuerpo = #desCuerpo:VARCHAR#,
      cod_estado = #codEstado:INTEGER#,
      ind_elim = #indElim:BIT#,
      fec_crea = #fecCrea:TIMESTAMP#,
      cod_usucrea = #codUsucrea:VARCHAR#,
      fec_mod = #fecMod:TIMESTAMP#,
      cod_usumod = #codUsumod:VARCHAR#
    where cod_plantilla = #codPlantilla:INTEGER#
  </update>
  
</sqlMap>