<?xml version="1.0" encoding="UTF-8" ?>
<!DOCTYPE sqlMap PUBLIC "-//ibatis.apache.org//DTD SQL Map 2.0//EN" "http://ibatis.apache.org/dtd/sql-map-2.dtd" >
<sqlMap namespace="t015notif_correo" >
  <resultMap id="BaseResultMap" class="pe.gob.sunat.tecnologia2.servicio.ayni.model.NotificacionCorreo" >
    <result column="cod_noti_correo" property="codNotiCorreo" jdbcType="INTEGER" />
    <result column="cod_plantilla" property="codPlantilla" jdbcType="INTEGER" />
    <result column="des_data" property="desData" jdbcType="VARCHAR" />
    <result column="fec_envio" property="fecEnvio" jdbcType="TIMESTAMP" />
    <result column="cod_usu_dest" property="codUsuDest" jdbcType="INTEGER" />
    <result column="cod_estado" property="codEstado" jdbcType="CHAR" />
    <result column="fec_crea" property="fecCrea" jdbcType="TIMESTAMP" />
    <result column="cod_usucrea" property="codUsucrea" jdbcType="VARCHAR" />
    <result column="fec_mod" property="fecMod" jdbcType="TIMESTAMP" />
    <result column="cod_usumod" property="codUsumod" jdbcType="VARCHAR" />
  </resultMap>
  
  <sql id="Example_Where_Clause" >
    <iterate property="oredCriteria" conjunction="or" prepend="where" removeFirstPrepend="iterate" >
      <isEqual property="oredCriteria[].valid" compareValue="true" >
        (
        <iterate prepend="and" property="oredCriteria[].criteriaWithoutValue" conjunction="and" >
          $oredCriteria[].criteriaWithoutValue[]$
        </iterate>
        <iterate prepend="and" property="oredCriteria[].criteriaWithSingleValue" conjunction="and" >
          $oredCriteria[].criteriaWithSingleValue[].condition$
            #oredCriteria[].criteriaWithSingleValue[].value#
        </iterate>
        <iterate prepend="and" property="oredCriteria[].criteriaWithListValue" conjunction="and" >
          $oredCriteria[].criteriaWithListValue[].condition$
          <iterate property="oredCriteria[].criteriaWithListValue[].values" open="(" close=")" conjunction="," >
            #oredCriteria[].criteriaWithListValue[].values[]#
          </iterate>
        </iterate>
        <iterate prepend="and" property="oredCriteria[].criteriaWithBetweenValue" conjunction="and" >
          $oredCriteria[].criteriaWithBetweenValue[].condition$
          #oredCriteria[].criteriaWithBetweenValue[].values[0]# and
          #oredCriteria[].criteriaWithBetweenValue[].values[1]#
        </iterate>
        )
      </isEqual>
    </iterate>
  </sql>
  
  <select id="selectByExample" resultMap="BaseResultMap" parameterClass="pe.gob.sunat.tecnologia2.servicio.ayni.model.NotificacionCorreoExample" >
    select cod_noti_correo, cod_plantilla, des_data, fec_envio, cod_usu_dest, cod_estado, fec_crea,
      cod_usucrea, fec_mod, cod_usumod
    from t015notif_correo
    <isParameterPresent >
      <include refid="t015notif_correo.Example_Where_Clause" />
      <isNotNull property="orderByClause" >
        order by $orderByClause$
      </isNotNull>
    </isParameterPresent>
  </select>
  
  <select id="selectByPrimaryKey" resultMap="BaseResultMap" parameterClass="pe.gob.sunat.tecnologia2.servicio.ayni.model.NotificacionCorreo" >
    select cod_noti_correo, cod_plantilla, des_data, fec_envio, cod_usu_dest, cod_estado, fec_crea,
      cod_usucrea, fec_mod, cod_usumod
    from t015notif_correo
    where cod_noti_correo = #codNotiCorreo:INTEGER#
  </select>
  
  <delete id="deleteByPrimaryKey" parameterClass="pe.gob.sunat.tecnologia2.servicio.ayni.model.NotificacionCorreo" >
    delete from t015notif_correo
    where cod_noti_correo = #codNotiCorreo:INTEGER#
  </delete>
  
  <delete id="deleteByExample" parameterClass="pe.gob.sunat.tecnologia2.servicio.ayni.model.NotificacionCorreoExample" >
    delete from t015notif_correo
    <include refid="t015notif_correo.Example_Where_Clause" />
  </delete>
  
  <insert id="insert" parameterClass="pe.gob.sunat.tecnologia2.servicio.ayni.model.NotificacionCorreo" >
    insert into t015notif_correo (cod_noti_correo, cod_plantilla, des_data, fec_envio, cod_usu_dest,
      cod_estado, fec_crea, cod_usucrea, fec_mod, cod_usumod)
    values (#codNotiCorreo:INTEGER#, #codPlantilla:INTEGER#, #desData:VARCHAR#,
      #fecEnvio:TIMESTAMP#, #codUsuDest:INTEGER#, #codEstado:CHAR#, #fecCrea:TIMESTAMP#,
      #codUsucrea:VARCHAR#, #fecMod:TIMESTAMP#, #codUsumod:VARCHAR#)
  </insert>
  
  <insert id="insertSelective" parameterClass="pe.gob.sunat.tecnologia2.servicio.ayni.model.NotificacionCorreo" >
    insert into t015notif_correo
    <dynamic prepend="(" >
      <isNotNull prepend="," property="codNotiCorreo" >
        cod_noti_correo
      </isNotNull>
      <isNotNull prepend="," property="codPlantilla" >
        cod_plantilla
      </isNotNull>
      <isNotNull prepend="," property="desData" >
        des_data
      </isNotNull>
      <isNotNull prepend="," property="fecEnvio" >
        fec_envio
      </isNotNull>
      <isNotNull prepend="," property="codUsuDest" >
        cod_usu_dest
      </isNotNull>
      <isNotNull prepend="," property="codEstado" >
        cod_estado
      </isNotNull>
      <isNotNull prepend="," property="fecCrea" >
        fec_crea
      </isNotNull>
      <isNotNull prepend="," property="codUsucrea" >
        cod_usucrea
      </isNotNull>
      <isNotNull prepend="," property="fecMod" >
        fec_mod
      </isNotNull>
      <isNotNull prepend="," property="codUsumod" >
        cod_usumod
      </isNotNull>
      )
    </dynamic>
    values
    <dynamic prepend="(" >
      <isNotNull prepend="," property="codNotiCorreo" >
        #codNotiCorreo:INTEGER#
      </isNotNull>
      <isNotNull prepend="," property="codPlantilla" >
        #codPlantilla:INTEGER#
      </isNotNull>
      <isNotNull prepend="," property="desData" >
        #desData:VARCHAR#
      </isNotNull>
      <isNotNull prepend="," property="fecEnvio" >
        #fecEnvio:TIMESTAMP#
      </isNotNull>
      <isNotNull prepend="," property="codUsuDest" >
        #codUsuDest:INTEGER#
      </isNotNull>
      <isNotNull prepend="," property="codEstado" >
        #codEstado:CHAR#
      </isNotNull>
      <isNotNull prepend="," property="fecCrea" >
        #fecCrea:TIMESTAMP#
      </isNotNull>
      <isNotNull prepend="," property="codUsucrea" >
        #codUsucrea:VARCHAR#
      </isNotNull>
      <isNotNull prepend="," property="fecMod" >
        #fecMod:TIMESTAMP#
      </isNotNull>
      <isNotNull prepend="," property="codUsumod" >
        #codUsumod:VARCHAR#
      </isNotNull>
      )
    </dynamic>
  </insert>
  
  <select id="countByExample" parameterClass="pe.gob.sunat.tecnologia2.servicio.ayni.model.NotificacionCorreoExample" resultClass="java.lang.Integer" >
    select count(*) from t015notif_correo
    <include refid="t015notif_correo.Example_Where_Clause" />
  </select>
  
  <update id="updateByExampleSelective" >
    update t015notif_correo
    <dynamic prepend="set" >
      <isNotNull prepend="," property="record.codNotiCorreo" >
        cod_noti_correo = #record.codNotiCorreo:INTEGER#
      </isNotNull>
      <isNotNull prepend="," property="record.codPlantilla" >
        cod_plantilla = #record.codPlantilla:INTEGER#
      </isNotNull>
      <isNotNull prepend="," property="record.desData" >
        des_data = #record.desData:VARCHAR#
      </isNotNull>
      <isNotNull prepend="," property="record.fecEnvio" >
        fec_envio = #record.fecEnvio:TIMESTAMP#
      </isNotNull>
      <isNotNull prepend="," property="record.codUsuDest" >
        cod_usu_dest = #record.codUsuDest:INTEGER#
      </isNotNull>
      <isNotNull prepend="," property="record.codEstado" >
        cod_estado = #record.codEstado:CHAR#
      </isNotNull>
      <isNotNull prepend="," property="record.fecCrea" >
        fec_crea = #record.fecCrea:TIMESTAMP#
      </isNotNull>
      <isNotNull prepend="," property="record.codUsucrea" >
        cod_usucrea = #record.codUsucrea:VARCHAR#
      </isNotNull>
      <isNotNull prepend="," property="record.fecMod" >
        fec_mod = #record.fecMod:TIMESTAMP#
      </isNotNull>
      <isNotNull prepend="," property="record.codUsumod" >
        cod_usumod = #record.codUsumod:VARCHAR#
      </isNotNull>
    </dynamic>
    <isParameterPresent >
      <include refid="t015notif_correo.Example_Where_Clause" />
    </isParameterPresent>
  </update>
  
  <update id="updateByExample" >
    update t015notif_correo
    set cod_noti_correo = #record.codNotiCorreo:INTEGER#,
      cod_plantilla = #record.codPlantilla:INTEGER#,
      des_data = #record.desData:VARCHAR#,
      fec_envio = #record.fecEnvio:TIMESTAMP#,
      cod_usu_dest = #record.codUsuDest:INTEGER#,
      cod_estado = #record.codEstado:CHAR#,
      fec_crea = #record.fecCrea:TIMESTAMP#,
      cod_usucrea = #record.codUsucrea:VARCHAR#,
      fec_mod = #record.fecMod:TIMESTAMP#,
      cod_usumod = #record.codUsumod:VARCHAR#
    <isParameterPresent >
      <include refid="t015notif_correo.Example_Where_Clause" />
    </isParameterPresent>
  </update>
  
  <update id="updateByPrimaryKeySelective" parameterClass="pe.gob.sunat.tecnologia2.servicio.ayni.model.NotificacionCorreo" >
    update t015notif_correo
    <dynamic prepend="set" >
      <isNotNull prepend="," property="codPlantilla" >
        cod_plantilla = #codPlantilla:INTEGER#
      </isNotNull>
      <isNotNull prepend="," property="desData" >
        des_data = #desData:VARCHAR#
      </isNotNull>
      <isNotNull prepend="," property="fecEnvio" >
        fec_envio = #fecEnvio:TIMESTAMP#
      </isNotNull>
      <isNotNull prepend="," property="codUsuDest" >
        cod_usu_dest = #codUsuDest:INTEGER#
      </isNotNull>
      <isNotNull prepend="," property="codEstado" >
        cod_estado = #codEstado:CHAR#
      </isNotNull>
      <isNotNull prepend="," property="fecCrea" >
        fec_crea = #fecCrea:TIMESTAMP#
      </isNotNull>
      <isNotNull prepend="," property="codUsucrea" >
        cod_usucrea = #codUsucrea:VARCHAR#
      </isNotNull>
      <isNotNull prepend="," property="fecMod" >
        fec_mod = #fecMod:TIMESTAMP#
      </isNotNull>
      <isNotNull prepend="," property="codUsumod" >
        cod_usumod = #codUsumod:VARCHAR#
      </isNotNull>
    </dynamic>
    where cod_noti_correo = #codNotiCorreo:INTEGER#
  </update>
  
  <update id="updateByPrimaryKey" parameterClass="pe.gob.sunat.tecnologia2.servicio.ayni.model.NotificacionCorreo" >
    update t015notif_correo
    set cod_plantilla = #codPlantilla:INTEGER#,
      des_data = #desData:VARCHAR#,
      fec_envio = #fecEnvio:TIMESTAMP#,
      cod_usu_dest = #codUsuDest:INTEGER#,
      cod_estado = #codEstado:CHAR#,
      fec_crea = #fecCrea:TIMESTAMP#,
      cod_usucrea = #codUsucrea:VARCHAR#,
      fec_mod = #fecMod:TIMESTAMP#,
      cod_usumod = #codUsumod:VARCHAR#
    where cod_noti_correo = #codNotiCorreo:INTEGER#
  </update>
  
</sqlMap>