<?xml version="1.0" encoding="UTF-8" ?>
<!DOCTYPE sqlMap PUBLIC "-//ibatis.apache.org//DTD SQL Map 2.0//EN" "http://ibatis.apache.org/dtd/sql-map-2.dtd" >
<sqlMap namespace="t016servicio" >
  <resultMap id="BaseResultMap" class="pe.gob.sunat.tecnologia2.servicio.ayni.model.Servicio" >
    <result column="cod_servicio" property="codServicio" jdbcType="INTEGER" />
    <result column="fec_ini_serv" property="fecIniServ" jdbcType="TIMESTAMP" />
    <result column="fec_fin_serv" property="fecFinServ" jdbcType="TIMESTAMP" />
    <result column="cod_estado" property="codEstado" jdbcType="INTEGER" />
    <result column="cod_experto" property="codExperto" jdbcType="INTEGER" />
    <result column="cod_usu_clien" property="codUsuClien" jdbcType="INTEGER" />
    <result column="num_calif_clien" property="numCalifClien" jdbcType="INTEGER" />
    <result column="des_coment" property="desComent" jdbcType="VARCHAR" />
    <result column="ind_elim" property="indElim" jdbcType="BIT" />
    <result column="fec_crea" property="fecCrea" jdbcType="TIMESTAMP" />
    <result column="cod_usucrea" property="codUsucrea" jdbcType="VARCHAR" />
    <result column="fec_mod" property="fecMod" jdbcType="TIMESTAMP" />
    <result column="cod_usumod" property="codUsumod" jdbcType="VARCHAR" />
  </resultMap>
  
  <sql id="Example_Where_Clause" >
    <iterate property="oredCriteria" conjunction="or" prepend="where" removeFirstPrepend="iterate" >
      <isEqual property="oredCriteria[].valid" compareValue="true" >
        (
        <iterate prepend="and" property="oredCriteria[].criteriaWithoutValue" conjunction="and" >
          $oredCriteria[].criteriaWithoutValue[]$
        </iterate>
        <iterate prepend="and" property="oredCriteria[].criteriaWithSingleValue" conjunction="and" >
          $oredCriteria[].criteriaWithSingleValue[].condition$
            #oredCriteria[].criteriaWithSingleValue[].value#
        </iterate>
        <iterate prepend="and" property="oredCriteria[].criteriaWithListValue" conjunction="and" >
          $oredCriteria[].criteriaWithListValue[].condition$
          <iterate property="oredCriteria[].criteriaWithListValue[].values" open="(" close=")" conjunction="," >
            #oredCriteria[].criteriaWithListValue[].values[]#
          </iterate>
        </iterate>
        <iterate prepend="and" property="oredCriteria[].criteriaWithBetweenValue" conjunction="and" >
          $oredCriteria[].criteriaWithBetweenValue[].condition$
          #oredCriteria[].criteriaWithBetweenValue[].values[0]# and
          #oredCriteria[].criteriaWithBetweenValue[].values[1]#
        </iterate>
        )
      </isEqual>
    </iterate>
  </sql>
  
  <select id="selectByExample" resultMap="BaseResultMap" parameterClass="pe.gob.sunat.tecnologia2.servicio.ayni.model.ServicioExample" >
    select cod_servicio, fec_ini_serv, fec_fin_serv, cod_estado, cod_experto, cod_usu_clien,
      num_calif_clien, des_coment, ind_elim, fec_crea, cod_usucrea, fec_mod, cod_usumod
    from t016servicio
    <isParameterPresent >
      <include refid="t016servicio.Example_Where_Clause" />
      <isNotNull property="orderByClause" >
        order by $orderByClause$
      </isNotNull>
    </isParameterPresent>
  </select>
  
  <select id="selectByPrimaryKey" resultMap="BaseResultMap" parameterClass="pe.gob.sunat.tecnologia2.servicio.ayni.model.Servicio" >
    select cod_servicio, fec_ini_serv, fec_fin_serv, cod_estado, cod_experto, cod_usu_clien,
      num_calif_clien, des_coment, ind_elim, fec_crea, cod_usucrea, fec_mod, cod_usumod
    from t016servicio
    where cod_servicio = #codServicio:INTEGER#
  </select>
  
  <delete id="deleteByPrimaryKey" parameterClass="pe.gob.sunat.tecnologia2.servicio.ayni.model.Servicio" >
    delete from t016servicio
    where cod_servicio = #codServicio:INTEGER#
  </delete>
  
  <delete id="deleteByExample" parameterClass="pe.gob.sunat.tecnologia2.servicio.ayni.model.ServicioExample" >
    delete from t016servicio
    <include refid="t016servicio.Example_Where_Clause" />
  </delete>
  
  <insert id="insert" parameterClass="pe.gob.sunat.tecnologia2.servicio.ayni.model.Servicio" >
    insert into t016servicio (cod_servicio, fec_ini_serv, fec_fin_serv, cod_estado, cod_experto,
      cod_usu_clien, num_calif_clien, des_coment, ind_elim, fec_crea, cod_usucrea, fec_mod,
      cod_usumod)
    values (#codServicio:INTEGER#, #fecIniServ:TIMESTAMP#, #fecFinServ:TIMESTAMP#,
      #codEstado:INTEGER#, #codExperto:INTEGER#, #codUsuClien:INTEGER#, #numCalifClien:INTEGER#,
      #desComent:VARCHAR#, #indElim:BIT#, #fecCrea:TIMESTAMP#, #codUsucrea:VARCHAR#,
      #fecMod:TIMESTAMP#, #codUsumod:VARCHAR#)
  </insert>
  
  <insert id="insertSelective" parameterClass="pe.gob.sunat.tecnologia2.servicio.ayni.model.Servicio" >
    insert into t016servicio
    <dynamic prepend="(" >
      <isNotNull prepend="," property="codServicio" >
        cod_servicio
      </isNotNull>
      <isNotNull prepend="," property="fecIniServ" >
        fec_ini_serv
      </isNotNull>
      <isNotNull prepend="," property="fecFinServ" >
        fec_fin_serv
      </isNotNull>
      <isNotNull prepend="," property="codEstado" >
        cod_estado
      </isNotNull>
      <isNotNull prepend="," property="codExperto" >
        cod_experto
      </isNotNull>
      <isNotNull prepend="," property="codUsuClien" >
        cod_usu_clien
      </isNotNull>
      <isNotNull prepend="," property="numCalifClien" >
        num_calif_clien
      </isNotNull>
      <isNotNull prepend="," property="desComent" >
        des_coment
      </isNotNull>
      <isNotNull prepend="," property="indElim" >
        ind_elim
      </isNotNull>
      <isNotNull prepend="," property="fecCrea" >
        fec_crea
      </isNotNull>
      <isNotNull prepend="," property="codUsucrea" >
        cod_usucrea
      </isNotNull>
      <isNotNull prepend="," property="fecMod" >
        fec_mod
      </isNotNull>
      <isNotNull prepend="," property="codUsumod" >
        cod_usumod
      </isNotNull>
      )
    </dynamic>
    values
    <dynamic prepend="(" >
      <isNotNull prepend="," property="codServicio" >
        #codServicio:INTEGER#
      </isNotNull>
      <isNotNull prepend="," property="fecIniServ" >
        #fecIniServ:TIMESTAMP#
      </isNotNull>
      <isNotNull prepend="," property="fecFinServ" >
        #fecFinServ:TIMESTAMP#
      </isNotNull>
      <isNotNull prepend="," property="codEstado" >
        #codEstado:INTEGER#
      </isNotNull>
      <isNotNull prepend="," property="codExperto" >
        #codExperto:INTEGER#
      </isNotNull>
      <isNotNull prepend="," property="codUsuClien" >
        #codUsuClien:INTEGER#
      </isNotNull>
      <isNotNull prepend="," property="numCalifClien" >
        #numCalifClien:INTEGER#
      </isNotNull>
      <isNotNull prepend="," property="desComent" >
        #desComent:VARCHAR#
      </isNotNull>
      <isNotNull prepend="," property="indElim" >
        #indElim:BIT#
      </isNotNull>
      <isNotNull prepend="," property="fecCrea" >
        #fecCrea:TIMESTAMP#
      </isNotNull>
      <isNotNull prepend="," property="codUsucrea" >
        #codUsucrea:VARCHAR#
      </isNotNull>
      <isNotNull prepend="," property="fecMod" >
        #fecMod:TIMESTAMP#
      </isNotNull>
      <isNotNull prepend="," property="codUsumod" >
        #codUsumod:VARCHAR#
      </isNotNull>
      )
    </dynamic>
  </insert>
  
  <select id="countByExample" parameterClass="pe.gob.sunat.tecnologia2.servicio.ayni.model.ServicioExample" resultClass="java.lang.Integer" >
    select count(*) from t016servicio
    <include refid="t016servicio.Example_Where_Clause" />
  </select>
  
  <update id="updateByExampleSelective" >
    update t016servicio
    <dynamic prepend="set" >
      <isNotNull prepend="," property="record.codServicio" >
        cod_servicio = #record.codServicio:INTEGER#
      </isNotNull>
      <isNotNull prepend="," property="record.fecIniServ" >
        fec_ini_serv = #record.fecIniServ:TIMESTAMP#
      </isNotNull>
      <isNotNull prepend="," property="record.fecFinServ" >
        fec_fin_serv = #record.fecFinServ:TIMESTAMP#
      </isNotNull>
      <isNotNull prepend="," property="record.codEstado" >
        cod_estado = #record.codEstado:INTEGER#
      </isNotNull>
      <isNotNull prepend="," property="record.codExperto" >
        cod_experto = #record.codExperto:INTEGER#
      </isNotNull>
      <isNotNull prepend="," property="record.codUsuClien" >
        cod_usu_clien = #record.codUsuClien:INTEGER#
      </isNotNull>
      <isNotNull prepend="," property="record.numCalifClien" >
        num_calif_clien = #record.numCalifClien:INTEGER#
      </isNotNull>
      <isNotNull prepend="," property="record.desComent" >
        des_coment = #record.desComent:VARCHAR#
      </isNotNull>
      <isNotNull prepend="," property="record.indElim" >
        ind_elim = #record.indElim:BIT#
      </isNotNull>
      <isNotNull prepend="," property="record.fecCrea" >
        fec_crea = #record.fecCrea:TIMESTAMP#
      </isNotNull>
      <isNotNull prepend="," property="record.codUsucrea" >
        cod_usucrea = #record.codUsucrea:VARCHAR#
      </isNotNull>
      <isNotNull prepend="," property="record.fecMod" >
        fec_mod = #record.fecMod:TIMESTAMP#
      </isNotNull>
      <isNotNull prepend="," property="record.codUsumod" >
        cod_usumod = #record.codUsumod:VARCHAR#
      </isNotNull>
    </dynamic>
    <isParameterPresent >
      <include refid="t016servicio.Example_Where_Clause" />
    </isParameterPresent>
  </update>
  
  <update id="updateByExample" >
    update t016servicio
    set cod_servicio = #record.codServicio:INTEGER#,
      fec_ini_serv = #record.fecIniServ:TIMESTAMP#,
      fec_fin_serv = #record.fecFinServ:TIMESTAMP#,
      cod_estado = #record.codEstado:INTEGER#,
      cod_experto = #record.codExperto:INTEGER#,
      cod_usu_clien = #record.codUsuClien:INTEGER#,
      num_calif_clien = #record.numCalifClien:INTEGER#,
      des_coment = #record.desComent:VARCHAR#,
      ind_elim = #record.indElim:BIT#,
      fec_crea = #record.fecCrea:TIMESTAMP#,
      cod_usucrea = #record.codUsucrea:VARCHAR#,
      fec_mod = #record.fecMod:TIMESTAMP#,
      cod_usumod = #record.codUsumod:VARCHAR#
    <isParameterPresent >
      <include refid="t016servicio.Example_Where_Clause" />
    </isParameterPresent>
  </update>
  
  <update id="updateByPrimaryKeySelective" parameterClass="pe.gob.sunat.tecnologia2.servicio.ayni.model.Servicio" >
    update t016servicio
    <dynamic prepend="set" >
      <isNotNull prepend="," property="fecIniServ" >
        fec_ini_serv = #fecIniServ:TIMESTAMP#
      </isNotNull>
      <isNotNull prepend="," property="fecFinServ" >
        fec_fin_serv = #fecFinServ:TIMESTAMP#
      </isNotNull>
      <isNotNull prepend="," property="codEstado" >
        cod_estado = #codEstado:INTEGER#
      </isNotNull>
      <isNotNull prepend="," property="codExperto" >
        cod_experto = #codExperto:INTEGER#
      </isNotNull>
      <isNotNull prepend="," property="codUsuClien" >
        cod_usu_clien = #codUsuClien:INTEGER#
      </isNotNull>
      <isNotNull prepend="," property="numCalifClien" >
        num_calif_clien = #numCalifClien:INTEGER#
      </isNotNull>
      <isNotNull prepend="," property="desComent" >
        des_coment = #desComent:VARCHAR#
      </isNotNull>
      <isNotNull prepend="," property="indElim" >
        ind_elim = #indElim:BIT#
      </isNotNull>
      <isNotNull prepend="," property="fecCrea" >
        fec_crea = #fecCrea:TIMESTAMP#
      </isNotNull>
      <isNotNull prepend="," property="codUsucrea" >
        cod_usucrea = #codUsucrea:VARCHAR#
      </isNotNull>
      <isNotNull prepend="," property="fecMod" >
        fec_mod = #fecMod:TIMESTAMP#
      </isNotNull>
      <isNotNull prepend="," property="codUsumod" >
        cod_usumod = #codUsumod:VARCHAR#
      </isNotNull>
    </dynamic>
    where cod_servicio = #codServicio:INTEGER#
  </update>
  
  <update id="updateByPrimaryKey" parameterClass="pe.gob.sunat.tecnologia2.servicio.ayni.model.Servicio" >
    update t016servicio
    set fec_ini_serv = #fecIniServ:TIMESTAMP#,
      fec_fin_serv = #fecFinServ:TIMESTAMP#,
      cod_estado = #codEstado:INTEGER#,
      cod_experto = #codExperto:INTEGER#,
      cod_usu_clien = #codUsuClien:INTEGER#,
      num_calif_clien = #numCalifClien:INTEGER#,
      des_coment = #desComent:VARCHAR#,
      ind_elim = #indElim:BIT#,
      fec_crea = #fecCrea:TIMESTAMP#,
      cod_usucrea = #codUsucrea:VARCHAR#,
      fec_mod = #fecMod:TIMESTAMP#,
      cod_usumod = #codUsumod:VARCHAR#
    where cod_servicio = #codServicio:INTEGER#
  </update>
  
</sqlMap>