<?xml version="1.0" encoding="UTF-8" ?>
<!DOCTYPE sqlMap PUBLIC "-//ibatis.apache.org//DTD SQL Map 2.0//EN" "http://ibatis.apache.org/dtd/sql-map-2.dtd" >
<sqlMap namespace="t017archivo_serv" >
  <resultMap id="BaseResultMap" class="pe.gob.sunat.tecnologia2.servicio.ayni.model.ArchivoServicio" >
    <result column="cod_arch_serv" property="codArchServ" jdbcType="INTEGER" />
    <result column="cod_servicio" property="codServicio" jdbcType="INTEGER" />
    <result column="cod_archivo" property="codArchivo" jdbcType="INTEGER" />
    <result column="ind_elim" property="indElim" jdbcType="BIT" />
    <result column="fec_crea" property="fecCrea" jdbcType="TIMESTAMP" />
    <result column="cod_usucrea" property="codUsucrea" jdbcType="VARCHAR" />
    <result column="fec_mod" property="fecMod" jdbcType="TIMESTAMP" />
    <result column="cod_usumod" property="codUsumod" jdbcType="VARCHAR" />
  </resultMap>
  
  <sql id="Example_Where_Clause" >
    <iterate property="oredCriteria" conjunction="or" prepend="where" removeFirstPrepend="iterate" >
      <isEqual property="oredCriteria[].valid" compareValue="true" >
        (
        <iterate prepend="and" property="oredCriteria[].criteriaWithoutValue" conjunction="and" >
          $oredCriteria[].criteriaWithoutValue[]$
        </iterate>
        <iterate prepend="and" property="oredCriteria[].criteriaWithSingleValue" conjunction="and" >
          $oredCriteria[].criteriaWithSingleValue[].condition$
            #oredCriteria[].criteriaWithSingleValue[].value#
        </iterate>
        <iterate prepend="and" property="oredCriteria[].criteriaWithListValue" conjunction="and" >
          $oredCriteria[].criteriaWithListValue[].condition$
          <iterate property="oredCriteria[].criteriaWithListValue[].values" open="(" close=")" conjunction="," >
            #oredCriteria[].criteriaWithListValue[].values[]#
          </iterate>
        </iterate>
        <iterate prepend="and" property="oredCriteria[].criteriaWithBetweenValue" conjunction="and" >
          $oredCriteria[].criteriaWithBetweenValue[].condition$
          #oredCriteria[].criteriaWithBetweenValue[].values[0]# and
          #oredCriteria[].criteriaWithBetweenValue[].values[1]#
        </iterate>
        )
      </isEqual>
    </iterate>
  </sql>
  
  <select id="selectByExample" resultMap="BaseResultMap" parameterClass="pe.gob.sunat.tecnologia2.servicio.ayni.model.ArchivoServicioExample" >
    select cod_arch_serv, cod_servicio, cod_archivo, ind_elim, fec_crea, cod_usucrea, fec_mod,
      cod_usumod
    from t017archivo_serv
    <isParameterPresent >
      <include refid="t017archivo_serv.Example_Where_Clause" />
      <isNotNull property="orderByClause" >
        order by $orderByClause$
      </isNotNull>
    </isParameterPresent>
  </select>
  
  <select id="selectByPrimaryKey" resultMap="BaseResultMap" parameterClass="pe.gob.sunat.tecnologia2.servicio.ayni.model.ArchivoServicio" >
    select cod_arch_serv, cod_servicio, cod_archivo, ind_elim, fec_crea, cod_usucrea, fec_mod,
      cod_usumod
    from t017archivo_serv
    where cod_arch_serv = #codArchServ:INTEGER#
  </select>
  
  <delete id="deleteByPrimaryKey" parameterClass="pe.gob.sunat.tecnologia2.servicio.ayni.model.ArchivoServicio" >
    delete from t017archivo_serv
    where cod_arch_serv = #codArchServ:INTEGER#
  </delete>
  
  <delete id="deleteByExample" parameterClass="pe.gob.sunat.tecnologia2.servicio.ayni.model.ArchivoServicioExample" >
    delete from t017archivo_serv
    <include refid="t017archivo_serv.Example_Where_Clause" />
  </delete>
  
  <insert id="insert" parameterClass="pe.gob.sunat.tecnologia2.servicio.ayni.model.ArchivoServicio" >
    insert into t017archivo_serv (cod_arch_serv, cod_servicio, cod_archivo, ind_elim, fec_crea,
      cod_usucrea, fec_mod, cod_usumod)
    values (#codArchServ:INTEGER#, #codServicio:INTEGER#, #codArchivo:INTEGER#, #indElim:BIT#,
      #fecCrea:TIMESTAMP#, #codUsucrea:VARCHAR#, #fecMod:TIMESTAMP#, #codUsumod:VARCHAR#)
  </insert>
  
  <insert id="insertSelective" parameterClass="pe.gob.sunat.tecnologia2.servicio.ayni.model.ArchivoServicio" >
    insert into t017archivo_serv
    <dynamic prepend="(" >
      <isNotNull prepend="," property="codArchServ" >
        cod_arch_serv
      </isNotNull>
      <isNotNull prepend="," property="codServicio" >
        cod_servicio
      </isNotNull>
      <isNotNull prepend="," property="codArchivo" >
        cod_archivo
      </isNotNull>
      <isNotNull prepend="," property="indElim" >
        ind_elim
      </isNotNull>
      <isNotNull prepend="," property="fecCrea" >
        fec_crea
      </isNotNull>
      <isNotNull prepend="," property="codUsucrea" >
        cod_usucrea
      </isNotNull>
      <isNotNull prepend="," property="fecMod" >
        fec_mod
      </isNotNull>
      <isNotNull prepend="," property="codUsumod" >
        cod_usumod
      </isNotNull>
      )
    </dynamic>
    values
    <dynamic prepend="(" >
      <isNotNull prepend="," property="codArchServ" >
        #codArchServ:INTEGER#
      </isNotNull>
      <isNotNull prepend="," property="codServicio" >
        #codServicio:INTEGER#
      </isNotNull>
      <isNotNull prepend="," property="codArchivo" >
        #codArchivo:INTEGER#
      </isNotNull>
      <isNotNull prepend="," property="indElim" >
        #indElim:BIT#
      </isNotNull>
      <isNotNull prepend="," property="fecCrea" >
        #fecCrea:TIMESTAMP#
      </isNotNull>
      <isNotNull prepend="," property="codUsucrea" >
        #codUsucrea:VARCHAR#
      </isNotNull>
      <isNotNull prepend="," property="fecMod" >
        #fecMod:TIMESTAMP#
      </isNotNull>
      <isNotNull prepend="," property="codUsumod" >
        #codUsumod:VARCHAR#
      </isNotNull>
      )
    </dynamic>
  </insert>
  
  <select id="countByExample" parameterClass="pe.gob.sunat.tecnologia2.servicio.ayni.model.ArchivoServicioExample" resultClass="java.lang.Integer" >
    select count(*) from t017archivo_serv
    <include refid="t017archivo_serv.Example_Where_Clause" />
  </select>
  
  <update id="updateByExampleSelective" >
    update t017archivo_serv
    <dynamic prepend="set" >
      <isNotNull prepend="," property="record.codArchServ" >
        cod_arch_serv = #record.codArchServ:INTEGER#
      </isNotNull>
      <isNotNull prepend="," property="record.codServicio" >
        cod_servicio = #record.codServicio:INTEGER#
      </isNotNull>
      <isNotNull prepend="," property="record.codArchivo" >
        cod_archivo = #record.codArchivo:INTEGER#
      </isNotNull>
      <isNotNull prepend="," property="record.indElim" >
        ind_elim = #record.indElim:BIT#
      </isNotNull>
      <isNotNull prepend="," property="record.fecCrea" >
        fec_crea = #record.fecCrea:TIMESTAMP#
      </isNotNull>
      <isNotNull prepend="," property="record.codUsucrea" >
        cod_usucrea = #record.codUsucrea:VARCHAR#
      </isNotNull>
      <isNotNull prepend="," property="record.fecMod" >
        fec_mod = #record.fecMod:TIMESTAMP#
      </isNotNull>
      <isNotNull prepend="," property="record.codUsumod" >
        cod_usumod = #record.codUsumod:VARCHAR#
      </isNotNull>
    </dynamic>
    <isParameterPresent >
      <include refid="t017archivo_serv.Example_Where_Clause" />
    </isParameterPresent>
  </update>
  
  <update id="updateByExample" >
    update t017archivo_serv
    set cod_arch_serv = #record.codArchServ:INTEGER#,
      cod_servicio = #record.codServicio:INTEGER#,
      cod_archivo = #record.codArchivo:INTEGER#,
      ind_elim = #record.indElim:BIT#,
      fec_crea = #record.fecCrea:TIMESTAMP#,
      cod_usucrea = #record.codUsucrea:VARCHAR#,
      fec_mod = #record.fecMod:TIMESTAMP#,
      cod_usumod = #record.codUsumod:VARCHAR#
    <isParameterPresent >
      <include refid="t017archivo_serv.Example_Where_Clause" />
    </isParameterPresent>
  </update>
  
  <update id="updateByPrimaryKeySelective" parameterClass="pe.gob.sunat.tecnologia2.servicio.ayni.model.ArchivoServicio" >
    update t017archivo_serv
    <dynamic prepend="set" >
      <isNotNull prepend="," property="codServicio" >
        cod_servicio = #codServicio:INTEGER#
      </isNotNull>
      <isNotNull prepend="," property="codArchivo" >
        cod_archivo = #codArchivo:INTEGER#
      </isNotNull>
      <isNotNull prepend="," property="indElim" >
        ind_elim = #indElim:BIT#
      </isNotNull>
      <isNotNull prepend="," property="fecCrea" >
        fec_crea = #fecCrea:TIMESTAMP#
      </isNotNull>
      <isNotNull prepend="," property="codUsucrea" >
        cod_usucrea = #codUsucrea:VARCHAR#
      </isNotNull>
      <isNotNull prepend="," property="fecMod" >
        fec_mod = #fecMod:TIMESTAMP#
      </isNotNull>
      <isNotNull prepend="," property="codUsumod" >
        cod_usumod = #codUsumod:VARCHAR#
      </isNotNull>
    </dynamic>
    where cod_arch_serv = #codArchServ:INTEGER#
  </update>
  
  <update id="updateByPrimaryKey" parameterClass="pe.gob.sunat.tecnologia2.servicio.ayni.model.ArchivoServicio" >
    update t017archivo_serv
    set cod_servicio = #codServicio:INTEGER#,
      cod_archivo = #codArchivo:INTEGER#,
      ind_elim = #indElim:BIT#,
      fec_crea = #fecCrea:TIMESTAMP#,
      cod_usucrea = #codUsucrea:VARCHAR#,
      fec_mod = #fecMod:TIMESTAMP#,
      cod_usumod = #codUsumod:VARCHAR#
    where cod_arch_serv = #codArchServ:INTEGER#
  </update>
  
</sqlMap>