<?xml version="1.0" encoding="UTF-8" ?>
<!DOCTYPE sqlMap PUBLIC "-//ibatis.apache.org//DTD SQL Map 2.0//EN" "http://ibatis.apache.org/dtd/sql-map-2.dtd" >
<sqlMap namespace="t018sesion" >
  <resultMap id="BaseResultMap" class="pe.gob.sunat.tecnologia2.servicio.ayni.model.Sesion" >
    <result column="cod_sesion" property="codSesion" jdbcType="INTEGER" />
    <result column="cod_usuario" property="codUsuario" jdbcType="INTEGER" />
    <result column="cod_tip_disp" property="codTipDisp" jdbcType="INTEGER" />
    <result column="fec_ini_ses" property="fecIniSes" jdbcType="TIMESTAMP" />
    <result column="num_lati" property="numLati" jdbcType="DECIMAL" />
    <result column="num_long" property="numLong" jdbcType="DECIMAL" />
    <result column="num_ip" property="numIp" jdbcType="VARCHAR" />
    <result column="fec_crea" property="fecCrea" jdbcType="TIMESTAMP" />
    <result column="cod_usucrea" property="codUsucrea" jdbcType="VARCHAR" />
    <result column="fec_mod" property="fecMod" jdbcType="TIMESTAMP" />
    <result column="cod_usumod" property="codUsumod" jdbcType="VARCHAR" />
  </resultMap>
  
  <sql id="Example_Where_Clause" >
    <iterate property="oredCriteria" conjunction="or" prepend="where" removeFirstPrepend="iterate" >
      <isEqual property="oredCriteria[].valid" compareValue="true" >
        (
        <iterate prepend="and" property="oredCriteria[].criteriaWithoutValue" conjunction="and" >
          $oredCriteria[].criteriaWithoutValue[]$
        </iterate>
        <iterate prepend="and" property="oredCriteria[].criteriaWithSingleValue" conjunction="and" >
          $oredCriteria[].criteriaWithSingleValue[].condition$
            #oredCriteria[].criteriaWithSingleValue[].value#
        </iterate>
        <iterate prepend="and" property="oredCriteria[].criteriaWithListValue" conjunction="and" >
          $oredCriteria[].criteriaWithListValue[].condition$
          <iterate property="oredCriteria[].criteriaWithListValue[].values" open="(" close=")" conjunction="," >
            #oredCriteria[].criteriaWithListValue[].values[]#
          </iterate>
        </iterate>
        <iterate prepend="and" property="oredCriteria[].criteriaWithBetweenValue" conjunction="and" >
          $oredCriteria[].criteriaWithBetweenValue[].condition$
          #oredCriteria[].criteriaWithBetweenValue[].values[0]# and
          #oredCriteria[].criteriaWithBetweenValue[].values[1]#
        </iterate>
        )
      </isEqual>
    </iterate>
  </sql>
  
  <select id="selectByExample" resultMap="BaseResultMap" parameterClass="pe.gob.sunat.tecnologia2.servicio.ayni.model.SesionExample" >
    select cod_sesion, cod_usuario, cod_tip_disp, fec_ini_ses, num_lati, num_long, num_ip, fec_crea,
      cod_usucrea, fec_mod, cod_usumod
    from t018sesion
    <isParameterPresent >
      <include refid="t018sesion.Example_Where_Clause" />
      <isNotNull property="orderByClause" >
        order by $orderByClause$
      </isNotNull>
    </isParameterPresent>
  </select>
  
  <select id="selectByPrimaryKey" resultMap="BaseResultMap" parameterClass="pe.gob.sunat.tecnologia2.servicio.ayni.model.Sesion" >
    select cod_sesion, cod_usuario, cod_tip_disp, fec_ini_ses, num_lati, num_long, num_ip, fec_crea,
      cod_usucrea, fec_mod, cod_usumod
    from t018sesion
    where cod_sesion = #codSesion:INTEGER#
  </select>
  
  <delete id="deleteByPrimaryKey" parameterClass="pe.gob.sunat.tecnologia2.servicio.ayni.model.Sesion" >
    delete from t018sesion
    where cod_sesion = #codSesion:INTEGER#
  </delete>
  
  <delete id="deleteByExample" parameterClass="pe.gob.sunat.tecnologia2.servicio.ayni.model.SesionExample" >
    delete from t018sesion
    <include refid="t018sesion.Example_Where_Clause" />
  </delete>
  
  <insert id="insert" parameterClass="pe.gob.sunat.tecnologia2.servicio.ayni.model.Sesion" >
    insert into t018sesion (cod_sesion, cod_usuario, cod_tip_disp, fec_ini_ses, num_lati, num_long,
      num_ip, fec_crea, cod_usucrea, fec_mod, cod_usumod)
    values (#codSesion:INTEGER#, #codUsuario:INTEGER#, #codTipDisp:INTEGER#, #fecIniSes:TIMESTAMP#,
      #numLati:DECIMAL#, #numLong:DECIMAL#, #numIp:VARCHAR#, #fecCrea:TIMESTAMP#,
      #codUsucrea:VARCHAR#, #fecMod:TIMESTAMP#, #codUsumod:VARCHAR#)
  </insert>
  
  <insert id="insertSelective" parameterClass="pe.gob.sunat.tecnologia2.servicio.ayni.model.Sesion" >
    insert into t018sesion
    <dynamic prepend="(" >
      <isNotNull prepend="," property="codSesion" >
        cod_sesion
      </isNotNull>
      <isNotNull prepend="," property="codUsuario" >
        cod_usuario
      </isNotNull>
      <isNotNull prepend="," property="codTipDisp" >
        cod_tip_disp
      </isNotNull>
      <isNotNull prepend="," property="fecIniSes" >
        fec_ini_ses
      </isNotNull>
      <isNotNull prepend="," property="numLati" >
        num_lati
      </isNotNull>
      <isNotNull prepend="," property="numLong" >
        num_long
      </isNotNull>
      <isNotNull prepend="," property="numIp" >
        num_ip
      </isNotNull>
      <isNotNull prepend="," property="fecCrea" >
        fec_crea
      </isNotNull>
      <isNotNull prepend="," property="codUsucrea" >
        cod_usucrea
      </isNotNull>
      <isNotNull prepend="," property="fecMod" >
        fec_mod
      </isNotNull>
      <isNotNull prepend="," property="codUsumod" >
        cod_usumod
      </isNotNull>
      )
    </dynamic>
    values
    <dynamic prepend="(" >
      <isNotNull prepend="," property="codSesion" >
        #codSesion:INTEGER#
      </isNotNull>
      <isNotNull prepend="," property="codUsuario" >
        #codUsuario:INTEGER#
      </isNotNull>
      <isNotNull prepend="," property="codTipDisp" >
        #codTipDisp:INTEGER#
      </isNotNull>
      <isNotNull prepend="," property="fecIniSes" >
        #fecIniSes:TIMESTAMP#
      </isNotNull>
      <isNotNull prepend="," property="numLati" >
        #numLati:DECIMAL#
      </isNotNull>
      <isNotNull prepend="," property="numLong" >
        #numLong:DECIMAL#
      </isNotNull>
      <isNotNull prepend="," property="numIp" >
        #numIp:VARCHAR#
      </isNotNull>
      <isNotNull prepend="," property="fecCrea" >
        #fecCrea:TIMESTAMP#
      </isNotNull>
      <isNotNull prepend="," property="codUsucrea" >
        #codUsucrea:VARCHAR#
      </isNotNull>
      <isNotNull prepend="," property="fecMod" >
        #fecMod:TIMESTAMP#
      </isNotNull>
      <isNotNull prepend="," property="codUsumod" >
        #codUsumod:VARCHAR#
      </isNotNull>
      )
    </dynamic>
  </insert>
  
  <select id="countByExample" parameterClass="pe.gob.sunat.tecnologia2.servicio.ayni.model.SesionExample" resultClass="java.lang.Integer" >
    select count(*) from t018sesion
    <include refid="t018sesion.Example_Where_Clause" />
  </select>
  
  <update id="updateByExampleSelective" >
    update t018sesion
    <dynamic prepend="set" >
      <isNotNull prepend="," property="record.codSesion" >
        cod_sesion = #record.codSesion:INTEGER#
      </isNotNull>
      <isNotNull prepend="," property="record.codUsuario" >
        cod_usuario = #record.codUsuario:INTEGER#
      </isNotNull>
      <isNotNull prepend="," property="record.codTipDisp" >
        cod_tip_disp = #record.codTipDisp:INTEGER#
      </isNotNull>
      <isNotNull prepend="," property="record.fecIniSes" >
        fec_ini_ses = #record.fecIniSes:TIMESTAMP#
      </isNotNull>
      <isNotNull prepend="," property="record.numLati" >
        num_lati = #record.numLati:DECIMAL#
      </isNotNull>
      <isNotNull prepend="," property="record.numLong" >
        num_long = #record.numLong:DECIMAL#
      </isNotNull>
      <isNotNull prepend="," property="record.numIp" >
        num_ip = #record.numIp:VARCHAR#
      </isNotNull>
      <isNotNull prepend="," property="record.fecCrea" >
        fec_crea = #record.fecCrea:TIMESTAMP#
      </isNotNull>
      <isNotNull prepend="," property="record.codUsucrea" >
        cod_usucrea = #record.codUsucrea:VARCHAR#
      </isNotNull>
      <isNotNull prepend="," property="record.fecMod" >
        fec_mod = #record.fecMod:TIMESTAMP#
      </isNotNull>
      <isNotNull prepend="," property="record.codUsumod" >
        cod_usumod = #record.codUsumod:VARCHAR#
      </isNotNull>
    </dynamic>
    <isParameterPresent >
      <include refid="t018sesion.Example_Where_Clause" />
    </isParameterPresent>
  </update>
  
  <update id="updateByExample" >
    update t018sesion
    set cod_sesion = #record.codSesion:INTEGER#,
      cod_usuario = #record.codUsuario:INTEGER#,
      cod_tip_disp = #record.codTipDisp:INTEGER#,
      fec_ini_ses = #record.fecIniSes:TIMESTAMP#,
      num_lati = #record.numLati:DECIMAL#,
      num_long = #record.numLong:DECIMAL#,
      num_ip = #record.numIp:VARCHAR#,
      fec_crea = #record.fecCrea:TIMESTAMP#,
      cod_usucrea = #record.codUsucrea:VARCHAR#,
      fec_mod = #record.fecMod:TIMESTAMP#,
      cod_usumod = #record.codUsumod:VARCHAR#
    <isParameterPresent >
      <include refid="t018sesion.Example_Where_Clause" />
    </isParameterPresent>
  </update>
  
  <update id="updateByPrimaryKeySelective" parameterClass="pe.gob.sunat.tecnologia2.servicio.ayni.model.Sesion" >
    update t018sesion
    <dynamic prepend="set" >
      <isNotNull prepend="," property="codUsuario" >
        cod_usuario = #codUsuario:INTEGER#
      </isNotNull>
      <isNotNull prepend="," property="codTipDisp" >
        cod_tip_disp = #codTipDisp:INTEGER#
      </isNotNull>
      <isNotNull prepend="," property="fecIniSes" >
        fec_ini_ses = #fecIniSes:TIMESTAMP#
      </isNotNull>
      <isNotNull prepend="," property="numLati" >
        num_lati = #numLati:DECIMAL#
      </isNotNull>
      <isNotNull prepend="," property="numLong" >
        num_long = #numLong:DECIMAL#
      </isNotNull>
      <isNotNull prepend="," property="numIp" >
        num_ip = #numIp:VARCHAR#
      </isNotNull>
      <isNotNull prepend="," property="fecCrea" >
        fec_crea = #fecCrea:TIMESTAMP#
      </isNotNull>
      <isNotNull prepend="," property="codUsucrea" >
        cod_usucrea = #codUsucrea:VARCHAR#
      </isNotNull>
      <isNotNull prepend="," property="fecMod" >
        fec_mod = #fecMod:TIMESTAMP#
      </isNotNull>
      <isNotNull prepend="," property="codUsumod" >
        cod_usumod = #codUsumod:VARCHAR#
      </isNotNull>
    </dynamic>
    where cod_sesion = #codSesion:INTEGER#
  </update>
  
  <update id="updateByPrimaryKey" parameterClass="pe.gob.sunat.tecnologia2.servicio.ayni.model.Sesion" >
    update t018sesion
    set cod_usuario = #codUsuario:INTEGER#,
      cod_tip_disp = #codTipDisp:INTEGER#,
      fec_ini_ses = #fecIniSes:TIMESTAMP#,
      num_lati = #numLati:DECIMAL#,
      num_long = #numLong:DECIMAL#,
      num_ip = #numIp:VARCHAR#,
      fec_crea = #fecCrea:TIMESTAMP#,
      cod_usucrea = #codUsucrea:VARCHAR#,
      fec_mod = #fecMod:TIMESTAMP#,
      cod_usumod = #codUsumod:VARCHAR#
    where cod_sesion = #codSesion:INTEGER#
  </update>
  
</sqlMap>