<?xml version="1.0" encoding="UTF-8"?>
<beans xmlns="http://www.springframework.org/schema/beans"
     xmlns:xsi="http://www.w3.org/2001/XMLSchema-instance"
     xmlns:context="http://www.springframework.org/schema/context"
     xmlns:jee="http://www.springframework.org/schema/jee"
     xsi:schemaLocation="http://www.springframework.org/schema/beans http://www.springframework.org/schema/beans/spring-beans-2.5.xsd
         http://www.springframework.org/schema/context http://www.springframework.org/schema/context/spring-context.xsd
         http://www.springframework.org/schema/jee http://www.springframework.org/schema/jee/spring-jee-2.5.xsd" default-lazy-init="true">

	<jee:jndi-lookup id="ayni.bdayniEscritura"    jndi-name="jdbc/dgbdayni" />

	<bean id="bdayni.configlocation" class="java.lang.String" >
		<constructor-arg value="classpath:sql-map-config-bdayni.xml"/>
	</bean>

	<bean id="ayni.bdayni.sqlMapClientEscritura" class="org.springframework.orm.ibatis.SqlMapClientFactoryBean">
		<property name="configLocation" ref="bdayni.configlocation" />
		<property name="dataSource" ref="ayni.bdayniEscritura" />
	</bean>

	<bean id="ayni.bdayniEscrituraBaseDAO" abstract="true">
		<property name="sqlMapClient" ref="ayni.bdayni.sqlMapClientEscritura"/>
		<property name="dataSource" ref="ayni.bdayniEscritura"/>
	</bean>

	<bean id="ayni.PersonaDAO" class="pe.gob.sunat.tecnologia2.servicio.ayni.model.dao.ibatis.SqlMapPersonaDAO" parent="ayni.bdayniEscrituraBaseDAO"/>
	<bean id="ayni.ExpertoDAO" class="pe.gob.sunat.tecnologia2.servicio.ayni.model.dao.ibatis.SqlMapExpertoDAO" parent="ayni.bdayniEscrituraBaseDAO"/>
	<bean id="ayni.EspecialidadDAO" class="pe.gob.sunat.tecnologia2.servicio.ayni.model.dao.ibatis.SqlMapEspecialidadDAO" parent="ayni.bdayniEscrituraBaseDAO"/>
	<bean id="ayni.ArchivoDAO" class="pe.gob.sunat.tecnologia2.servicio.ayni.model.dao.ibatis.SqlMapArchivoDAO" parent="ayni.bdayniEscrituraBaseDAO"/>
	<bean id="ayni.MensajeDAO" class="pe.gob.sunat.tecnologia2.servicio.ayni.model.dao.ibatis.SqlMapMensajeDAO" parent="ayni.bdayniEscrituraBaseDAO"/>
	<bean id="ayni.NotificacionMensajeDAO" class="pe.gob.sunat.tecnologia2.servicio.ayni.model.dao.ibatis.SqlMapNotificacionMensajeDAO" parent="ayni.bdayniEscrituraBaseDAO"/>
	<bean id="ayni.ArchivoExpertoDAO" class="pe.gob.sunat.tecnologia2.servicio.ayni.model.dao.ibatis.SqlMapArchivoExpertoDAO" parent="ayni.bdayniEscrituraBaseDAO"/>
	<bean id="ayni.ComentarioDAO" class="pe.gob.sunat.tecnologia2.servicio.ayni.model.dao.ibatis.SqlMapComentarioDAO" parent="ayni.bdayniEscrituraBaseDAO"/>
	<bean id="ayni.UsuarioDAO" class="pe.gob.sunat.tecnologia2.servicio.ayni.model.dao.ibatis.SqlMapUsuarioDAO" parent="ayni.bdayniEscrituraBaseDAO"/>
	<bean id="ayni.ParametroDAO" class="pe.gob.sunat.tecnologia2.servicio.ayni.model.dao.ibatis.SqlMapParametroDAO" parent="ayni.bdayniEscrituraBaseDAO"/>
	<bean id="ayni.UbigeoDAO" class="pe.gob.sunat.tecnologia2.servicio.ayni.model.dao.ibatis.SqlMapUbigeoDAO" parent="ayni.bdayniEscrituraBaseDAO"/>
	<bean id="ayni.MaestroParametroDAO" class="pe.gob.sunat.tecnologia2.servicio.ayni.model.dao.ibatis.SqlMapMaestroParametroDAO" parent="ayni.bdayniEscrituraBaseDAO"/>
	<bean id="ayni.DiccionarioDAO" class="pe.gob.sunat.tecnologia2.servicio.ayni.model.dao.ibatis.SqlMapDiccionarioDAO" parent="ayni.bdayniEscrituraBaseDAO"/>
	<bean id="ayni.PlantillaCorreoDAO" class="pe.gob.sunat.tecnologia2.servicio.ayni.model.dao.ibatis.SqlMapPlantillaCorreoDAO" parent="ayni.bdayniEscrituraBaseDAO"/>
	<bean id="ayni.NotificacionCorreoDAO" class="pe.gob.sunat.tecnologia2.servicio.ayni.model.dao.ibatis.SqlMapNotificacionCorreoDAO" parent="ayni.bdayniEscrituraBaseDAO"/>
	<bean id="ayni.ServicioDAO" class="pe.gob.sunat.tecnologia2.servicio.ayni.model.dao.ibatis.SqlMapServicioDAO" parent="ayni.bdayniEscrituraBaseDAO"/>
	<bean id="ayni.ArchivoServicioDAO" class="pe.gob.sunat.tecnologia2.servicio.ayni.model.dao.ibatis.SqlMapArchivoServicioDAO" parent="ayni.bdayniEscrituraBaseDAO"/>
	<bean id="ayni.SesionDAO" class="pe.gob.sunat.tecnologia2.servicio.ayni.model.dao.ibatis.SqlMapSesionDAO" parent="ayni.bdayniEscrituraBaseDAO"/>

</beans>