<?xml version="1.0" encoding="UTF-8"?>

<!DOCTYPE sqlMapConfig PUBLIC "-//iBATIS.com//DTD SQL Map Config 2.0//EN" "http://www.ibatis.com/dtd/sql-map-config-2.dtd">

<sqlMapConfig>
	<settings cacheModelsEnabled="true" enhancementEnabled="true" useStatementNamespaces="true" maxSessions="64" maxTransactions="8" maxRequests="128" />

	<sqlMap resource="pe/gob/sunat/tecnologia2/servicio/ayni/model/dao/ibatis/maps/t001persona.xml" />
	<sqlMap resource="pe/gob/sunat/tecnologia2/servicio/ayni/model/dao/ibatis/maps/t002experto.xml" />
	<sqlMap resource="pe/gob/sunat/tecnologia2/servicio/ayni/model/dao/ibatis/maps/t003especialidad.xml" />
	<sqlMap resource="pe/gob/sunat/tecnologia2/servicio/ayni/model/dao/ibatis/maps/t004archivo.xml" />
	<sqlMap resource="pe/gob/sunat/tecnologia2/servicio/ayni/model/dao/ibatis/maps/t005mensaje.xml" />
	<sqlMap resource="pe/gob/sunat/tecnologia2/servicio/ayni/model/dao/ibatis/maps/t006notif_mensaje.xml" />
	<sqlMap resource="pe/gob/sunat/tecnologia2/servicio/ayni/model/dao/ibatis/maps/t007archivo_expert.xml" />
	<sqlMap resource="pe/gob/sunat/tecnologia2/servicio/ayni/model/dao/ibatis/maps/t008comentario.xml" />
	<sqlMap resource="pe/gob/sunat/tecnologia2/servicio/ayni/model/dao/ibatis/maps/t009usuario.xml" />
	<sqlMap resource="pe/gob/sunat/tecnologia2/servicio/ayni/model/dao/ibatis/maps/t010parametro.xml" />
	<sqlMap resource="pe/gob/sunat/tecnologia2/servicio/ayni/model/dao/ibatis/maps/t011ubigeo.xml" />
	<sqlMap resource="pe/gob/sunat/tecnologia2/servicio/ayni/model/dao/ibatis/maps/t012maestro_param.xml" />
	<sqlMap resource="pe/gob/sunat/tecnologia2/servicio/ayni/model/dao/ibatis/maps/t013diccionario.xml" />
	<sqlMap resource="pe/gob/sunat/tecnologia2/servicio/ayni/model/dao/ibatis/maps/t014plantilla_correo.xml" />
	<sqlMap resource="pe/gob/sunat/tecnologia2/servicio/ayni/model/dao/ibatis/maps/t015notif_correo.xml" />
	<sqlMap resource="pe/gob/sunat/tecnologia2/servicio/ayni/model/dao/ibatis/maps/t016servicio.xml" />
	<sqlMap resource="pe/gob/sunat/tecnologia2/servicio/ayni/model/dao/ibatis/maps/t017archivo_serv.xml" />
	<sqlMap resource="pe/gob/sunat/tecnologia2/servicio/ayni/model/dao/ibatis/maps/t018sesion.xml" />

</sqlMapConfig>