<beans xmlns="http://www.springframework.org/schema/beans"
	xmlns:xsi="http://www.w3.org/2001/XMLSchema-instance"
	xmlns:context="http://www.springframework.org/schema/context"
	xsi:schemaLocation="http://www.springframework.org/schema/beans
		http://www.springframework.org/schema/beans/spring-beans.xsd
		http://www.springframework.org/schema/context
		http://www.springframework.org/schema/context/spring-context.xsd">

	<bean id="tecnologia2-servicio-ayni-backend.ear.context" class="org.springframework.context.support.ClassPathXmlApplicationContext">
		<constructor-arg>
			<list>
				<value>servicio-ayni-service.xml</value>
				<value>tecnologia2-servicio-service.xml</value>
			</list>
		</constructor-arg>
	</bean>

</beans>
