<?xml version="1.0" encoding="UTF-8"?>
<beans xmlns="http://www.springframework.org/schema/beans"
	xmlns:xsi="http://www.w3.org/2001/XMLSchema-instance"
	xmlns:context="http://www.springframework.org/schema/context"
	xmlns:mvc="http://www.springframework.org/schema/mvc"
	xsi:schemaLocation="http://www.springframework.org/schema/mvc http://www.springframework.org/schema/mvc/spring-mvc.xsd
		http://www.springframework.org/schema/beans http://www.springframework.org/schema/beans/spring-beans.xsd
		http://www.springframework.org/schema/context http://www.springframework.org/schema/context/spring-context.xsd">
    
    
	<!-- Para el uso de  Anotaciones Spring MVC @Controller -->
	<mvc:annotation-driven>
	    <mvc:message-converters register-defaults="true">
	        <bean class="org.springframework.http.converter.json.MappingJackson2HttpMessageConverter">
	            <property name="objectMapper">
	                <bean class="com.fasterxml.jackson.databind.ObjectMapper">
	                    <property name="serializationInclusion">
						    <!-- Para que el JsonMapper no devuelva atributos con valores nulos -->
	                        <value type="com.fasterxml.jackson.annotation.JsonInclude.Include">NON_NULL</value>
	                    </property>
	                </bean>
	            </property>
	        </bean>
	    </mvc:message-converters>
	</mvc:annotation-driven>
	<context:annotation-config />
	<!-- Escanear solo los paquetes correspondientes al Controller -->
	<context:component-scan base-package="pe.gob.sunat.recurso2.humano.seleccion.web.controller">
		<context:include-filter type="annotation" expression="pe.gob.sunat.recurso2.humano.seleccion.util.Internet"/>
		<context:exclude-filter type="annotation" expression="pe.gob.sunat.recurso2.humano.seleccion.util.Intranet"/>
	</context:component-scan>
	<context:property-placeholder location="classpath*:version.properties"/>
	
	<!-- 
	<mvc:interceptors>
		<mvc:interceptor>
			<mvc:mapping path="/registro/*"/>
			<mvc:mapping path="/bandeja/*"/>
			<bean class="pe.gob.sunat.recurso2.humano.seleccion.web.interceptor.UsuarioInterceptor" />
		</mvc:interceptor>
    </mvc:interceptors> 
    -->
	
	<mvc:resources location="/css/" mapping="/css/**" />
	<mvc:resources location="/js/" mapping="/js/**" />
	<mvc:resources location="/fonts/" mapping="/fonts/**" />
	
	<!-- View Resolvers html, json, xml -->
	<bean
		class="org.springframework.web.servlet.view.ContentNegotiatingViewResolver">
		<property name="mediaTypes">
			<map>
				<entry key="html" value="text/html"></entry>
				<entry key="json" value="application/json"></entry>
				<entry key="xml" value="application/xml"></entry>
				<entry key="text" value="text/plain"></entry>
			</map>
		</property>
		<property name="viewResolvers">
			<list>
				<bean class="org.springframework.web.servlet.view.UrlBasedViewResolver">
				    <property name="order" value="1"/>
					<property name="viewClass"
						value="org.springframework.web.servlet.view.JstlView"></property>
					<property name="prefix" value="/WEB-INF/jsp/"></property>
					<property name="suffix" value=".jsp"></property>
				</bean>
				<bean id="jsonView" class="org.springframework.web.servlet.view.XmlViewResolver">
					<property name="order" value="2"/>
					<property name="location" value="/WEB-INF/itseleccion-views.xml"/>
				</bean>
			</list>
		</property>
		<property name="defaultViews">
			<list>
				<bean
					class="org.springframework.web.servlet.view.json.MappingJackson2JsonView" />
			</list>
		</property>
	</bean>
	
	<bean id="uploadTempDirResource"
		class="org.springframework.core.io.FileSystemResource">
		<constructor-arg>
			<value>/data0/uploads/spring</value>
		</constructor-arg>
	</bean>
	
	<bean id="multipartResolver" class="org.springframework.web.multipart.commons.CommonsMultipartResolver">
		<property name="maxUploadSize" value="100000000"/> <!-- "5242880" -->
		<property name="uploadTempDir" ref="uploadTempDirResource"/>
		<property name="defaultEncoding" value="UTF-8" />
	</bean>
	
</beans>
